category,sku_tier,weight_oz,supplier_tier,region,quantity,moq,lead_time_days,days_since_last_buy,last_unit_price,supplier_ask,fair_unit_price
hoodie,mid,8.5,budget,CN,588,58,15,66,16.3,17.14,16.22
hoodie,basic,7.0,standard,US,79,12,41,228,14.01,16.87,13.65
hoodie,basic,7.0,premium,US,1454,195,24,93,14.34,16.25,14.35
hoodie,basic,7.0,budget,MX,113,22,41,77,11.06,13.03,11.07
hoodie,mid,8.5,standard,US,1789,200,19,49,19.22,22.08,20.01
hoodie,basic,7.0,budget,CN,1326,200,17,203,10.74,12.55,10.36
hoodie,mid,8.5,budget,CN,1325,111,22,97,16.29,17.25,15.67
hoodie,basic,7.0,standard,CN,139,13,9,175,12.11,15.91,12.63
hoodie,mid,8.5,standard,CN,460,83,32,343,18.55,20.13,18.13
hoodie,mid,8.5,premium,CN,842,103,15,274,21.35,25.42,20.37
hoodie,basic,7.0,budget,CN,1418,190,11,211,11.25,13.04,10.45
hoodie,basic,7.0,standard,US,1421,200,24,342,12.63,13.88,12.78
hoodie,basic,7.0,standard,CN,1498,153,39,105,12.58,13.85,11.87
hoodie,basic,7.0,standard,CN,355,56,40,14,12.29,13.05,12.13
hoodie,basic,7.0,premium,MX,1677,186,10,137,13.25,13.94,13.08
hoodie,mid,8.5,standard,US,287,52,42,98,22.37,24.14,21.04
hoodie,basic,7.0,standard,MX,1519,200,26,218,11.61,12.3,11.41
hoodie,basic,7.0,standard,US,1229,197,44,126,13.17,13.44,12.64
hoodie,basic,7.0,budget,CN,701,44,22,156,11.01,12.13,10.27
hoodie,mid,8.5,standard,CN,1678,200,13,63,17.66,20.29,17.73
hoodie,premium,10.0,budget,CN,1363,200,13,45,21.48,23.92,21.87
hoodie,basic,7.0,standard,CN,595,84,11,240,12.77,12.9,12.03
hoodie,mid,8.5,standard,CN,55,13,22,99,18.45,18.81,17.29
hoodie,basic,7.0,standard,CN,1922,200,36,160,12.23,14.55,11.38
hoodie,mid,8.5,standard,CN,342,30,20,43,16.2,20.04,16.92
hoodie,mid,8.5,premium,MX,347,21,39,55,20.27,22.53,21.14
hoodie,premium,10.0,standard,CN,1953,200,22,310,25.27,28.82,24.63
hoodie,premium,10.0,budget,US,1491,168,23,216,26.4,29.49,25.53
hoodie,premium,10.0,premium,US,44,12,43,65,38.63,45.17,36.06
hoodie,premium,10.0,standard,CN,348,47,41,168,29.82,33.19,27.65
hoodie,basic,7.0,premium,US,638,150,13,82,14.69,16.88,15.14
hoodie,basic,7.0,standard,CN,1432,200,23,272,11.46,13.35,10.73
hoodie,basic,7.0,standard,CN,591,34,28,80,11.66,13.1,11.41
hoodie,basic,7.0,budget,US,1833,200,16,293,12.09,14.25,12.11
hoodie,basic,7.0,budget,US,771,177,9,197,12.08,14.4,11.49
hoodie,basic,7.0,standard,MX,341,80,22,97,12.93,15.35,12.25
hoodie,basic,7.0,standard,MX,705,145,33,356,12.75,13.03,12.12
hoodie,premium,10.0,premium,US,480,43,36,193,34.68,36.29,32.92
hoodie,basic,7.0,budget,CN,697,73,11,156,10.07,10.7,9.5
hoodie,basic,7.0,premium,US,559,47,23,33,14.64,17.72,14.55
hoodie,basic,7.0,standard,US,1072,78,43,111,14.03,15.39,13.11
hoodie,mid,8.5,standard,MX,1398,124,34,49,19.83,22.12,18.54
hoodie,mid,8.5,budget,CN,1868,200,26,355,14.86,17.62,15.37
hoodie,premium,10.0,standard,CN,1873,158,43,168,28.02,29.64,26.47
hoodie,basic,7.0,standard,CN,1267,200,36,240,12.26,14.17,11.49
hoodie,basic,7.0,budget,CN,1080,197,28,61,11.15,12.82,10.64
hoodie,basic,7.0,budget,CN,75,12,37,326,11.61,12.32,11.25
hoodie,mid,8.5,standard,CN,524,41,7,68,17.62,22.24,18.01
hoodie,mid,8.5,standard,US,1166,116,14,247,19.46,21.37,19.03
hoodie,mid,8.5,standard,CN,1694,200,39,232,18.39,22.63,18.01
hoodie,mid,8.5,standard,CN,555,111,24,280,18.79,19.89,18.02
hoodie,basic,7.0,premium,CN,190,14,21,210,14.18,14.49,13.61
hoodie,basic,7.0,standard,MX,876,54,33,213,11.98,13.84,11.29
hoodie,basic,7.0,budget,CN,745,81,31,228,10.43,12.32,9.98
hoodie,premium,10.0,standard,US,583,79,8,213,27.99,33.35,28.81
hoodie,basic,7.0,standard,CN,80,18,44,302,11.22,13.42,11.68
hoodie,premium,10.0,budget,US,557,70,20,246,28.09,33.28,26.81
hoodie,basic,7.0,budget,US,64,12,10,193,11.14,14.76,11.62
hoodie,basic,7.0,budget,US,531,47,8,332,12.33,13.26,12.05
hoodie,mid,8.5,standard,MX,368,62,14,97,18.81,20.6,19.51
hoodie,basic,7.0,standard,CN,1987,200,19,52,11.7,12.58,11.24
hoodie,mid,8.5,premium,CN,1655,200,9,191,19.55,20.11,18.87
hoodie,mid,8.5,budget,MX,885,189,13,235,16.37,18.07,15.71
hoodie,mid,8.5,premium,CN,578,100,41,261,20.4,22.88,19.29
hoodie,basic,7.0,budget,CN,1939,130,35,138,9.53,11.16,9.59
hoodie,basic,7.0,standard,MX,751,157,28,157,12.08,12.92,11.6
hoodie,basic,7.0,premium,CN,200,19,33,264,13.79,15.26,13.23
hoodie,basic,7.0,budget,CN,853,160,26,353,10.8,12.52,10.68
hoodie,basic,7.0,standard,US,702,84,36,152,13.12,16.16,13.24
hoodie,premium,10.0,standard,CN,417,38,37,155,30.5,33.15,28.32
hoodie,basic,7.0,budget,US,422,46,30,105,11.3,12.56,11.82
hoodie,basic,7.0,premium,MX,1331,200,38,66,13.36,15.1,13.04
hoodie,basic,7.0,budget,CN,130,13,37,72,10.94,11.26,10.6
hoodie,basic,7.0,standard,CN,647,43,22,74,11.53,13.63,11.48
hoodie,mid,8.5,standard,MX,804,112,35,166,20.05,23.15,19.45
hoodie,mid,8.5,premium,US,450,78,23,352,22.56,27.06,22.99
hoodie,basic,7.0,standard,US,1436,200,25,30,12.7,15.21,12.59
hoodie,premium,10.0,standard,US,1305,200,19,231,26.84,29.72,27.41
hoodie,basic,7.0,budget,CN,147,12,26,318,9.92,12.41,10.27
hoodie,mid,8.5,premium,CN,1049,165,35,55,21.1,24.14,19.8
hoodie,mid,8.5,budget,MX,493,119,43,314,18.0,19.35,18.27
hoodie,mid,8.5,standard,MX,1359,188,24,106,18.52,22.77,18.4
hoodie,premium,10.0,standard,US,861,100,13,96,31.01,35.75,28.9
hoodie,mid,8.5,standard,MX,669,67,14,220,18.95,18.82,17.92
hoodie,premium,10.0,standard,CN,136,12,30,332,25.15,30.3,25.76
hoodie,premium,10.0,standard,CN,1455,200,8,336,23.55,26.07,24.0
hoodie,mid,8.5,standard,MX,215,20,14,250,19.99,20.85,18.66
hoodie,mid,8.5,standard,CN,1013,200,22,247,17.38,21.93,17.38
hoodie,mid,8.5,premium,MX,1794,114,33,188,18.9,21.42,19.15
hoodie,mid,8.5,premium,CN,1027,200,35,289,19.88,24.53,20.02
hoodie,basic,7.0,premium,CN,1805,158,22,306,12.68,14.82,12.79
hoodie,premium,10.0,standard,MX,1384,200,16,267,24.83,32.68,25.69
hoodie,basic,7.0,budget,US,1755,200,40,247,13.16,13.05,12.23
hoodie,mid,8.5,budget,MX,1301,200,12,182,18.5,19.81,17.42
hoodie,basic,7.0,standard,CN,1580,200,41,32,11.3,12.61,11.44
hoodie,basic,7.0,premium,US,1582,200,13,241,14.83,15.85,15.0
hoodie,basic,7.0,budget,CN,759,94,16,139,9.22,10.13,9.48
hoodie,premium,10.0,standard,US,518,77,44,87,30.57,34.21,29.6
hoodie,mid,8.5,premium,US,977,200,41,94,25.37,32.62,25.66
hoodie,mid,8.5,standard,US,643,57,31,261,19.75,22.38,19.76
hoodie,basic,7.0,standard,US,69,16,32,154,15.44,18.06,14.34
hoodie,mid,8.5,premium,CN,1874,200,21,324,18.14,20.28,18.54
hoodie,basic,7.0,standard,US,1596,200,15,335,13.21,13.27,12.55
hoodie,basic,7.0,budget,US,1887,200,33,103,12.06,14.34,11.46
hoodie,basic,7.0,standard,MX,583,125,23,260,12.27,13.48,11.64
hoodie,basic,7.0,standard,CN,487,108,32,299,13.11,13.11,12.45
hoodie,mid,8.5,standard,CN,1402,200,23,313,17.82,19.89,17.17
hoodie,mid,8.5,premium,US,696,162,21,345,23.38,27.85,22.12
hoodie,basic,7.0,standard,MX,311,18,9,169,12.39,13.84,12.15
hoodie,basic,7.0,premium,CN,1451,200,33,314,12.52,14.79,12.91
hoodie,basic,7.0,standard,CN,860,200,24,30,11.21,12.95,11.43
hoodie,premium,10.0,standard,CN,1871,200,29,45,26.02,28.79,26.7
hoodie,mid,8.5,standard,US,1382,127,45,24,20.32,21.19,19.31
hoodie,mid,8.5,standard,CN,1225,114,21,182,20.47,23.09,19.45
hoodie,basic,7.0,premium,CN,291,45,18,70,13.67,14.35,12.99
hoodie,basic,7.0,budget,US,132,12,33,283,11.7,14.08,12.21
hoodie,basic,7.0,standard,CN,950,143,9,351,9.61,11.64,10.03
hoodie,basic,7.0,standard,MX,1029,198,35,51,12.13,13.26,12.23
hoodie,basic,7.0,standard,MX,1223,195,27,209,11.58,12.08,11.26
hoodie,mid,8.5,premium,CN,1358,200,42,124,21.25,22.83,19.94
hoodie,mid,8.5,standard,CN,1519,104,34,174,18.7,18.62,17.48
hoodie,mid,8.5,budget,CN,222,44,30,80,17.28,19.86,16.84
hoodie,basic,7.0,budget,MX,749,168,34,40,10.71,11.48,10.45
hoodie,mid,8.5,budget,US,246,29,42,202,18.42,20.59,18.68
hoodie,basic,7.0,standard,CN,1596,200,42,27,10.49,12.24,11.0
hoodie,mid,8.5,premium,CN,743,38,16,303,18.05,22.97,18.82
hoodie,premium,10.0,budget,US,1111,103,33,246,26.83,30.14,25.53
hoodie,basic,7.0,budget,US,347,69,10,359,12.33,14.05,12.24
hoodie,mid,8.5,standard,CN,466,93,14,190,17.86,21.22,17.63
hoodie,basic,7.0,standard,MX,1252,76,20,168,12.99,15.16,12.37
hoodie,basic,7.0,budget,CN,1043,200,18,80,10.54,12.3,9.96
hoodie,basic,7.0,premium,MX,111,15,36,53,13.67,15.77,13.34
hoodie,mid,8.5,standard,CN,260,34,27,101,18.48,18.49,17.28
hoodie,mid,8.5,budget,MX,1231,160,12,216,16.29,17.13,15.56
hoodie,mid,8.5,budget,MX,1321,96,39,113,17.1,20.03,16.19
hoodie,basic,7.0,budget,US,429,36,16,349,13.24,14.73,12.33
hoodie,mid,8.5,standard,CN,1211,169,43,343,17.53,18.43,16.99
hoodie,basic,7.0,standard,CN,645,134,44,42,10.53,12.68,10.97
hoodie,basic,7.0,standard,CN,612,39,12,328,11.63,13.21,10.83
hoodie,basic,7.0,premium,CN,1195,200,27,323,12.68,13.92,13.08
hoodie,basic,7.0,premium,CN,728,179,12,272,14.4,15.63,13.35
hoodie,mid,8.5,standard,CN,1904,200,33,187,17.17,21.44,17.94
hoodie,basic,7.0,standard,CN,1167,200,25,143,11.41,12.09,10.73
hoodie,mid,8.5,budget,CN,741,83,32,80,16.11,16.85,15.03
hoodie,basic,7.0,standard,CN,1690,127,40,61,10.94,11.97,10.97
hoodie,basic,7.0,premium,US,1020,90,15,93,15.42,15.62,14.55
hoodie,mid,8.5,premium,US,1834,200,28,330,23.39,27.14,22.11
hoodie,mid,8.5,budget,CN,921,54,30,360,17.61,19.49,16.37
hoodie,mid,8.5,standard,MX,504,79,26,254,19.67,22.12,19.21
hoodie,mid,8.5,standard,CN,1054,163,17,116,18.0,20.6,18.6
hoodie,mid,8.5,premium,US,1160,200,40,77,24.6,24.97,23.04
hoodie,basic,7.0,premium,CN,479,102,29,27,12.52,14.2,12.5
hoodie,basic,7.0,budget,US,484,26,13,346,12.54,13.59,11.73
hoodie,mid,8.5,standard,US,985,137,7,54,19.66,21.8,20.1
hoodie,premium,10.0,standard,US,891,64,25,135,32.39,35.52,30.75
hoodie,basic,7.0,premium,US,1247,196,39,308,14.31,16.97,14.77
hoodie,mid,8.5,budget,MX,878,76,12,282,17.53,22.03,17.25
hoodie,mid,8.5,standard,US,987,57,31,205,19.82,25.64,20.82
hoodie,basic,7.0,standard,US,1311,92,44,184,13.22,15.87,12.79
hoodie,mid,8.5,premium,CN,1005,177,15,46,21.74,21.46,20.27
hoodie,basic,7.0,standard,CN,1839,107,26,277,10.87,13.64,11.38
hoodie,basic,7.0,premium,US,122,27,28,153,14.47,18.19,14.5
hoodie,mid,8.5,premium,CN,816,96,18,268,18.6,20.19,18.89
hoodie,basic,7.0,standard,US,1709,147,25,178,13.34,15.03,13.44
hoodie,basic,7.0,standard,US,366,68,29,242,14.64,15.09,13.56
hoodie,premium,10.0,premium,CN,178,32,32,200,30.76,31.92,29.37
hoodie,basic,7.0,premium,US,1413,200,9,78,14.22,16.79,14.22
hoodie,mid,8.5,standard,CN,1968,200,35,53,17.35,19.44,17.03
hoodie,mid,8.5,budget,CN,257,14,18,269,17.45,20.13,16.61
hoodie,basic,7.0,standard,US,1446,200,38,116,13.62,14.82,12.84
hoodie,premium,10.0,standard,US,204,43,27,355,34.03,39.78,31.93
hoodie,mid,8.5,premium,US,1331,112,30,274,24.95,28.51,23.14
hoodie,basic,7.0,standard,CN,764,122,30,253,10.41,12.14,10.83
hoodie,premium,10.0,standard,US,1101,145,33,308,31.38,34.91,29.15
hoodie,basic,7.0,standard,CN,730,55,42,341,11.78,14.5,11.6
hoodie,mid,8.5,standard,US,647,53,27,129,21.52,25.2,20.07
hoodie,mid,8.5,budget,CN,1325,200,24,78,16.19,18.59,15.67
hoodie,mid,8.5,budget,CN,1303,200,45,186,16.4,19.87,16.03
hoodie,basic,7.0,budget,US,1338,200,23,347,10.45,13.74,10.95
hoodie,mid,8.5,standard,CN,643,94,32,166,18.32,19.14,17.62
hoodie,basic,7.0,standard,CN,721,123,27,177,11.8,13.85,12.2
hoodie,mid,8.5,standard,US,980,73,35,140,17.96,23.8,18.78
hoodie,premium,10.0,standard,MX,1996,200,17,181,25.48,33.58,26.25
hoodie,mid,8.5,premium,CN,1043,56,32,272,19.15,23.1,19.51
hoodie,basic,7.0,budget,CN,1248,200,37,160,11.18,12.78,10.5
hoodie,mid,8.5,standard,CN,845,50,42,113,17.28,19.93,17.5
hoodie,mid,8.5,standard,MX,1715,200,14,79,17.02,21.67,17.12
hoodie,mid,8.5,budget,US,1067,139,9,37,19.53,23.13,18.73
hoodie,mid,8.5,budget,US,1854,200,27,327,18.3,20.49,17.27
hoodie,mid,8.5,standard,CN,1028,197,26,257,18.35,22.16,18.39
hoodie,premium,10.0,standard,CN,1656,200,8,319,28.23,31.77,26.86
hoodie,mid,8.5,standard,CN,374,57,31,89,17.65,21.25,17.98
hoodie,mid,8.5,budget,CN,928,104,16,225,15.99,18.7,14.95
hoodie,mid,8.5,budget,MX,307,47,42,180,18.25,20.49,18.03
hoodie,premium,10.0,standard,CN,1116,132,29,360,26.65,30.5,25.62
hoodie,basic,7.0,budget,CN,1167,128,26,161,9.96,11.14,9.58
hoodie,mid,8.5,standard,US,1938,200,24,161,21.15,24.31,19.63
hoodie,premium,10.0,premium,MX,619,36,12,191,30.09,35.51,29.06
hoodie,basic,7.0,premium,US,580,137,24,84,13.95,18.34,14.58
hoodie,basic,7.0,budget,CN,230,30,37,65,9.97,13.1,10.3
hoodie,premium,10.0,budget,CN,1362,200,37,258,23.12,24.91,23.42
hoodie,mid,8.5,standard,CN,500,78,9,103,18.16,21.69,17.15
hoodie,basic,7.0,premium,US,1638,200,25,33,15.15,15.68,14.06
hoodie,premium,10.0,standard,CN,1036,200,15,272,24.74,27.3,25.37
hoodie,basic,7.0,standard,CN,551,106,7,186,10.26,13.15,10.55
hoodie,premium,10.0,premium,US,1080,124,32,356,34.8,37.45,32.29
hoodie,premium,10.0,budget,US,810,78,24,182,27.54,32.18,26.61
hoodie,basic,7.0,budget,CN,653,53,39,173,10.69,13.11,10.35
hoodie,basic,7.0,budget,CN,1985,152,16,246,9.83,11.14,9.62
hoodie,mid,8.5,standard,CN,472,95,45,55,18.26,20.32,17.93
hoodie,premium,10.0,budget,CN,1722,200,39,117,24.23,25.64,23.81
hoodie,basic,7.0,standard,CN,211,48,35,42,12.33,14.01,12.13
hoodie,basic,7.0,standard,US,1677,187,8,216,12.38,14.8,12.9
hoodie,mid,8.5,standard,US,148,35,11,255,20.87,25.52,20.8
hoodie,mid,8.5,premium,CN,1347,200,30,209,19.74,26.13,20.55
hoodie,premium,10.0,budget,CN,1786,200,18,289,21.63,28.54,22.38
hoodie,mid,8.5,standard,CN,636,90,41,231,18.38,20.56,18.47
hoodie,premium,10.0,standard,CN,256,14,33,328,27.75,27.46,26.06
hoodie,basic,7.0,budget,CN,93,12,10,139,10.05,12.82,10.27
hoodie,basic,7.0,standard,CN,617,59,43,177,12.42,14.64,11.82
hoodie,basic,7.0,premium,US,1377,200,33,167,14.38,14.99,13.75
hoodie,mid,8.5,standard,US,121,29,31,282,20.99,22.66,20.9
hoodie,basic,7.0,standard,MX,994,97,21,167,11.57,13.83,12.08
hoodie,basic,7.0,standard,CN,820,80,20,183,12.51,14.55,11.69
hoodie,basic,7.0,standard,CN,415,25,31,358,12.4,13.94,11.76
hoodie,mid,8.5,budget,MX,452,101,28,169,16.26,21.62,17.08
hoodie,premium,10.0,budget,CN,1569,200,22,323,22.25,25.01,22.43
hoodie,mid,8.5,standard,CN,656,67,39,268,19.51,22.5,18.5
hoodie,mid,8.5,standard,CN,441,54,33,37,18.0,23.14,18.29
hoodie,mid,8.5,standard,CN,337,30,21,208,18.17,21.77,18.5
hoodie,premium,10.0,standard,US,1588,200,38,249,31.09,34.63,29.79
hoodie,premium,10.0,standard,CN,1339,200,40,31,24.43,31.52,25.46
hoodie,basic,7.0,budget,CN,306,66,21,48,10.86,12.97,10.88
hoodie,mid,8.5,standard,CN,1014,184,8,17,17.57,18.45,17.51
hoodie,mid,8.5,standard,US,612,32,34,105,20.53,24.66,21.06
hoodie,mid,8.5,budget,CN,837,55,32,249,17.66,18.04,16.37
hoodie,mid,8.5,premium,CN,1363,200,9,61,19.44,22.8,18.82
hoodie,basic,7.0,premium,MX,1345,200,43,62,14.75,15.21,13.79
hoodie,premium,10.0,standard,CN,1185,171,9,52,25.99,27.39,25.1
hoodie,premium,10.0,budget,US,449,75,32,53,29.17,33.65,28.51
hoodie,mid,8.5,standard,CN,1132,131,15,54,17.9,22.1,17.78
hoodie,basic,7.0,standard,CN,1980,200,27,29,11.73,12.86,11.15
hoodie,basic,7.0,standard,CN,793,108,44,352,11.42,12.41,11.63
hoodie,basic,7.0,standard,CN,1630,200,31,176,10.48,13.8,10.89
hoodie,basic,7.0,standard,CN,234,17,18,234,10.6,12.58,11.12
hoodie,basic,7.0,standard,CN,689,153,7,163,11.61,13.43,11.04
hoodie,mid,8.5,premium,CN,522,85,17,364,20.73,21.76,20.44
hoodie,basic,7.0,standard,MX,1016,200,30,142,12.69,14.15,12.16
hoodie,mid,8.5,standard,CN,302,33,32,184,17.39,19.84,17.27
hoodie,mid,8.5,standard,MX,1242,95,27,322,19.03,21.88,19.5
hoodie,premium,10.0,premium,CN,621,122,38,308,30.69,33.08,29.17
hoodie,premium,10.0,budget,MX,1142,98,42,27,25.57,30.71,25.32
hoodie,basic,7.0,budget,CN,1443,92,33,358,10.34,12.12,9.98
hoodie,mid,8.5,budget,CN,1249,182,32,287,16.76,18.95,15.67
hoodie,mid,8.5,standard,CN,761,144,41,318,19.9,21.75,19.22
hoodie,mid,8.5,budget,MX,1346,200,32,183,17.38,18.19,17.28
hoodie,basic,7.0,standard,CN,1087,175,43,127,11.17,12.68,10.88
hoodie,basic,7.0,budget,CN,239,26,12,73,11.27,12.19,10.79
hoodie,basic,7.0,standard,CN,1092,160,37,63,11.17,13.96,11.29
hoodie,basic,7.0,premium,CN,1352,97,17,138,12.33,13.59,12.07
hoodie,basic,7.0,standard,CN,1658,200,18,109,11.34,12.06,11.01
hoodie,mid,8.5,standard,CN,1468,136,24,46,18.63,20.75,17.68
hoodie,basic,7.0,budget,MX,258,26,38,284,10.9,11.72,10.89
hoodie,basic,7.0,standard,CN,378,80,26,328,12.42,13.43,11.97
hoodie,basic,7.0,budget,CN,789,148,39,212,10.36,12.72,10.63
hoodie,mid,8.5,standard,US,379,61,38,161,21.38,24.9,21.58
hoodie,basic,7.0,standard,MX,44,12,19,210,12.36,13.63,11.9
hoodie,mid,8.5,standard,US,194,31,21,163,20.42,23.28,20.85
hoodie,mid,8.5,standard,US,1607,200,42,275,22.7,24.37,21.48
hoodie,mid,8.5,budget,US,1497,200,20,231,19.92,23.03,18.83
hoodie,basic,7.0,premium,MX,946,97,12,238,13.46,16.79,13.77
hoodie,mid,8.5,premium,US,1274,200,17,329,22.98,25.82,23.52
hoodie,basic,7.0,standard,MX,600,101,17,179,12.53,13.63,11.67
hoodie,premium,10.0,premium,MX,302,73,33,44,34.83,35.36,32.77
hoodie,premium,10.0,budget,CN,1481,169,22,360,24.57,27.07,23.82
hoodie,basic,7.0,standard,CN,1599,109,39,156,12.61,13.68,11.85
hoodie,mid,8.5,standard,CN,1804,200,12,248,17.78,19.27,16.88
hoodie,premium,10.0,premium,CN,1038,107,25,186,25.91,33.38,26.79
hoodie,mid,8.5,premium,CN,1586,94,13,334,20.26,21.98,19.09
hoodie,basic,7.0,premium,US,439,109,15,346,15.56,18.31,14.63
hoodie,basic,7.0,standard,CN,193,24,17,40,11.13,13.63,11.35
hoodie,mid,8.5,budget,CN,1001,65,44,129,17.38,18.13,17.24
hoodie,basic,7.0,budget,US,1786,200,15,258,10.41,12.13,10.81
hoodie,premium,10.0,budget,MX,1609,200,15,342,24.05,29.1,24.83
hoodie,basic,7.0,standard,CN,926,111,20,335,11.91,13.0,11.82
hoodie,premium,10.0,budget,MX,277,46,31,193,24.18,26.4,24.4
hoodie,basic,7.0,budget,CN,1158,197,45,159,10.41,11.25,10.05
hoodie,mid,8.5,standard,CN,1556,199,10,136,15.52,18.74,16.09
hoodie,mid,8.5,standard,CN,49,12,27,81,19.74,21.06,19.33
hoodie,mid,8.5,premium,US,174,12,11,21,21.39,23.82,22.39
hoodie,mid,8.5,standard,CN,1312,200,33,230,19.14,20.69,18.58
hoodie,basic,7.0,standard,US,441,107,16,288,13.68,16.34,13.33
hoodie,mid,8.5,standard,US,660,125,22,43,21.36,22.05,20.75
hoodie,mid,8.5,standard,US,384,28,15,19,21.79,23.75,20.29
hoodie,mid,8.5,standard,CN,366,45,24,74,19.13,20.67,19.41
hoodie,mid,8.5,standard,US,182,27,39,198,22.9,23.48,21.57
hoodie,basic,7.0,standard,CN,1856,200,14,130,11.33,12.63,11.91
hoodie,basic,7.0,premium,CN,391,92,9,297,13.26,15.27,12.72
hoodie,basic,7.0,budget,CN,1900,200,24,53,10.02,11.53,10.47
hoodie,mid,8.5,budget,CN,846,53,36,158,16.72,18.06,16.88
hoodie,mid,8.5,standard,US,622,101,26,332,20.54,23.37,19.02
hoodie,mid,8.5,standard,US,1655,163,7,223,21.69,25.43,21.26
hoodie,mid,8.5,budget,US,711,35,31,171,18.2,19.09,17.95
hoodie,premium,10.0,standard,CN,215,12,21,280,28.17,30.53,26.42
hoodie,mid,8.5,standard,CN,1060,81,32,52,18.22,21.05,18.84
hoodie,premium,10.0,premium,CN,829,157,27,176,29.19,37.72,29.77
hoodie,basic,7.0,standard,CN,248,20,17,244,11.9,12.15,11.07
hoodie,basic,7.0,budget,US,270,18,26,322,12.99,13.81,12.27
hoodie,basic,7.0,budget,US,753,97,10,360,12.49,14.5,11.63
hoodie,mid,8.5,standard,US,218,31,15,76,21.42,25.84,20.25
hoodie,basic,7.0,premium,CN,787,147,12,312,13.74,13.95,12.73
hoodie,mid,8.5,premium,US,213,49,28,76,23.56,25.4,23.33
hoodie,mid,8.5,premium,CN,833,124,31,363,18.76,21.93,19.03
hoodie,basic,7.0,standard,CN,1288,127,25,269,12.29,12.8,12.03
hoodie,basic,7.0,budget,CN,433,77,40,141,11.6,13.22,10.75
hoodie,basic,7.0,standard,US,1017,120,43,271,12.07,12.94,12.25
hoodie,mid,8.5,budget,CN,1685,200,10,255,17.05,17.0,15.84
hoodie,mid,8.5,budget,CN,1696,200,10,126,14.15,14.96,13.13
hoodie,premium,10.0,premium,CN,380,32,44,176,27.88,35.4,29.23
hoodie,premium,10.0,standard,US,1178,200,38,291,27.66,29.21,27.28
hoodie,basic,7.0,budget,US,1103,160,28,328,12.97,15.09,12.13
hoodie,basic,7.0,budget,CN,1226,200,16,70,11.16,13.36,10.51
hoodie,basic,7.0,premium,US,835,139,28,168,15.6,18.54,15.49
hoodie,mid,8.5,standard,CN,1473,200,29,128,18.5,19.92,17.52
hoodie,mid,8.5,budget,MX,388,75,43,214,16.98,19.59,17.44
hoodie,mid,8.5,standard,US,1334,200,38,86,18.6,21.88,19.37
hoodie,basic,7.0,standard,US,1997,135,28,242,12.89,15.94,12.95
hoodie,mid,8.5,budget,CN,922,181,17,225,16.83,19.8,16.84
hoodie,basic,7.0,standard,CN,1794,200,21,97,10.63,12.39,11.16
hoodie,basic,7.0,standard,MX,1843,200,11,294,12.25,12.82,11.37
hoodie,premium,10.0,premium,MX,1467,82,17,324,29.33,32.84,30.03
hoodie,mid,8.5,standard,US,1519,200,25,166,19.52,24.11,20.41
hoodie,mid,8.5,budget,CN,763,38,12,164,14.79,16.86,15.36
hoodie,mid,8.5,premium,CN,994,200,26,217,20.56,21.42,19.28
hoodie,mid,8.5,standard,CN,784,178,30,109,17.51,19.88,17.88
hoodie,basic,7.0,standard,CN,1391,96,29,291,12.35,12.99,11.78
hoodie,basic,7.0,standard,MX,1095,146,41,365,11.12,11.74,10.99
hoodie,premium,10.0,standard,CN,1053,172,40,306,27.35,28.6,26.54
hoodie,mid,8.5,budget,US,367,89,19,78,19.05,24.18,19.51
hoodie,basic,7.0,standard,CN,679,157,11,58,11.58,13.01,11.56
hoodie,basic,7.0,standard,CN,1813,95,44,281,11.85,13.71,11.58
hoodie,premium,10.0,budget,MX,241,39,13,160,26.66,31.36,25.05
hoodie,basic,7.0,standard,US,1196,200,9,102,13.61,13.85,13.08
hoodie,premium,10.0,standard,MX,511,30,37,151,27.49,35.73,28.86
hoodie,basic,7.0,budget,US,1031,200,13,130,12.65,13.3,11.96
hoodie,basic,7.0,standard,CN,409,56,33,262,12.25,14.28,11.53
hoodie,mid,8.5,budget,CN,662,127,32,83,14.99,19.28,15.41
hoodie,basic,7.0,budget,US,92,12,30,115,12.84,14.17,12.15
hoodie,mid,8.5,budget,CN,87,12,38,318,18.16,20.07,17.77
hoodie,mid,8.5,budget,CN,1726,200,25,28,15.18,18.47,15.63
hoodie,premium,10.0,premium,CN,1350,128,20,151,28.33,31.79,26.34
hoodie,mid,8.5,budget,US,379,64,7,128,19.15,20.34,18.16
hoodie,premium,10.0,standard,US,892,200,29,249,29.54,31.89,27.94
hoodie,basic,7.0,standard,CN,1381,200,30,301,11.76,12.79,11.43
hoodie,basic,7.0,budget,CN,591,105,24,147,10.57,12.68,10.85
hoodie,basic,7.0,budget,CN,1780,200,45,220,10.47,12.26,10.08
hoodie,mid,8.5,premium,CN,556,128,32,212,19.01,20.32,18.0
hoodie,mid,8.5,standard,US,1332,200,29,273,18.4,22.74,18.93
hoodie,mid,8.5,budget,CN,989,74,23,300,16.26,17.51,16.36
hoodie,basic,7.0,standard,US,653,87,28,204,13.62,17.17,13.78
hoodie,mid,8.5,premium,MX,1220,200,11,255,18.74,20.97,18.75
hoodie,basic,7.0,premium,MX,306,76,28,223,14.48,17.34,13.58
hoodie,basic,7.0,premium,CN,394,81,38,184,12.75,14.92,13.41
hoodie,mid,8.5,budget,CN,1590,129,12,80,16.96,18.78,16.43
hoodie,premium,10.0,standard,MX,102,15,30,21,27.08,29.89,28.44
hoodie,mid,8.5,budget,CN,1821,200,15,66,15.26,16.18,14.87
hoodie,mid,8.5,budget,CN,620,87,40,319,14.98,19.8,15.48
hoodie,mid,8.5,standard,US,362,86,32,23,22.32,23.08,21.37
hoodie,mid,8.5,standard,MX,371,27,9,206,17.78,23.77,18.59
hoodie,mid,8.5,standard,CN,65,12,14,227,18.83,21.6,19.49
hoodie,mid,8.5,budget,CN,1429,200,26,229,16.08,16.9,15.63
hoodie,mid,8.5,budget,CN,1497,200,25,72,15.66,18.36,15.43
hoodie,mid,8.5,premium,US,438,53,33,165,22.17,24.75,21.33
hoodie,basic,7.0,budget,CN,207,47,43,356,11.19,12.81,10.42
hoodie,basic,7.0,standard,MX,1877,189,21,247,11.03,12.48,11.45
hoodie,basic,7.0,budget,US,1666,200,34,73,12.68,12.82,12.09
hoodie,premium,10.0,standard,US,374,43,35,332,30.11,32.58,30.27
hoodie,basic,7.0,standard,CN,1736,200,37,229,11.46,11.71,10.88
hoodie,mid,8.5,budget,MX,1955,200,13,227,15.53,18.36,15.42
hoodie,mid,8.5,standard,MX,1791,200,15,261,17.6,20.88,18.24
hoodie,basic,7.0,budget,CN,668,35,40,309,11.25,12.37,10.58
hoodie,mid,8.5,standard,US,911,166,22,260,23.09,25.33,22.25
hoodie,mid,8.5,standard,CN,1280,77,17,272,17.64,21.38,18.38
hoodie,basic,7.0,premium,CN,128,19,42,343,13.27,13.42,12.56
hoodie,basic,7.0,standard,US,205,45,35,175,12.22,14.52,12.68
hoodie,mid,8.5,budget,CN,211,43,26,274,17.12,19.1,16.54
hoodie,basic,7.0,premium,CN,1697,160,36,183,12.67,14.87,12.24
hoodie,basic,7.0,standard,MX,479,24,29,338,11.51,13.63,11.65
hoodie,mid,8.5,budget,US,361,53,33,68,20.06,20.79,18.91
hoodie,mid,8.5,budget,MX,717,51,33,37,18.28,20.46,17.26
hoodie,mid,8.5,standard,MX,1373,200,39,82,20.33,22.86,19.89
hoodie,mid,8.5,premium,US,1624,200,18,310,23.62,24.02,22.37
hoodie,mid,8.5,standard,MX,684,103,31,228,19.61,25.31,19.9
hoodie,premium,10.0,standard,US,298,23,45,276,31.02,37.18,29.79
hoodie,mid,8.5,premium,CN,1320,123,20,333,18.38,23.05,19.0
hoodie,premium,10.0,budget,CN,1136,200,27,73,21.8,25.23,21.31
hoodie,premium,10.0,standard,MX,1405,200,41,160,26.07,30.77,27.05
hoodie,basic,7.0,budget,CN,571,114,17,160,9.92,10.9,10.24
hoodie,mid,8.5,budget,CN,1133,63,35,66,15.41,18.87,15.74
hoodie,basic,7.0,standard,US,1656,200,25,354,12.18,13.96,12.18
hoodie,mid,8.5,standard,CN,1155,70,23,117,19.0,22.62,17.96
hoodie,mid,8.5,standard,CN,1571,200,45,114,17.78,18.47,16.53
hoodie,basic,7.0,standard,CN,407,98,39,75,10.77,13.19,11.14
hoodie,basic,7.0,standard,MX,1478,200,9,92,12.09,14.45,11.77
hoodie,mid,8.5,premium,CN,641,94,43,295,20.16,22.5,20.6
hoodie,basic,7.0,standard,US,876,138,32,61,13.41,15.14,12.59
hoodie,basic,7.0,budget,MX,1971,200,40,257,10.61,13.44,11.16
hoodie,basic,7.0,premium,CN,1281,200,22,34,11.2,14.23,11.29
hoodie,premium,10.0,standard,CN,1131,200,8,278,24.24,25.5,24.05
hoodie,premium,10.0,budget,MX,1077,71,13,99,26.44,29.52,25.17
hoodie,mid,8.5,budget,US,1314,200,34,67,19.9,21.87,19.02
hoodie,mid,8.5,budget,US,1430,115,36,183,16.3,18.54,16.99
hoodie,basic,7.0,budget,CN,1707,163,23,222,9.28,11.75,9.75
hoodie,mid,8.5,standard,CN,1291,80,44,37,16.74,22.05,17.45
hoodie,basic,7.0,standard,CN,642,109,25,238,11.12,12.61,11.46
hoodie,mid,8.5,standard,CN,1764,200,16,166,18.43,21.25,17.24
hoodie,mid,8.5,standard,US,1969,102,42,86,21.85,27.17,21.43
hoodie,basic,7.0,standard,MX,1875,200,20,225,12.31,12.57,11.61
hoodie,basic,7.0,standard,CN,542,48,18,357,12.75,15.22,11.9
hoodie,mid,8.5,standard,US,620,114,23,64,19.65,24.31,19.16
hoodie,basic,7.0,standard,US,505,35,11,113,12.09,14.47,12.22
hoodie,mid,8.5,standard,US,672,162,17,16,21.71,25.04,20.63
hoodie,mid,8.5,budget,CN,761,58,28,259,16.12,17.21,15.78
hoodie,mid,8.5,premium,US,1783,200,41,114,24.93,24.98,23.4
hoodie,basic,7.0,budget,CN,1063,187,44,310,9.8,11.27,9.59
hoodie,premium,10.0,standard,MX,1612,128,32,128,26.31,31.96,25.63
hoodie,basic,7.0,standard,CN,210,27,39,19,12.7,13.42,12.33
hoodie,mid,8.5,standard,MX,391,63,43,351,17.54,22.05,18.1
hoodie,premium,10.0,budget,CN,1584,200,11,149,24.9,26.41,23.31
hoodie,mid,8.5,standard,CN,120,12,27,66,19.05,23.23,18.72
hoodie,mid,8.5,budget,CN,1139,186,31,348,14.28,16.47,14.87
hoodie,premium,10.0,budget,CN,856,103,29,263,23.84,23.53,22.38
hoodie,premium,10.0,standard,US,496,32,24,122,32.52,37.01,30.79
hoodie,basic,7.0,standard,US,257,37,37,259,13.63,17.43,14.04
hoodie,basic,7.0,budget,CN,1199,200,15,336,9.92,12.89,10.21
hoodie,mid,8.5,standard,US,1179,200,25,57,20.49,23.08,19.92
hoodie,mid,8.5,budget,CN,866,147,44,107,16.57,20.13,15.95
hoodie,mid,8.5,budget,US,799,101,13,22,19.21,21.09,18.09
hoodie,basic,7.0,budget,MX,222,18,45,33,10.04,12.55,10.44
hoodie,premium,10.0,standard,CN,27,12,34,281,29.41,33.47,27.65
hoodie,basic,7.0,premium,CN,1012,200,31,193,13.2,13.61,12.69
hoodie,basic,7.0,standard,CN,501,116,12,159,10.78,11.71,10.56
hoodie,basic,7.0,standard,US,39,12,14,280,13.03,14.9,13.15
hoodie,basic,7.0,standard,CN,544,55,41,230,11.38,14.12,11.05
hoodie,basic,7.0,budget,CN,1155,200,37,105,9.87,11.26,9.97
hoodie,mid,8.5,standard,CN,1776,200,14,131,17.88,18.68,17.18
hoodie,basic,7.0,standard,CN,718,150,10,96,11.29,12.37,10.68
hoodie,mid,8.5,budget,US,563,53,12,325,17.24,22.01,17.24
hoodie,mid,8.5,standard,CN,1482,200,10,103,17.53,20.91,16.93
hoodie,basic,7.0,budget,US,1252,190,21,328,11.1,12.85,11.63
hoodie,basic,7.0,budget,CN,590,121,29,356,10.35,10.55,9.9
hoodie,basic,7.0,budget,US,1724,200,44,192,12.05,12.57,11.41
hoodie,premium,10.0,standard,CN,852,140,23,103,25.88,33.2,26.19
hoodie,mid,8.5,premium,CN,1819,200,43,142,21.73,23.83,20.2
hoodie,mid,8.5,standard,MX,1993,200,36,314,17.91,22.05,17.91
hoodie,basic,7.0,standard,CN,1663,188,29,278,11.73,12.52,11.27
hoodie,basic,7.0,standard,MX,1558,200,11,297,11.84,12.34,11.1
hoodie,premium,10.0,standard,CN,1888,166,19,134,27.11,27.98,25.49
hoodie,basic,7.0,budget,MX,1291,156,13,75,10.46,12.45,10.16
hoodie,mid,8.5,budget,MX,1012,125,27,266,16.85,18.71,15.83
hoodie,basic,7.0,budget,US,1590,200,24,217,11.97,13.18,11.36
hoodie,mid,8.5,standard,MX,831,184,18,248,19.12,21.23,18.37
hoodie,mid,8.5,budget,CN,456,57,13,180,16.07,18.16,16.33
hoodie,premium,10.0,standard,CN,401,60,20,228,25.65,32.02,25.69
hoodie,basic,7.0,budget,CN,293,72,21,65,11.22,11.58,10.57
hoodie,mid,8.5,standard,CN,993,200,18,229,18.13,20.92,16.8
hoodie,mid,8.5,standard,MX,1633,200,23,301,18.09,20.48,18.63
hoodie,basic,7.0,premium,CN,222,31,28,147,13.47,16.65,13.17
hoodie,basic,7.0,budget,CN,273,32,45,115,11.15,11.55,10.35
hoodie,basic,7.0,standard,CN,1611,200,12,209,10.72,13.47,10.61
hoodie,premium,10.0,standard,CN,1926,200,43,221,25.97,29.77,26.51
hoodie,basic,7.0,budget,CN,1345,173,35,199,10.5,11.9,10.32
hoodie,basic,7.0,premium,US,281,54,23,54,15.64,16.91,14.59
hoodie,basic,7.0,standard,US,1098,200,12,67,12.47,15.43,12.85
hoodie,premium,10.0,standard,US,531,104,35,334,28.11,33.34,29.45
hoodie,premium,10.0,premium,CN,981,200,41,153,28.35,37.16,29.3
hoodie,mid,8.5,standard,CN,960,169,43,236,17.61,20.78,17.7
hoodie,mid,8.5,standard,US,774,102,16,169,20.02,24.08,19.67
hoodie,basic,7.0,budget,US,1120,57,38,258,12.15,14.58,11.82
hoodie,mid,8.5,budget,US,1831,200,32,141,17.63,19.21,16.86
hoodie,basic,7.0,budget,CN,889,155,40,327,10.7,12.63,10.22
hoodie,basic,7.0,premium,CN,398,30,14,340,12.49,14.99,12.38
hoodie,mid,8.5,standard,US,336,20,41,25,22.53,26.29,21.6
hoodie,basic,7.0,budget,CN,1035,96,33,173,10.59,11.85,10.44
hoodie,mid,8.5,budget,US,189,41,16,42,17.51,22.58,17.98
hoodie,basic,7.0,standard,CN,50,12,22,211,12.44,15.06,12.35
hoodie,basic,7.0,standard,CN,1603,110,20,256,11.8,14.8,12.16
hoodie,mid,8.5,standard,CN,275,27,26,115,17.08,21.48,17.85
hoodie,premium,10.0,budget,CN,914,105,17,155,24.28,26.71,22.57
hoodie,mid,8.5,standard,US,342,42,12,141,20.04,24.84,20.83
hoodie,premium,10.0,premium,US,1305,80,29,344,32.8,36.35,32.37
hoodie,mid,8.5,standard,US,736,155,35,112,20.5,24.96,20.52
hoodie,basic,7.0,budget,CN,1472,200,25,291,10.14,12.42,10.19
hoodie,basic,7.0,premium,CN,1897,200,17,49,12.8,15.72,12.69
hoodie,mid,8.5,standard,MX,1614,200,31,108,18.5,20.17,17.95
hoodie,basic,7.0,premium,CN,1702,200,40,363,12.65,14.74,12.38
hoodie,basic,7.0,standard,CN,251,17,11,36,11.82,14.07,12.11
hoodie,basic,7.0,standard,CN,1737,200,38,283,12.31,12.72,11.99
hoodie,basic,7.0,standard,CN,51,12,20,349,12.74,12.86,12.09
hoodie,mid,8.5,premium,US,876,187,10,329,21.21,23.67,22.2
hoodie,basic,7.0,premium,CN,1992,200,13,132,12.34,14.99,12.56
hoodie,basic,7.0,standard,CN,875,174,43,197,12.57,13.86,12.07
hoodie,basic,7.0,standard,US,1151,149,28,350,13.4,15.11,13.46
hoodie,premium,10.0,standard,CN,786,104,34,179,26.81,28.8,26.2
hoodie,mid,8.5,premium,MX,545,66,35,243,21.18,22.61,21.46
hoodie,basic,7.0,premium,MX,38,12,21,123,13.39,17.41,14.05
hoodie,mid,8.5,budget,US,1158,176,43,306,18.59,21.78,19.2
hoodie,mid,8.5,budget,CN,1686,185,43,218,15.89,17.34,16.24
hoodie,basic,7.0,standard,CN,1024,200,43,62,11.55,12.04,11.27
hoodie,basic,7.0,standard,MX,737,166,34,227,12.28,15.61,12.72
hoodie,mid,8.5,premium,US,1926,100,31,41,22.9,27.53,23.62
hoodie,basic,7.0,budget,CN,1523,200,35,318,9.92,11.86,10.32
hoodie,mid,8.5,budget,CN,713,47,43,39,16.45,19.78,16.34
hoodie,mid,8.5,standard,CN,430,63,43,114,20.66,22.4,19.14
hoodie,basic,7.0,budget,US,905,103,43,59,11.17,12.94,11.46
hoodie,mid,8.5,standard,US,371,91,35,333,20.37,26.39,21.31
hoodie,basic,7.0,standard,CN,1576,200,12,71,10.74,13.76,11.08
hoodie,basic,7.0,standard,US,1672,120,35,255,13.3,15.97,13.61
hoodie,basic,7.0,standard,US,554,88,16,356,11.74,13.38,12.28
hoodie,basic,7.0,standard,MX,1290,134,36,349,11.04,13.85,11.52
hoodie,mid,8.5,premium,MX,762,169,8,163,20.17,25.72,20.18
hoodie,basic,7.0,standard,US,1800,200,12,109,13.22,14.49,12.29
hoodie,mid,8.5,budget,CN,1913,200,28,264,16.08,19.28,16.15
hoodie,basic,7.0,premium,US,1051,110,10,334,14.66,18.76,14.66
hoodie,premium,10.0,premium,MX,1968,200,16,188,29.22,37.15,29.23
hoodie,mid,8.5,standard,CN,490,65,43,92,17.92,21.51,18.09
hoodie,basic,7.0,budget,CN,1361,105,41,364,10.94,12.29,10.5
hoodie,basic,7.0,premium,US,1602,126,43,94,14.51,18.0,14.19
hoodie,basic,7.0,standard,MX,1826,144,8,177,11.13,13.98,11.05
hoodie,premium,10.0,premium,US,585,47,19,68,32.33,43.3,33.91
hoodie,mid,8.5,standard,CN,1279,123,21,132,17.13,19.73,16.93
hoodie,mid,8.5,standard,CN,790,68,31,265,18.27,20.73,18.81
hoodie,basic,7.0,premium,CN,1920,199,33,127,12.88,16.98,13.44
hoodie,premium,10.0,premium,CN,1028,192,36,140,30.58,34.62,29.1
hoodie,mid,8.5,standard,CN,832,143,43,318,16.66,18.75,17.44
hoodie,mid,8.5,premium,CN,1822,200,40,289,19.84,22.36,18.98
hoodie,mid,8.5,standard,MX,125,12,35,217,19.07,21.94,19.63
hoodie,premium,10.0,standard,CN,1875,147,35,60,24.05,30.64,24.93
hoodie,premium,10.0,standard,US,302,38,27,244,29.67,34.86,27.82
hoodie,basic,7.0,standard,US,1353,200,17,77,13.57,15.58,13.03
hoodie,basic,7.0,standard,MX,1513,200,39,327,12.09,14.51,11.52
hoodie,mid,8.5,standard,CN,332,27,16,105,17.7,20.74,18.5
hoodie,mid,8.5,premium,MX,616,107,14,81,21.09,25.8,22.16
hoodie,mid,8.5,premium,CN,1270,200,22,125,20.0,22.62,19.77
hoodie,basic,7.0,standard,CN,526,119,24,331,11.28,12.31,11.58
hoodie,basic,7.0,budget,US,91,16,45,166,11.66,13.04,12.13
hoodie,premium,10.0,budget,CN,607,104,45,307,25.06,30.9,24.44
hoodie,basic,7.0,budget,CN,779,178,11,232,10.05,12.15,10.49
hoodie,basic,7.0,premium,CN,699,108,40,121,13.33,15.24,12.76
hoodie,premium,10.0,standard,CN,1435,200,25,232,25.11,29.66,25.33
hoodie,premium,10.0,standard,CN,290,50,38,280,26.52,27.48,24.9
hoodie,basic,7.0,budget,CN,267,14,14,120,11.18,11.85,10.35
hoodie,basic,7.0,standard,US,1330,122,19,158,13.42,16.12,13.14
hoodie,basic,7.0,standard,US,836,162,8,103,13.66,16.29,12.91
hoodie,mid,8.5,standard,CN,97,17,37,93,19.45,24.09,19.58
hoodie,basic,7.0,standard,US,1735,200,43,361,12.83,13.81,12.58
hoodie,mid,8.5,standard,US,1843,200,11,90,22.65,27.31,21.96
hoodie,mid,8.5,standard,CN,1243,91,26,175,17.83,19.37,18.1
hoodie,premium,10.0,standard,US,1723,200,20,282,32.13,38.52,30.57
hoodie,basic,7.0,budget,US,1013,200,16,111,12.18,15.05,12.03
hoodie,basic,7.0,standard,MX,1600,200,40,360,11.89,14.85,11.89
hoodie,basic,7.0,standard,US,115,21,45,58,14.81,14.92,13.9
hoodie,mid,8.5,standard,MX,71,12,26,341,19.08,21.74,19.35
hoodie,basic,7.0,budget,MX,330,26,14,21,11.25,11.81,11.0
hoodie,mid,8.5,standard,US,580,45,25,307,21.4,24.8,21.53
hoodie,basic,7.0,standard,US,1408,84,31,41,13.21,16.0,13.2
hoodie,premium,10.0,standard,US,1438,200,29,173,31.69,32.07,30.03
hoodie,premium,10.0,standard,CN,1187,90,36,63,28.78,33.61,27.7
hoodie,mid,8.5,budget,CN,483,38,23,200,16.74,19.92,15.9
hoodie,mid,8.5,budget,CN,998,72,37,250,15.07,17.26,15.27
hoodie,mid,8.5,standard,CN,855,182,13,180,18.33,21.52,18.15
hoodie,basic,7.0,budget,US,350,85,31,47,12.79,14.36,12.11
hoodie,mid,8.5,standard,CN,1637,193,22,102,19.43,22.03,18.96
hoodie,mid,8.5,standard,US,1161,80,35,104,21.37,25.31,21.31
hoodie,mid,8.5,standard,CN,1704,200,38,344,20.14,23.77,18.9
hoodie,mid,8.5,budget,US,325,59,35,286,20.2,22.61,19.61
hoodie,basic,7.0,premium,CN,638,104,26,236,14.5,16.84,14.14
hoodie,mid,8.5,premium,MX,1770,192,30,295,18.38,22.8,19.34
hoodie,premium,10.0,budget,CN,602,134,22,235,22.78,25.93,22.79
hoodie,mid,8.5,standard,CN,997,77,42,210,18.4,21.15,18.46
hoodie,basic,7.0,premium,US,282,21,11,345,14.61,18.54,14.51
hoodie,basic,7.0,standard,CN,876,194,45,231,11.14,12.67,11.04
hoodie,mid,8.5,standard,CN,487,42,45,17,18.98,21.4,18.7
hoodie,mid,8.5,standard,CN,102,16,30,71,19.62,19.5,18.25
hoodie,mid,8.5,standard,CN,1784,200,24,252,16.28,19.81,16.58
hoodie,mid,8.5,standard,CN,1425,200,44,173,19.03,20.92,17.83
hoodie,basic,7.0,standard,CN,1880,200,28,229,11.23,13.99,11.56
hoodie,mid,8.5,standard,CN,1632,200,10,336,16.76,18.31,17.24
hoodie,premium,10.0,premium,US,1303,72,38,56,34.73,42.11,35.34
hoodie,basic,7.0,budget,CN,1543,111,18,316,10.71,11.74,10.34
hoodie,basic,7.0,standard,US,508,74,40,30,14.51,14.7,13.54
hoodie,mid,8.5,premium,US,1602,200,35,340,23.55,28.57,22.97
hoodie,basic,7.0,budget,CN,1703,124,17,251,10.24,11.46,9.77
hoodie,basic,7.0,standard,US,996,102,40,236,14.9,16.05,13.92
hoodie,mid,8.5,premium,CN,1423,200,13,286,21.73,25.35,20.32
hoodie,basic,7.0,budget,CN,226,22,44,214,10.97,11.69,10.57
hoodie,mid,8.5,standard,CN,1089,127,18,174,16.17,18.22,16.99
hoodie,basic,7.0,standard,US,474,92,23,112,12.58,12.98,12.21
hoodie,mid,8.5,premium,US,469,112,14,75,23.21,26.52,22.12
hoodie,mid,8.5,budget,CN,252,47,23,164,17.18,19.19,16.03
hoodie,premium,10.0,budget,US,899,169,27,145,28.3,31.89,28.31
hoodie,basic,7.0,premium,MX,567,48,11,265,13.27,15.5,13.59
hoodie,mid,8.5,budget,CN,1132,200,20,328,16.12,17.85,16.73
hoodie,mid,8.5,budget,CN,938,50,38,90,14.9,16.6,15.68
hoodie,basic,7.0,budget,CN,700,161,43,15,10.96,13.55,10.89
hoodie,mid,8.5,standard,US,1131,107,31,260,20.39,25.56,20.0
hoodie,basic,7.0,standard,CN,138,24,12,201,11.92,14.47,11.8
hoodie,mid,8.5,budget,CN,105,25,19,167,17.67,19.8,16.57
hoodie,basic,7.0,budget,US,1320,181,19,85,12.75,14.81,13.0
hoodie,mid,8.5,standard,US,1048,164,35,22,20.01,25.73,20.9
hoodie,basic,7.0,budget,MX,1677,200,40,248,11.53,12.16,11.02
hoodie,basic,7.0,standard,US,1026,185,37,330,13.1,13.59,12.58
hoodie,basic,7.0,budget,CN,654,140,13,247,10.8,11.0,10.22
hoodie,mid,8.5,standard,CN,154,32,34,186,19.82,22.18,18.39
hoodie,basic,7.0,premium,CN,1204,191,27,123,11.84,13.27,12.26
hoodie,basic,7.0,standard,US,1158,96,22,311,12.1,15.65,12.57
hoodie,mid,8.5,standard,US,57,12,12,17,23.0,24.97,22.39
hoodie,mid,8.5,standard,CN,999,188,20,87,17.49,19.67,17.18
hoodie,premium,10.0,standard,MX,102,17,38,327,27.09,28.61,27.22
hoodie,basic,7.0,budget,CN,1110,200,30,290,9.79,11.57,9.69
hoodie,basic,7.0,budget,US,255,53,37,268,12.43,13.41,12.02
hoodie,basic,7.0,standard,US,1673,200,36,36,12.22,14.99,12.77
hoodie,basic,7.0,budget,CN,1079,78,22,241,10.39,11.26,10.01
hoodie,mid,8.5,standard,CN,225,21,33,116,18.5,21.89,18.9
hoodie,mid,8.5,premium,CN,321,29,36,105,22.14,27.34,21.45
hoodie,basic,7.0,budget,US,1442,200,24,83,12.2,13.83,12.07
hoodie,mid,8.5,budget,MX,629,107,17,309,17.93,19.63,16.89
hoodie,premium,10.0,standard,CN,1739,200,7,233,24.31,27.85,24.75
hoodie,mid,8.5,premium,CN,1236,200,43,16,23.58,26.3,22.56
hoodie,basic,7.0,standard,CN,1683,200,13,245,10.97,13.97,11.42
hoodie,mid,8.5,standard,CN,471,36,25,136,18.55,22.71,18.74
hoodie,premium,10.0,standard,MX,74,18,36,84,29.52,36.26,29.44
hoodie,basic,7.0,standard,MX,1322,66,11,211,11.57,12.8,11.51
hoodie,premium,10.0,standard,MX,1652,151,12,331,27.79,28.24,26.58
hoodie,premium,10.0,standard,CN,1843,111,31,201,27.53,32.27,26.62
hoodie,mid,8.5,standard,US,308,75,22,290,21.17,26.47,20.91
hoodie,mid,8.5,premium,CN,454,91,21,178,19.73,21.3,20.01
hoodie,basic,7.0,standard,CN,1103,200,37,286,12.33,13.52,12.1
hoodie,mid,8.5,standard,MX,1961,200,11,110,18.92,19.8,17.74
hoodie,premium,10.0,budget,US,590,42,16,268,26.08,33.89,26.71
hoodie,basic,7.0,standard,US,1422,200,15,256,11.85,12.77,12.0
hoodie,premium,10.0,budget,CN,1965,200,28,224,24.29,28.88,23.46
hoodie,mid,8.5,standard,US,1110,200,35,248,20.82,23.76,21.41
hoodie,mid,8.5,premium,US,1601,200,16,194,25.19,27.96,23.45
hoodie,basic,7.0,standard,US,398,97,16,96,13.02,14.95,13.47
hoodie,basic,7.0,standard,CN,96,17,29,89,12.25,13.06,12.01
hoodie,basic,7.0,premium,MX,853,200,16,248,14.2,16.23,13.91
hoodie,mid,8.5,budget,US,1859,200,43,355,20.42,25.11,19.95
hoodie,basic,7.0,standard,CN,1523,200,9,85,11.44,12.22,11.1
hoodie,basic,7.0,standard,US,1270,200,44,283,14.1,14.66,13.16
hoodie,basic,7.0,standard,CN,937,173,12,276,10.74,11.23,10.57
hoodie,mid,8.5,standard,CN,1491,200,30,211,17.54,20.09,17.77
hoodie,premium,10.0,premium,CN,204,19,35,226,31.93,34.05,29.67
hoodie,premium,10.0,budget,US,1227,200,16,120,30.24,32.83,28.04
hoodie,basic,7.0,premium,CN,1234,200,12,17,13.18,15.64,12.89
hoodie,mid,8.5,budget,CN,405,87,25,297,16.86,17.86,15.95
hoodie,mid,8.5,standard,US,1540,200,8,15,20.05,20.93,19.41
hoodie,mid,8.5,budget,US,392,58,22,28,19.29,25.01,19.56
hoodie,basic,7.0,standard,CN,1215,177,34,146,10.3,12.46,10.67
hoodie,mid,8.5,premium,CN,358,59,16,177,21.15,23.02,20.33
hoodie,basic,7.0,standard,US,1328,200,29,38,11.89,14.34,11.69
hoodie,basic,7.0,budget,CN,1566,130,27,175,10.32,11.11,9.93
hoodie,mid,8.5,standard,US,221,34,29,87,20.45,22.78,20.19
hoodie,premium,10.0,budget,CN,341,51,19,300,24.9,27.55,23.53
hoodie,mid,8.5,standard,MX,1573,200,33,249,17.9,21.25,18.8
hoodie,mid,8.5,budget,CN,930,200,45,281,16.48,20.1,16.57
hoodie,basic,7.0,premium,US,480,36,16,130,15.03,18.32,14.95
hoodie,basic,7.0,budget,US,1016,200,9,114,13.34,14.8,12.67
hoodie,basic,7.0,budget,US,543,31,26,355,12.31,14.19,11.97
hoodie,basic,7.0,standard,US,84,12,24,310,13.31,15.97,13.71
hoodie,mid,8.5,budget,CN,1192,75,44,21,15.44,19.43,15.88
hoodie,basic,7.0,standard,CN,1917,177,39,257,10.44,11.71,10.17
hoodie,premium,10.0,budget,CN,751,184,34,123,22.07,25.77,22.27
hoodie,mid,8.5,standard,US,764,145,42,34,21.82,24.49,21.51
hoodie,mid,8.5,standard,CN,1432,200,35,129,17.02,18.61,17.46
hoodie,mid,8.5,standard,CN,1415,174,7,359,17.96,21.45,18.64
hoodie,mid,8.5,budget,CN,318,41,44,66,16.95,18.63,17.0
hoodie,basic,7.0,premium,US,852,63,34,269,15.03,17.06,14.41
hoodie,basic,7.0,standard,CN,1343,200,29,257,12.76,13.6,12.55
hoodie,mid,8.5,budget,US,1027,153,15,29,16.65,18.54,17.4
hoodie,mid,8.5,premium,US,808,138,27,92,22.53,25.44,21.75
hoodie,mid,8.5,standard,US,626,114,38,272,19.65,24.66,19.76
hoodie,mid,8.5,premium,CN,89,22,14,210,20.25,23.13,21.21
hoodie,mid,8.5,standard,US,1836,200,38,234,20.42,22.75,19.58
hoodie,basic,7.0,standard,CN,1376,200,41,306,10.69,12.41,11.17
hoodie,mid,8.5,standard,US,1410,169,25,178,20.49,21.55,19.96
hoodie,basic,7.0,premium,US,1220,67,28,208,14.07,16.99,14.13
hoodie,basic,7.0,standard,US,1238,82,11,170,12.7,15.33,13.06
hoodie,basic,7.0,standard,US,890,145,33,150,12.82,15.27,12.93
hoodie,basic,7.0,budget,CN,1025,71,20,186,10.7,12.2,10.14
hoodie,basic,7.0,budget,US,917,82,11,288,11.72,14.13,11.44
hoodie,mid,8.5,premium,US,1494,200,13,317,22.05,28.39,23.0
hoodie,mid,8.5,budget,CN,1654,108,26,272,14.76,17.28,15.12
hoodie,mid,8.5,standard,CN,1588,200,8,335,18.75,20.87,17.65
hoodie,basic,7.0,premium,CN,1545,200,24,340,11.97,14.03,11.89
hoodie,mid,8.5,standard,CN,771,109,22,91,17.85,21.16,17.01
hoodie,basic,7.0,premium,US,1891,118,20,225,14.66,15.58,14.11
hoodie,basic,7.0,budget,CN,81,12,26,251,11.82,12.57,10.96
hoodie,premium,10.0,budget,CN,583,45,23,156,26.13,28.23,24.3
hoodie,basic,7.0,premium,MX,196,22,26,46,14.67,16.58,14.63
hoodie,mid,8.5,budget,US,1956,200,15,134,17.98,21.91,17.66
hoodie,premium,10.0,premium,CN,540,80,12,135,27.59,29.47,26.26
hoodie,mid,8.5,standard,US,1675,200,22,230,20.15,23.38,20.44
hoodie,premium,10.0,budget,CN,1117,139,14,176,23.62,25.84,23.35
hoodie,basic,7.0,standard,US,321,39,30,171,14.81,16.81,13.98
hoodie,premium,10.0,standard,CN,1640,200,23,296,26.07,30.57,25.24
hoodie,premium,10.0,standard,US,1120,200,35,212,34.6,36.22,32.36
hoodie,premium,10.0,standard,CN,634,58,17,238,26.93,31.03,25.3
hoodie,basic,7.0,budget,CN,1799,118,38,255,10.56,13.26,10.51
hoodie,basic,7.0,budget,CN,559,84,29,229,10.74,12.4,10.17
hoodie,mid,8.5,budget,CN,131,23,18,336,16.12,18.51,16.52
hoodie,mid,8.5,budget,CN,536,82,15,318,16.85,17.98,16.0
hoodie,mid,8.5,standard,CN,558,47,44,181,18.07,23.23,18.56
hoodie,premium,10.0,premium,CN,484,26,8,299,30.96,37.78,30.02
hoodie,premium,10.0,budget,CN,1461,200,10,219,23.97,24.3,22.31
hoodie,mid,8.5,budget,CN,1101,150,36,358,15.59,17.46,15.92
hoodie,premium,10.0,premium,US,570,61,38,209,37.77,39.02,34.99
hoodie,mid,8.5,standard,MX,861,179,8,162,17.17,20.2,17.51
hoodie,basic,7.0,standard,US,1350,191,7,254,12.73,14.87,12.25
hoodie,mid,8.5,standard,US,549,35,42,44,23.59,25.52,22.03
hoodie,basic,7.0,standard,US,1398,200,45,37,13.53,15.13,12.56
hoodie,basic,7.0,premium,CN,109,18,23,100,14.14,16.53,13.2
hoodie,basic,7.0,standard,US,1111,151,23,73,14.48,14.99,13.45
hoodie,basic,7.0,standard,US,1873,200,23,278,13.46,14.18,12.63
hoodie,premium,10.0,standard,US,334,53,35,41,31.55,33.93,31.2
hoodie,mid,8.5,budget,CN,1858,200,9,240,16.33,18.2,15.67
hoodie,mid,8.5,premium,US,1800,143,29,61,23.21,27.46,22.16
hoodie,mid,8.5,standard,CN,459,76,7,283,18.54,24.04,19.05
hoodie,basic,7.0,standard,CN,218,49,8,159,11.57,14.3,11.27
hoodie,mid,8.5,budget,CN,191,27,37,246,15.89,19.38,16.13
hoodie,basic,7.0,budget,US,1299,200,27,305,11.96,14.95,12.12
hoodie,mid,8.5,standard,US,1258,158,32,144,20.67,24.01,19.22
hoodie,basic,7.0,premium,CN,358,45,32,159,13.16,16.43,13.31
hoodie,mid,8.5,premium,CN,1875,200,15,197,20.44,22.56,19.32
hoodie,mid,8.5,premium,US,1000,103,45,230,21.8,26.75,22.38
hoodie,basic,7.0,standard,CN,974,180,16,267,11.8,12.2,11.41
hoodie,mid,8.5,budget,CN,1666,200,16,79,15.62,18.34,15.53
hoodie,mid,8.5,premium,US,1076,76,34,225,24.39,27.79,23.54
hoodie,basic,7.0,budget,CN,192,39,8,72,10.21,10.22,9.64
hoodie,basic,7.0,standard,CN,667,111,36,357,12.35,13.21,11.71
hoodie,premium,10.0,premium,MX,457,39,45,146,30.92,35.02,32.52
hoodie,basic,7.0,standard,US,1441,188,45,263,14.21,16.04,13.46
hoodie,mid,8.5,premium,US,1407,181,26,58,21.91,29.3,23.01
hoodie,premium,10.0,budget,CN,1353,106,22,237,24.5,27.09,23.08
hoodie,basic,7.0,standard,US,328,47,8,73,14.46,15.58,13.45
hoodie,premium,10.0,standard,US,437,47,32,40,30.59,39.53,31.75
hoodie,basic,7.0,standard,MX,1040,200,45,297,12.71,15.21,12.5
hoodie,premium,10.0,premium,US,1801,200,10,284,33.25,38.19,32.44
hoodie,basic,7.0,standard,MX,1845,200,38,332,10.84,12.7,11.38
hoodie,basic,7.0,standard,US,500,75,44,364,14.42,17.44,14.02
hoodie,mid,8.5,budget,CN,625,121,31,227,16.59,19.43,15.75
hoodie,mid,8.5,standard,CN,603,113,12,355,16.24,18.14,16.7
hoodie,mid,8.5,standard,US,1956,200,26,134,21.46,22.82,20.16
hoodie,basic,7.0,premium,CN,1856,200,11,186,12.72,13.31,12.35
hoodie,basic,7.0,budget,US,721,149,9,299,12.12,14.35,11.92
hoodie,mid,8.5,premium,CN,921,193,14,68,21.31,25.82,20.7
hoodie,basic,7.0,standard,MX,1063,75,14,119,11.96,13.84,11.87
hoodie,mid,8.5,budget,CN,1350,165,15,76,16.28,18.52,16.17
hoodie,mid,8.5,budget,US,1682,200,25,272,18.01,21.43,17.94
hoodie,basic,7.0,standard,CN,1109,148,21,84,11.99,13.67,11.95
hoodie,mid,8.5,premium,US,1652,200,8,240,25.41,25.34,23.69
hoodie,basic,7.0,premium,CN,361,49,32,32,13.52,16.45,13.08
hoodie,basic,7.0,standard,CN,1485,200,40,165,12.67,14.48,11.91
hoodie,basic,7.0,standard,MX,1718,182,40,326,11.83,13.09,11.36
hoodie,basic,7.0,standard,MX,1639,200,35,190,11.6,13.31,11.89
hoodie,basic,7.0,standard,MX,1510,200,15,280,10.97,11.91,11.12
hoodie,mid,8.5,standard,MX,1575,200,8,28,18.53,19.61,17.51
hoodie,basic,7.0,standard,CN,1524,94,30,146,11.14,11.86,11.18
hoodie,mid,8.5,budget,US,635,104,7,246,18.67,22.1,18.2
hoodie,premium,10.0,standard,US,1754,200,29,167,32.82,37.89,31.2
hoodie,mid,8.5,standard,CN,1089,200,13,181,18.11,19.45,17.95
hoodie,basic,7.0,standard,US,213,13,15,257,13.48,16.93,14.04
hoodie,basic,7.0,standard,CN,1620,200,23,313,11.5,12.49,10.74
hoodie,premium,10.0,premium,US,320,48,38,248,36.39,43.62,34.94
hoodie,basic,7.0,budget,CN,994,56,17,300,10.65,11.45,10.62
hoodie,mid,8.5,budget,US,338,24,26,205,18.62,22.64,18.38
hoodie,basic,7.0,standard,US,124,29,26,159,13.27,15.53,13.74
hoodie,premium,10.0,standard,CN,1198,134,35,186,25.2,30.28,24.91
hoodie,mid,8.5,standard,CN,1058,187,35,355,19.34,22.07,18.35
hoodie,basic,7.0,budget,MX,834,98,9,357,10.68,12.24,10.21
hoodie,premium,10.0,standard,CN,1196,200,26,301,27.4,29.96,25.51
hoodie,mid,8.5,premium,MX,1093,96,37,271,19.99,26.19,20.7
hoodie,basic,7.0,budget,US,1636,149,44,241,11.61,13.15,11.31
hoodie,premium,10.0,standard,CN,394,52,40,176,25.53,33.85,26.54
hoodie,mid,8.5,budget,US,399,40,12,92,18.53,20.24,17.99
hoodie,basic,7.0,budget,MX,823,57,16,225,10.53,13.56,10.71
hoodie,premium,10.0,budget,CN,515,103,44,135,23.2,25.58,24.04
hoodie,mid,8.5,standard,US,1016,56,21,23,20.86,23.38,19.4
hoodie,basic,7.0,standard,CN,1633,122,43,222,12.31,12.67,11.7
hoodie,mid,8.5,budget,CN,527,83,34,298,14.94,18.19,15.72
hoodie,mid,8.5,budget,CN,367,18,37,153,16.79,20.15,16.86
hoodie,mid,8.5,standard,US,118,12,41,302,20.0,25.18,20.8
hoodie,mid,8.5,standard,CN,597,134,20,326,19.69,21.95,18.35
hoodie,premium,10.0,standard,US,584,57,27,188,29.6,31.0,27.54
hoodie,premium,10.0,budget,MX,1913,96,37,16,25.34,28.79,23.76
hoodie,mid,8.5,standard,US,1637,200,11,289,20.18,22.97,19.07
hoodie,mid,8.5,standard,CN,1689,200,45,197,20.07,20.09,18.62
hoodie,basic,7.0,budget,CN,44,12,8,157,10.41,10.93,9.99
hoodie,mid,8.5,standard,MX,1680,200,21,266,19.89,22.72,19.1
hoodie,basic,7.0,premium,CN,1332,172,24,305,12.36,13.91,12.71
hoodie,mid,8.5,standard,US,1259,200,11,315,20.96,22.57,20.47
hoodie,mid,8.5,standard,CN,417,91,8,361,17.69,21.22,18.0
hoodie,mid,8.5,premium,CN,1337,200,10,179,20.88,23.27,20.11
hoodie,basic,7.0,standard,MX,1835,200,10,156,11.68,12.87,11.46
hoodie,basic,7.0,standard,MX,1827,200,8,129,11.09,12.28,11.29
hoodie,basic,7.0,standard,CN,223,12,34,26,12.22,13.35,11.85
hoodie,basic,7.0,budget,CN,513,124,10,184,10.46,11.72,10.18
hoodie,basic,7.0,standard,CN,280,18,10,31,12.37,14.04,11.61
hoodie,mid,8.5,budget,CN,1668,200,26,326,17.09,18.68,16.71
hoodie,basic,7.0,budget,CN,1565,200,45,351,10.62,12.18,10.53
hoodie,basic,7.0,standard,CN,232,27,8,246,10.72,13.68,11.27
hoodie,mid,8.5,premium,CN,1877,200,39,145,19.96,23.51,19.71
hoodie,basic,7.0,budget,CN,115,12,26,313,11.22,14.2,11.33
hoodie,mid,8.5,budget,MX,657,112,25,202,16.84,19.88,16.55
hoodie,basic,7.0,budget,US,1702,200,10,230,11.67,12.74,11.95
hoodie,basic,7.0,standard,MX,1441,200,45,183,12.12,13.35,11.84
hoodie,basic,7.0,standard,US,239,33,9,267,13.18,16.05,13.45
hoodie,basic,7.0,standard,CN,1975,200,31,119,11.86,11.8,11.22
hoodie,basic,7.0,standard,US,1161,84,25,239,11.57,12.8,12.11
hoodie,basic,7.0,budget,CN,1838,188,18,187,9.46,10.55,9.63
hoodie,basic,7.0,budget,CN,232,12,15,208,10.42,12.31,10.66
hoodie,basic,7.0,standard,US,375,89,34,47,13.81,14.01,12.97
hoodie,basic,7.0,standard,MX,1447,180,45,233,12.31,13.07,11.95
hoodie,mid,8.5,standard,MX,696,69,24,78,20.32,23.68,18.89
hoodie,basic,7.0,budget,CN,988,200,11,99,10.2,11.69,10.04
hoodie,mid,8.5,standard,CN,790,122,37,267,17.47,20.38,17.03
hoodie,mid,8.5,standard,MX,449,42,19,245,19.42,21.54,18.23
hoodie,premium,10.0,standard,CN,1152,77,12,165,25.85,30.74,25.96
hoodie,mid,8.5,standard,CN,897,125,34,223,16.58,20.03,17.39
hoodie,basic,7.0,budget,CN,1871,124,39,276,9.78,11.35,10.19
hoodie,basic,7.0,budget,US,762,43,19,184,12.06,13.79,11.42
hoodie,basic,7.0,standard,US,307,76,41,147,13.68,17.14,13.83
hoodie,mid,8.5,standard,CN,855,183,7,255,20.43,21.2,19.23
hoodie,mid,8.5,budget,CN,503,77,42,253,16.55,20.19,16.39
hoodie,basic,7.0,budget,CN,1602,200,33,121,9.89,12.78,10.22
hoodie,basic,7.0,standard,US,1048,200,29,187,12.91,15.7,12.84
hoodie,mid,8.5,standard,CN,638,73,8,304,19.32,20.26,17.99
hoodie,mid,8.5,standard,US,1269,200,32,209,20.12,23.58,20.1
hoodie,basic,7.0,budget,US,1191,200,26,61,12.11,13.61,11.45
hoodie,basic,7.0,budget,US,1891,200,25,119,11.61,11.95,11.21
hoodie,basic,7.0,standard,US,376,43,33,214,13.95,14.69,13.78
hoodie,premium,10.0,premium,CN,291,65,26,235,31.78,33.31,30.66
hoodie,mid,8.5,standard,US,440,66,36,155,23.0,25.88,21.76
hoodie,basic,7.0,standard,CN,1190,200,36,250,11.88,12.68,11.36
hoodie,premium,10.0,standard,CN,1459,200,26,214,25.44,32.56,25.9
hoodie,mid,8.5,standard,CN,1890,200,43,62,18.71,19.27,17.44
hoodie,premium,10.0,budget,MX,1311,200,11,125,21.66,25.45,22.43
hoodie,mid,8.5,standard,US,1621,186,35,98,21.33,24.28,21.0
hoodie,basic,7.0,standard,MX,1560,200,28,218,11.26,14.72,11.67
hoodie,basic,7.0,standard,CN,1017,144,12,294,11.68,12.89,11.2
hoodie,mid,8.5,budget,US,355,29,8,324,18.09,19.31,18.08
hoodie,mid,8.5,standard,CN,339,46,18,124,20.15,22.16,18.9
hoodie,basic,7.0,budget,CN,1325,200,13,213,9.08,10.79,9.49
hoodie,basic,7.0,budget,CN,1886,184,12,22,10.89,11.39,10.1
hoodie,basic,7.0,standard,US,476,115,13,354,12.73,14.86,13.21
hoodie,mid,8.5,budget,US,449,106,32,233,18.93,21.92,19.36
hoodie,basic,7.0,standard,US,672,35,20,248,13.12,13.48,12.72
hoodie,premium,10.0,standard,CN,1596,200,13,288,26.32,29.05,24.6
hoodie,basic,7.0,budget,MX,689,169,31,361,10.51,13.23,10.8
hoodie,mid,8.5,premium,CN,1389,200,28,23,19.91,22.08,19.4
hoodie,mid,8.5,budget,US,1228,200,7,133,17.53,20.52,17.87
hoodie,basic,7.0,budget,US,306,38,25,117,11.39,12.34,11.66
hoodie,premium,10.0,standard,US,1962,200,28,82,28.45,35.63,27.95
hoodie,mid,8.5,budget,US,73,12,28,189,18.64,22.99,18.27
hoodie,mid,8.5,budget,MX,1432,200,21,325,16.59,17.12,16.08
hoodie,mid,8.5,premium,US,131,23,16,118,22.74,27.5,23.38
hoodie,mid,8.5,budget,US,1064,69,36,173,19.22,20.92,18.68
hoodie,mid,8.5,premium,MX,437,45,37,54,22.15,25.26,22.22
hoodie,mid,8.5,standard,US,1273,200,16,260,19.76,23.78,18.84
hoodie,mid,8.5,budget,US,1513,128,31,251,18.92,22.61,19.17
hoodie,mid,8.5,standard,US,1489,200,16,111,20.73,23.73,20.76
hoodie,basic,7.0,standard,CN,1545,192,38,171,11.08,12.34,10.79
hoodie,basic,7.0,premium,CN,813,192,17,113,14.09,15.2,13.45
hoodie,mid,8.5,standard,CN,779,147,31,231,17.31,18.66,17.64
hoodie,mid,8.5,standard,CN,1410,78,16,147,17.53,21.12,17.85
hoodie,mid,8.5,budget,CN,264,53,31,217,17.66,17.52,16.4
hoodie,premium,10.0,premium,CN,364,78,23,168,27.8,33.02,27.09
hoodie,mid,8.5,premium,CN,1805,122,43,190,19.36,21.59,19.66
hoodie,mid,8.5,standard,US,38,12,38,14,22.15,24.63,22.06
hoodie,basic,7.0,budget,US,406,77,19,263,12.11,13.01,11.28
hoodie,mid,8.5,budget,MX,145,28,19,146,18.99,19.1,17.77
hoodie,mid,8.5,budget,US,200,25,24,46,18.74,21.18,18.26
hoodie,mid,8.5,budget,CN,150,15,7,354,16.92,17.48,16.62
hoodie,mid,8.5,premium,CN,1584,163,38,256,20.51,22.48,19.94
hoodie,mid,8.5,standard,CN,670,142,30,354,17.55,20.38,16.5
hoodie,basic,7.0,premium,CN,847,165,15,27,12.44,13.04,11.7
hoodie,mid,8.5,premium,CN,779,109,37,277,22.71,26.15,21.14
hoodie,basic,7.0,standard,CN,118,28,27,361,13.49,14.97,13.11
hoodie,mid,8.5,budget,MX,901,200,37,351,17.63,19.53,17.84
hoodie,basic,7.0,standard,US,1196,200,39,30,13.23,14.06,12.56
hoodie,mid,8.5,standard,CN,1816,200,35,73,16.73,21.81,17.21
hoodie,mid,8.5,budget,CN,1490,83,27,210,15.43,17.49,15.77
hoodie,mid,8.5,premium,CN,277,50,41,338,23.21,27.6,21.83
hoodie,mid,8.5,standard,CN,1343,159,31,348,18.77,22.88,18.35
hoodie,mid,8.5,budget,US,261,28,14,59,19.47,21.45,18.15
hoodie,basic,7.0,standard,US,803,132,7,173,12.8,15.62,12.55
hoodie,premium,10.0,standard,CN,772,161,15,280,24.07,31.54,25.31
hoodie,basic,7.0,premium,CN,632,137,38,362,13.18,13.89,12.82
hoodie,mid,8.5,premium,CN,1464,83,27,172,20.72,23.1,19.54
hoodie,mid,8.5,budget,MX,621,118,31,44,16.34,20.4,16.45
hoodie,basic,7.0,standard,MX,1684,160,10,105,12.08,14.41,11.44
hoodie,basic,7.0,budget,CN,828,97,37,192,10.0,11.7,9.99
hoodie,basic,7.0,standard,US,424,80,42,215,13.75,13.75,12.94
hoodie,premium,10.0,standard,CN,1365,112,15,240,26.7,29.28,27.03
hoodie,basic,7.0,standard,US,1530,200,30,308,13.07,16.69,13.08
hoodie,mid,8.5,budget,MX,140,12,37,105,15.66,18.95,16.22
hoodie,basic,7.0,standard,US,329,57,32,139,13.86,16.92,13.33
hoodie,mid,8.5,standard,MX,1441,200,12,251,19.66,21.15,19.0
hoodie,mid,8.5,standard,CN,270,19,14,264,18.97,23.6,18.48
hoodie,mid,8.5,standard,CN,218,45,18,210,18.53,20.6,17.92
hoodie,mid,8.5,budget,CN,155,29,41,108,17.61,20.51,16.67
hoodie,mid,8.5,budget,MX,1739,200,14,120,16.74,17.13,15.69
hoodie,mid,8.5,budget,US,1161,161,27,76,16.62,19.18,17.29
hoodie,mid,8.5,budget,US,280,42,30,292,19.74,22.02,18.33
hoodie,basic,7.0,budget,CN,1961,200,25,351,10.23,13.01,10.33
hoodie,premium,10.0,standard,CN,1070,98,13,353,25.9,28.87,26.41
hoodie,basic,7.0,premium,CN,1985,152,42,124,12.61,14.76,12.55
hoodie,basic,7.0,standard,CN,359,46,12,144,13.0,13.13,12.12
hoodie,basic,7.0,standard,CN,576,143,19,204,10.72,13.68,11.04
hoodie,basic,7.0,standard,US,801,44,45,140,12.29,13.68,12.72
hoodie,mid,8.5,budget,US,1336,90,28,153,17.69,23.43,18.37
hoodie,basic,7.0,premium,CN,1628,200,18,283,11.95,14.95,12.07
hoodie,mid,8.5,standard,US,1459,200,25,296,20.14,24.85,20.32
hoodie,basic,7.0,premium,CN,1413,200,41,296,13.65,14.93,12.87
hoodie,basic,7.0,budget,CN,1076,200,15,87,10.5,12.81,10.05
hoodie,mid,8.5,budget,CN,1271,169,36,107,15.82,18.39,15.88
hoodie,basic,7.0,premium,CN,1091,200,21,170,13.61,16.13,12.96
hoodie,mid,8.5,budget,US,516,123,17,308,19.55,21.99,18.68
hoodie,mid,8.5,premium,CN,1995,200,39,83,18.22,20.7,17.1
hoodie,basic,7.0,standard,CN,1890,200,7,231,11.32,11.96,10.81
hoodie,mid,8.5,premium,CN,1711,200,40,364,19.05,23.0,18.36
hoodie,mid,8.5,budget,CN,178,21,15,277,14.67,17.86,15.34
hoodie,basic,7.0,premium,MX,717,166,22,290,13.71,15.04,13.54
hoodie,basic,7.0,standard,CN,831,77,26,343,11.8,14.01,11.07
hoodie,premium,10.0,premium,US,142,17,36,182,37.33,40.85,35.76
hoodie,basic,7.0,standard,CN,429,28,39,92,12.76,12.56,11.94
hoodie,mid,8.5,budget,CN,988,127,26,200,15.91,18.99,16.5
hoodie,mid,8.5,budget,MX,749,149,7,197,18.32,18.91,17.58
hoodie,basic,7.0,budget,CN,887,176,9,96,11.86,11.85,11.0
hoodie,mid,8.5,standard,CN,1421,200,27,218,18.3,21.27,17.1
hoodie,basic,7.0,budget,US,245,51,15,93,12.01,15.57,12.55
hoodie,basic,7.0,standard,CN,41,12,25,158,12.71,13.42,12.12
hoodie,basic,7.0,standard,MX,535,56,14,148,11.55,14.36,11.84
hoodie,mid,8.5,standard,CN,1053,181,19,316,18.37,20.42,18.95
hoodie,basic,7.0,budget,CN,418,98,34,23,10.6,11.84,10.57
hoodie,mid,8.5,budget,CN,713,96,10,275,15.28,17.17,15.97
hoodie,basic,7.0,premium,US,1482,198,27,38,15.09,16.97,15.21
hoodie,basic,7.0,standard,US,907,78,38,200,12.63,15.77,13.1
hoodie,mid,8.5,standard,CN,291,33,30,315,17.18,20.01,17.58
hoodie,premium,10.0,budget,MX,1545,200,9,314,26.26,30.53,24.66
hoodie,basic,7.0,standard,US,227,14,41,330,12.95,16.12,13.26
hoodie,basic,7.0,budget,MX,1152,200,42,191,9.56,11.52,9.48
hoodie,premium,10.0,budget,US,883,136,39,25,26.23,33.73,26.56
hoodie,basic,7.0,premium,CN,414,82,32,267,15.23,18.25,14.33
hoodie,basic,7.0,standard,CN,811,131,31,219,11.71,13.56,11.43
hoodie,basic,7.0,premium,US,1075,151,40,146,14.39,17.83,14.7
hoodie,mid,8.5,budget,CN,118,18,25,34,16.64,21.52,17.2
hoodie,basic,7.0,premium,CN,1711,157,14,14,12.63,15.59,12.24
hoodie,basic,7.0,premium,MX,1835,200,15,223,12.89,13.15,12.5
hoodie,basic,7.0,standard,CN,597,50,8,289,13.27,15.81,12.49
hoodie,mid,8.5,standard,CN,1434,181,23,334,16.02,18.2,16.37
hoodie,mid,8.5,premium,CN,1566,200,35,132,19.57,21.09,19.45
hoodie,mid,8.5,standard,CN,965,83,18,110,17.84,20.27,18.08
hoodie,premium,10.0,premium,US,1432,200,11,87,31.47,40.35,32.05
hoodie,premium,10.0,budget,US,1103,85,7,322,24.4,31.82,25.64
hoodie,premium,10.0,budget,CN,1602,106,16,335,24.35,24.33,23.12
hoodie,mid,8.5,standard,US,1700,200,12,117,21.01,22.3,19.9
hoodie,mid,8.5,budget,US,1138,200,41,77,16.18,19.9,16.93
hoodie,basic,7.0,premium,US,875,68,21,26,13.85,17.71,14.03
hoodie,mid,8.5,standard,US,1489,200,14,265,19.65,21.88,20.38
hoodie,premium,10.0,standard,MX,1285,150,30,57,26.93,31.4,26.43
hoodie,mid,8.5,budget,MX,1391,200,25,192,16.08,19.01,16.32
hoodie,basic,7.0,budget,MX,1882,200,11,15,10.7,11.97,11.04
hoodie,basic,7.0,standard,CN,1004,200,14,309,11.57,12.0,11.08
hoodie,basic,7.0,budget,CN,1596,200,27,267,10.48,11.21,9.95
hoodie,mid,8.5,standard,CN,528,66,42,268,17.85,20.65,17.6
hoodie,basic,7.0,budget,CN,1489,200,43,126,11.09,10.83,10.28
hoodie,mid,8.5,premium,CN,1911,137,29,198,21.01,24.48,19.77
hoodie,basic,7.0,budget,US,1772,200,33,138,11.28,14.15,11.69
hoodie,basic,7.0,standard,CN,1450,200,30,41,12.44,12.81,12.01
hoodie,mid,8.5,premium,US,86,12,16,54,25.54,31.18,25.43
hoodie,mid,8.5,budget,CN,1105,200,26,254,15.97,19.76,16.07
hoodie,mid,8.5,budget,CN,344,21,9,323,16.92,19.29,15.99
hoodie,premium,10.0,standard,US,1723,175,43,270,29.07,37.52,29.68
hoodie,basic,7.0,budget,CN,798,195,15,122,11.1,13.38,10.5
hoodie,mid,8.5,budget,CN,1443,200,27,348,17.05,17.54,16.12
hoodie,mid,8.5,standard,CN,423,43,13,53,17.65,19.56,17.99
hoodie,basic,7.0,budget,CN,47,12,26,110,10.78,11.04,10.44
hoodie,basic,7.0,premium,US,1181,69,37,37,16.15,18.33,14.99
hoodie,premium,10.0,standard,CN,669,134,29,80,25.66,30.49,26.66
hoodie,mid,8.5,budget,CN,1678,200,8,314,13.66,15.56,14.31
hoodie,mid,8.5,budget,CN,1306,89,21,124,16.58,19.65,16.02
hoodie,basic,7.0,premium,CN,1082,200,45,347,12.53,14.47,12.96
hoodie,mid,8.5,premium,US,106,24,31,136,23.55,24.42,22.88
hoodie,basic,7.0,standard,CN,1043,72,7,87,11.35,13.53,10.77
hoodie,mid,8.5,standard,US,372,88,17,48,22.01,23.63,22.07
hoodie,basic,7.0,standard,CN,553,136,23,240,11.85,12.25,11.57
hoodie,premium,10.0,standard,CN,1780,200,15,239,27.22,32.59,25.68
hoodie,basic,7.0,standard,MX,1061,148,9,331,12.87,14.57,12.36
hoodie,basic,7.0,budget,US,794,64,32,51,12.81,14.5,12.04
hoodie,basic,7.0,standard,US,1120,200,36,69,13.78,15.8,12.88
hoodie,basic,7.0,standard,US,674,79,45,262,12.65,13.01,12.09
hoodie,mid,8.5,standard,CN,1967,200,20,177,17.85,23.03,18.63
hoodie,mid,8.5,premium,CN,462,28,8,364,19.43,21.56,19.77
hoodie,basic,7.0,budget,CN,192,21,35,228,11.08,11.22,10.47
hoodie,premium,10.0,standard,MX,1567,171,19,192,26.17,30.31,25.84
hoodie,mid,8.5,premium,CN,919,111,43,213,18.25,22.74,18.7
hoodie,mid,8.5,budget,US,1385,200,27,21,17.76,19.07,17.59
hoodie,premium,10.0,budget,MX,1405,184,40,15,27.12,31.44,26.27
hoodie,mid,8.5,budget,CN,1552,200,33,293,15.97,17.08,15.53
hoodie,basic,7.0,budget,CN,1416,200,7,203,10.92,13.45,10.76
hoodie,mid,8.5,standard,CN,958,127,29,194,18.11,22.95,18.01
hoodie,basic,7.0,premium,CN,964,130,18,297,12.83,14.63,12.11
hoodie,basic,7.0,budget,CN,1295,200,13,58,9.54,11.87,9.9
hoodie,mid,8.5,standard,CN,1041,200,41,65,17.35,20.84,16.73
hoodie,basic,7.0,standard,MX,1154,145,19,254,11.63,14.4,11.68
hoodie,mid,8.5,premium,MX,1345,200,32,17,20.66,25.21,20.98
hoodie,basic,7.0,premium,MX,1887,200,22,16,12.44,13.05,12.39
hoodie,basic,7.0,standard,US,1697,200,45,176,14.33,18.6,14.6
hoodie,basic,7.0,standard,US,1721,103,43,233,12.98,16.02,12.57
hoodie,basic,7.0,premium,CN,1084,88,21,64,13.09,14.56,12.77
hoodie,mid,8.5,premium,US,1739,200,27,118,21.76,24.02,22.82
hoodie,mid,8.5,budget,CN,1290,200,12,306,15.82,18.74,15.68
hoodie,basic,7.0,budget,CN,1863,175,19,288,10.2,12.07,9.77
hoodie,basic,7.0,budget,US,130,13,16,335,12.5,16.37,12.96
hoodie,basic,7.0,budget,CN,561,128,12,53,10.06,12.54,10.09
hoodie,basic,7.0,standard,US,69,12,38,334,13.46,17.11,13.59
hoodie,mid,8.5,budget,CN,45,12,43,337,15.93,21.28,16.7
hoodie,premium,10.0,standard,CN,1282,200,7,95,25.97,29.61,25.24
hoodie,mid,8.5,standard,US,467,104,14,125,20.12,22.23,20.79
hoodie,mid,8.5,budget,CN,585,85,12,192,16.41,17.89,15.55
hoodie,premium,10.0,premium,US,537,45,24,215,33.92,38.17,32.21
hoodie,basic,7.0,budget,CN,1503,200,35,230,9.77,11.54,10.14
hoodie,basic,7.0,standard,US,1863,200,11,244,12.41,15.18,13.0
hoodie,mid,8.5,budget,CN,1718,200,40,194,17.03,18.5,16.93
hoodie,basic,7.0,budget,US,786,97,27,76,12.74,14.89,12.26
hoodie,basic,7.0,standard,CN,683,156,42,47,10.72,12.4,11.13
hoodie,mid,8.5,premium,CN,1786,200,43,344,20.37,21.82,19.43
hoodie,basic,7.0,budget,CN,1668,200,9,154,10.0,11.47,10.08
hoodie,mid,8.5,budget,MX,1343,200,43,16,16.95,21.35,17.17
hoodie,basic,7.0,premium,US,1905,200,28,344,13.3,14.83,13.25
hoodie,basic,7.0,standard,CN,188,30,27,266,11.9,14.39,11.89
hoodie,mid,8.5,premium,US,1889,140,30,330,22.07,29.15,22.8
hoodie,premium,10.0,standard,CN,488,41,19,202,28.56,29.43,28.0
hoodie,mid,8.5,budget,MX,1834,200,14,38,17.32,20.8,16.82
hoodie,basic,7.0,budget,US,307,51,14,78,11.59,14.16,11.96
hoodie,premium,10.0,premium,CN,1329,185,14,281,29.06,30.33,26.98
hoodie,mid,8.5,budget,CN,565,114,12,194,16.52,18.66,15.53
hoodie,mid,8.5,budget,US,184,12,38,44,18.72,21.76,18.72
hoodie,basic,7.0,premium,CN,1584,200,27,173,12.49,15.03,12.07
hoodie,basic,7.0,budget,CN,1902,200,35,331,10.05,11.08,10.19
hoodie,basic,7.0,premium,CN,1352,95,36,68,12.17,15.57,12.4
hoodie,basic,7.0,budget,US,1380,200,29,149,10.92,12.75,11.17
hoodie,basic,7.0,standard,CN,928,96,13,39,11.56,12.69,11.06
hoodie,basic,7.0,standard,CN,1241,130,45,266,11.39,12.47,11.59
hoodie,basic,7.0,premium,US,1203,124,11,286,14.02,17.07,14.31
hoodie,mid,8.5,standard,US,232,21,24,267,20.78,24.98,21.04
hoodie,mid,8.5,budget,MX,1055,200,37,170,16.9,17.71,16.26
hoodie,mid,8.5,budget,CN,705,162,16,20,17.07,19.86,15.85
hoodie,basic,7.0,standard,US,44,12,37,312,14.84,16.16,13.95
hoodie,basic,7.0,budget,CN,1417,200,21,282,9.71,12.45,10.08
hoodie,basic,7.0,standard,CN,743,184,23,353,10.54,11.13,10.57
hoodie,basic,7.0,standard,US,1850,200,45,261,12.06,16.14,12.66
hoodie,premium,10.0,standard,CN,315,38,8,139,25.46,28.12,24.47
hoodie,basic,7.0,budget,MX,1910,200,13,154,10.05,12.67,9.97
hoodie,mid,8.5,budget,CN,1415,169,28,214,15.76,16.36,14.69
hoodie,basic,7.0,standard,CN,1462,173,14,235,10.33,11.16,10.38
hoodie,basic,7.0,premium,MX,326,46,16,281,13.41,15.65,13.01
hoodie,basic,7.0,budget,US,1662,181,36,34,11.89,12.33,11.73
hoodie,basic,7.0,premium,CN,127,12,29,159,13.22,16.54,13.02
hoodie,mid,8.5,premium,CN,1485,154,19,235,20.33,22.74,20.1
hoodie,mid,8.5,standard,MX,890,115,13,147,19.12,20.28,18.61
hoodie,basic,7.0,premium,US,1672,200,19,142,13.23,16.24,13.76
hoodie,mid,8.5,standard,US,794,163,34,63,20.48,22.81,20.33
hoodie,premium,10.0,standard,MX,984,118,36,229,23.78,30.59,24.94
hoodie,basic,7.0,budget,CN,1882,200,22,311,9.89,12.02,10.23
hoodie,mid,8.5,budget,CN,1571,200,15,220,14.9,18.21,14.65
hoodie,basic,7.0,budget,CN,1355,96,45,63,10.73,12.67,10.48
hoodie,premium,10.0,budget,CN,1222,200,10,118,19.94,25.88,20.61
hoodie,mid,8.5,budget,CN,1311,147,7,262,14.64,15.98,15.0
hoodie,basic,7.0,premium,CN,1089,75,20,67,12.3,13.85,12.85
hoodie,basic,7.0,premium,CN,1704,165,41,147,12.71,15.27,12.24
hoodie,mid,8.5,standard,US,1327,72,16,350,18.29,21.75,18.74
hoodie,basic,7.0,budget,CN,1230,182,24,214,10.62,11.66,10.08
hoodie,mid,8.5,budget,US,605,85,43,213,19.64,21.97,18.42
hoodie,basic,7.0,premium,US,1996,155,36,155,14.74,17.7,15.19
hoodie,premium,10.0,budget,US,1873,200,31,276,26.93,29.11,25.81
hoodie,mid,8.5,standard,US,595,123,26,215,21.06,23.09,19.88
hoodie,premium,10.0,standard,CN,394,65,39,351,29.39,30.92,27.36
hoodie,mid,8.5,standard,US,117,12,17,132,20.77,27.26,21.55
hoodie,mid,8.5,standard,MX,1605,200,22,67,19.93,21.8,19.01
hoodie,basic,7.0,standard,CN,259,14,11,240,12.68,15.32,12.32
hoodie,premium,10.0,standard,CN,1455,200,15,340,25.81,28.6,25.63
hoodie,basic,7.0,budget,CN,1691,200,19,58,10.63,12.4,10.3
hoodie,basic,7.0,premium,CN,1854,94,33,304,13.47,16.24,12.89
hoodie,mid,8.5,standard,CN,1729,158,37,270,18.53,21.19,17.98
hoodie,basic,7.0,budget,US,900,157,11,305,11.16,12.75,11.56
hoodie,mid,8.5,standard,CN,483,103,25,142,17.38,21.81,17.44
hoodie,basic,7.0,budget,CN,1119,184,40,326,10.6,10.96,10.19
hoodie,mid,8.5,premium,CN,563,101,9,187,19.5,25.06,19.98
hoodie,basic,7.0,budget,CN,1697,200,10,134,10.39,12.53,10.09
hoodie,mid,8.5,standard,MX,169,40,45,327,19.88,21.65,18.66
hoodie,basic,7.0,standard,CN,238,13,39,129,12.13,14.57,11.44
hoodie,basic,7.0,budget,CN,1609,200,19,287,10.15,12.27,10.16
hoodie,basic,7.0,standard,CN,817,165,15,234,10.65,13.14,11.03
hoodie,premium,10.0,standard,US,727,99,10,135,29.84,32.04,29.07
hoodie,mid,8.5,premium,MX,1649,200,9,21,19.36,23.27,20.22
hoodie,basic,7.0,standard,US,1258,200,22,163,13.0,15.59,12.98
hoodie,mid,8.5,budget,MX,1946,200,38,196,16.94,19.42,17.12
hoodie,mid,8.5,premium,CN,525,81,24,177,19.77,20.69,19.47
hoodie,premium,10.0,standard,MX,1298,191,12,118,26.89,31.98,27.17
hoodie,basic,7.0,standard,CN,1638,128,22,239,10.8,11.52,10.7
hoodie,mid,8.5,budget,US,594,99,26,57,18.01,21.52,18.91
hoodie,basic,7.0,budget,US,801,69,34,286,11.29,13.4,11.41
hoodie,basic,7.0,budget,CN,1271,200,28,148,9.53,11.89,9.58
hoodie,basic,7.0,standard,CN,1518,200,10,69,11.43,13.45,10.64
hoodie,basic,7.0,premium,CN,1120,159,43,304,12.92,16.34,12.78
hoodie,basic,7.0,premium,MX,599,125,24,57,15.43,16.42,14.69
hoodie,mid,8.5,budget,CN,586,71,23,348,16.26,17.85,15.88
hoodie,basic,7.0,budget,US,972,51,7,252,11.23,13.49,11.27
hoodie,mid,8.5,standard,CN,1211,200,24,326,18.11,22.66,18.41
hoodie,basic,7.0,standard,CN,490,86,16,330,11.01,13.48,11.23
hoodie,basic,7.0,standard,CN,926,153,9,297,11.61,13.09,11.8
hoodie,mid,8.5,premium,US,748,118,9,321,22.2,26.86,23.02
hoodie,basic,7.0,budget,CN,442,50,30,362,9.56,11.1,9.87
hoodie,mid,8.5,standard,MX,860,197,30,254,17.29,18.5,17.5
hoodie,basic,7.0,budget,CN,332,77,8,68,10.95,12.15,10.41
hoodie,mid,8.5,standard,CN,465,58,44,30,17.03,21.53,17.57
hoodie,mid,8.5,premium,CN,1988,200,21,303,18.74,22.74,18.66
hoodie,mid,8.5,standard,CN,130,22,40,280,18.09,22.82,18.37
hoodie,basic,7.0,budget,CN,522,109,30,132,10.17,12.62,10.36
hoodie,premium,10.0,standard,CN,745,120,11,199,25.85,28.98,25.13
hoodie,basic,7.0,standard,CN,1718,200,41,139,10.5,12.04,10.85
hoodie,basic,7.0,standard,CN,191,25,39,89,12.59,14.98,12.2
hoodie,premium,10.0,premium,CN,56,12,33,148,29.45,38.22,30.58
hoodie,mid,8.5,budget,MX,366,90,15,277,17.25,20.29,16.13
hoodie,basic,7.0,standard,US,1165,114,25,74,13.45,14.05,13.07
hoodie,mid,8.5,budget,CN,1910,200,35,223,16.13,17.74,15.42
hoodie,mid,8.5,standard,US,1527,132,44,274,21.31,25.61,21.35
hoodie,basic,7.0,standard,US,1066,200,24,63,12.63,13.21,12.45
hoodie,mid,8.5,standard,US,1065,200,34,160,19.59,25.02,20.22
hoodie,mid,8.5,premium,MX,456,62,24,308,21.36,24.36,21.56
hoodie,basic,7.0,budget,MX,1021,140,17,161,10.12,11.58,10.5
hoodie,basic,7.0,budget,CN,1155,200,17,28,10.13,13.31,10.61
hoodie,mid,8.5,budget,US,1025,200,8,203,19.65,21.99,18.8
hoodie,mid,8.5,budget,MX,249,48,14,241,16.9,17.83,16.66
hoodie,basic,7.0,budget,CN,1394,102,29,54,9.87,11.46,10.17
hoodie,mid,8.5,standard,CN,1401,200,27,33,19.23,22.13,17.95
hoodie,basic,7.0,premium,CN,1378,200,9,338,13.19,13.65,12.4
hoodie,basic,7.0,standard,US,1017,200,38,158,14.21,14.73,13.76
hoodie,mid,8.5,standard,CN,463,23,11,265,18.0,19.9,17.92
hoodie,basic,7.0,standard,MX,1331,159,40,350,12.97,15.16,12.19
hoodie,premium,10.0,standard,CN,1028,200,32,320,24.64,31.99,25.54
hoodie,mid,8.5,budget,US,940,108,34,73,19.85,22.21,18.48
hoodie,basic,7.0,standard,CN,287,58,37,264,11.51,12.85,11.69
hoodie,premium,10.0,standard,US,1176,200,23,359,29.11,33.49,29.08
hoodie,basic,7.0,premium,CN,574,84,21,187,13.01,16.63,13.29
hoodie,mid,8.5,standard,CN,250,59,28,80,17.68,22.57,18.56
hoodie,mid,8.5,budget,US,1468,171,29,297,19.02,23.81,18.65
hoodie,mid,8.5,standard,US,1495,143,17,205,19.68,24.52,20.12
hoodie,premium,10.0,budget,CN,66,13,40,66,24.68,26.4,25.01
hoodie,mid,8.5,standard,CN,94,12,14,207,17.62,22.23,18.22
hoodie,basic,7.0,budget,US,176,26,33,24,12.07,15.18,12.45
hoodie,mid,8.5,budget,CN,1265,200,27,231,14.47,16.9,15.18
hoodie,basic,7.0,budget,CN,1368,200,31,163,10.1,11.42,10.24
hoodie,mid,8.5,standard,MX,808,43,38,215,20.58,23.83,19.62
hoodie,mid,8.5,standard,CN,75,12,21,242,17.54,21.83,17.66
hoodie,premium,10.0,budget,US,371,33,38,317,25.99,31.99,26.84
hoodie,mid,8.5,standard,US,1185,200,10,266,19.03,22.06,19.63
hoodie,mid,8.5,standard,CN,36,12,20,301,19.94,21.91,19.53
hoodie,mid,8.5,standard,MX,1476,200,42,55,17.81,19.41,18.43
hoodie,mid,8.5,budget,MX,429,58,14,33,17.16,20.2,16.92
hoodie,mid,8.5,budget,US,1815,200,32,18,18.82,21.21,17.59
hoodie,mid,8.5,standard,US,786,127,17,86,21.28,25.29,20.48
hoodie,premium,10.0,standard,MX,1263,126,36,121,30.43,31.02,28.69
hoodie,mid,8.5,premium,CN,45,12,18,90,22.05,21.48,20.43
hoodie,mid,8.5,budget,US,217,34,28,62,18.37,21.75,18.45
hoodie,basic,7.0,standard,CN,1925,170,25,232,11.09,13.37,11.2
hoodie,basic,7.0,budget,CN,1133,200,19,53,10.03,12.16,10.31
hoodie,basic,7.0,standard,CN,1345,200,28,308,11.77,12.76,11.46
hoodie,mid,8.5,premium,US,1394,200,20,100,24.1,26.82,22.51
hoodie,basic,7.0,standard,CN,25,12,10,84,12.41,14.82,12.32
hoodie,basic,7.0,standard,CN,265,26,32,207,12.26,13.0,11.58
hoodie,basic,7.0,standard,CN,463,111,24,87,11.31,12.86,11.06
hoodie,mid,8.5,standard,US,1167,200,29,105,20.42,23.97,19.69
hoodie,basic,7.0,standard,US,1910,200,31,205,13.86,13.93,13.24
hoodie,basic,7.0,standard,MX,36,12,28,62,12.52,14.64,13.16
hoodie,mid,8.5,standard,CN,840,49,23,154,18.69,21.53,17.37
hoodie,premium,10.0,premium,CN,1269,200,38,102,32.23,32.35,30.55
hoodie,basic,7.0,premium,US,338,64,18,81,14.8,15.06,13.98
hoodie,basic,7.0,standard,MX,668,46,41,156,11.73,15.31,12.32
hoodie,mid,8.5,standard,CN,1477,123,44,201,20.26,21.59,18.89
hoodie,mid,8.5,standard,CN,158,13,39,89,19.13,21.27,19.41
hoodie,mid,8.5,budget,US,1554,200,7,173,18.07,20.48,18.15
hoodie,mid,8.5,standard,MX,1184,200,12,73,18.2,21.92,18.36
hoodie,basic,7.0,budget,US,46,12,30,249,13.17,13.96,12.61
hoodie,mid,8.5,standard,US,1871,200,15,172,19.06,22.09,19.68
hoodie,basic,7.0,budget,CN,1834,164,25,146,9.66,11.41,9.81
hoodie,mid,8.5,standard,MX,1339,200,17,32,18.35,22.91,17.92
hoodie,basic,7.0,standard,CN,1421,200,20,189,11.21,13.7,11.04
hoodie,mid,8.5,budget,US,1608,148,20,253,19.35,21.74,18.75
hoodie,mid,8.5,standard,US,1179,148,44,31,19.39,22.79,20.12
hoodie,premium,10.0,budget,MX,998,116,13,109,23.0,24.91,23.61
hoodie,mid,8.5,standard,CN,1204,200,32,256,18.25,21.09,18.57
hoodie,basic,7.0,standard,US,639,37,21,273,12.93,14.96,12.61
hoodie,basic,7.0,budget,MX,640,145,40,115,11.29,11.94,11.03
hoodie,mid,8.5,standard,CN,135,32,26,86,17.19,19.61,18.09
hoodie,premium,10.0,standard,US,189,16,20,237,29.99,36.89,30.55
hoodie,mid,8.5,standard,CN,1002,82,13,255,17.37,19.51,17.17
hoodie,mid,8.5,budget,CN,1902,131,15,176,15.37,19.51,15.89
hoodie,premium,10.0,premium,CN,1520,200,45,215,30.42,29.86,28.27
hoodie,premium,10.0,budget,CN,506,62,28,270,25.55,30.35,24.82
hoodie,premium,10.0,standard,US,307,46,9,122,29.9,33.32,30.72
hoodie,basic,7.0,standard,US,1009,57,33,105,13.8,16.5,13.29
hoodie,mid,8.5,budget,US,1430,200,32,20,19.58,19.83,18.84
hoodie,mid,8.5,standard,US,890,181,26,231,21.73,25.03,21.05
hoodie,mid,8.5,standard,MX,788,162,28,287,19.15,23.33,19.05
hoodie,premium,10.0,budget,US,39,12,44,146,30.96,35.71,29.33
hoodie,mid,8.5,budget,CN,601,34,38,249,16.84,19.32,17.13
hoodie,basic,7.0,premium,CN,1136,117,25,196,12.24,13.58,12.14
hoodie,basic,7.0,budget,US,1523,87,32,141,11.01,13.22,11.36
hoodie,premium,10.0,standard,CN,963,180,22,282,24.52,28.88,25.67
hoodie,basic,7.0,standard,CN,1507,200,13,209,11.37,12.33,11.01
hoodie,basic,7.0,budget,MX,1554,157,12,235,10.54,11.82,10.01
hoodie,premium,10.0,standard,CN,1129,200,22,39,24.15,29.31,23.99
hoodie,mid,8.5,budget,CN,1400,82,32,106,15.93,18.49,16.17
hoodie,basic,7.0,standard,CN,290,30,36,320,11.34,14.05,11.58
hoodie,basic,7.0,standard,CN,1516,200,36,315,11.49,13.13,11.18
hoodie,mid,8.5,standard,US,727,85,29,241,21.48,22.96,21.08
hoodie,basic,7.0,standard,CN,1378,200,12,337,11.5,11.41,10.67
hoodie,mid,8.5,standard,CN,647,70,27,245,18.41,21.43,18.95
hoodie,basic,7.0,premium,CN,72,14,25,298,14.55,15.33,13.49
hoodie,mid,8.5,standard,US,1968,200,13,216,20.22,22.58,20.78
hoodie,mid,8.5,standard,CN,846,135,29,125,18.36,20.07,17.86
hoodie,basic,7.0,budget,CN,1836,200,27,271,9.59,10.93,9.45
hoodie,mid,8.5,standard,US,1917,200,32,161,22.36,25.91,21.14
hoodie,mid,8.5,standard,CN,226,28,33,228,17.22,21.22,17.79
hoodie,premium,10.0,standard,CN,1524,200,8,180,23.45,28.81,24.13
hoodie,mid,8.5,premium,CN,71,14,31,296,21.98,26.48,21.77
hoodie,basic,7.0,standard,US,1484,200,27,81,14.81,15.25,13.89
hoodie,mid,8.5,budget,MX,1260,174,22,104,16.7,18.29,16.24
hoodie,premium,10.0,budget,CN,971,188,11,17,23.84,26.24,22.95
hoodie,mid,8.5,standard,MX,814,52,33,147,18.12,22.5,17.61
hoodie,mid,8.5,standard,CN,1720,200,25,217,18.08,18.33,17.31
hoodie,basic,7.0,premium,US,1313,200,34,77,15.44,18.56,15.06
hoodie,mid,8.5,standard,US,1369,161,22,261,18.27,22.73,18.98
hoodie,basic,7.0,premium,US,1031,200,23,189,14.01,15.89,13.46
hoodie,mid,8.5,standard,MX,328,50,8,127,19.54,23.19,19.1
hoodie,basic,7.0,standard,CN,1187,200,37,239,11.47,14.12,11.87
hoodie,premium,10.0,budget,US,491,27,20,312,29.15,31.53,28.41
hoodie,mid,8.5,standard,CN,1083,142,17,190,17.19,19.2,16.89
hoodie,premium,10.0,standard,MX,1808,200,18,261,24.56,32.71,25.8
hoodie,basic,7.0,standard,CN,484,38,45,75,12.16,14.32,11.38
hoodie,mid,8.5,premium,CN,1628,200,21,117,19.37,24.24,20.3
hoodie,premium,10.0,standard,MX,580,93,41,289,28.74,31.09,28.08
hoodie,basic,7.0,standard,CN,1437,200,22,130,11.26,11.82,11.16
hoodie,mid,8.5,standard,CN,212,42,11,81,19.06,21.98,18.57
hoodie,mid,8.5,standard,CN,1625,97,11,114,17.66,20.33,17.53
hoodie,basic,7.0,standard,CN,1250,184,43,18,12.36,14.25,11.6
hoodie,basic,7.0,premium,CN,1283,200,7,142,12.53,14.18,12.19
hoodie,basic,7.0,standard,MX,1078,115,26,149,12.06,13.22,11.79
hoodie,basic,7.0,premium,MX,1961,169,7,177,13.42,15.38,13.21
hoodie,basic,7.0,standard,CN,1403,155,35,189,11.63,13.55,11.06
hoodie,basic,7.0,standard,CN,680,138,37,66,12.27,12.59,11.46
hoodie,mid,8.5,standard,CN,418,84,17,94,20.41,22.73,18.94
hoodie,mid,8.5,standard,MX,576,55,23,255,21.47,23.02,20.28
hoodie,basic,7.0,standard,CN,1723,200,35,171,11.46,12.48,10.92
hoodie,premium,10.0,standard,US,1674,130,36,154,31.52,33.22,30.26
hoodie,mid,8.5,budget,US,789,43,34,209,17.65,21.04,18.05
hoodie,premium,10.0,budget,CN,522,42,37,317,25.42,25.05,23.62
hoodie,mid,8.5,standard,MX,1886,200,22,157,17.25,20.34,18.02
hoodie,mid,8.5,standard,US,607,43,15,51,21.16,23.06,20.14
hoodie,basic,7.0,budget,CN,637,104,42,59,10.57,12.02,10.2
hoodie,mid,8.5,standard,MX,312,63,11,174,19.5,24.01,19.56
hoodie,mid,8.5,budget,US,682,97,36,199,17.79,22.11,18.09
hoodie,basic,7.0,budget,CN,866,117,38,38,9.35,12.47,9.76
hoodie,basic,7.0,standard,CN,90,21,27,289,11.8,13.32,11.29
hoodie,premium,10.0,standard,CN,1114,90,39,58,25.75,30.55,25.47
hoodie,basic,7.0,budget,CN,1425,194,24,252,10.95,11.29,10.58
hoodie,mid,8.5,standard,CN,1105,200,34,24,16.89,20.4,17.09
hoodie,basic,7.0,budget,CN,685,92,23,128,10.65,11.28,10.29
hoodie,mid,8.5,premium,US,1854,200,43,92,21.03,24.32,21.7
hoodie,basic,7.0,standard,US,1959,200,15,290,14.48,16.24,13.52
hoodie,basic,7.0,budget,US,580,56,20,195,12.86,15.32,12.09
hoodie,basic,7.0,premium,US,77,12,20,208,15.51,17.51,14.77
hoodie,basic,7.0,premium,US,1062,200,40,76,14.46,18.74,14.8
hoodie,mid,8.5,standard,CN,673,89,20,60,16.86,20.19,17.48
hoodie,basic,7.0,premium,CN,844,200,13,195,12.73,13.69,12.85
hoodie,premium,10.0,standard,CN,494,123,12,347,26.82,27.81,24.98
hoodie,mid,8.5,standard,US,313,68,18,303,21.59,22.97,21.22
hoodie,mid,8.5,budget,CN,1246,200,25,204,15.77,18.95,16.21
hoodie,basic,7.0,premium,US,1394,120,14,97,13.35,15.62,13.67
hoodie,basic,7.0,premium,US,1298,148,8,183,12.82,15.13,13.23
hoodie,mid,8.5,standard,US,1504,200,17,65,21.54,21.63,20.19
hoodie,premium,10.0,budget,CN,999,142,33,288,23.29,28.42,24.51
hoodie,premium,10.0,budget,CN,686,124,30,328,21.39,25.85,22.22
hoodie,mid,8.5,standard,US,282,26,15,87,20.97,26.23,20.92
hoodie,basic,7.0,budget,CN,403,78,26,182,10.58,12.42,10.47
hoodie,mid,8.5,premium,CN,571,115,15,181,20.77,20.5,19.38
hoodie,premium,10.0,standard,US,123,25,18,21,27.87,36.0,29.2
hoodie,basic,7.0,standard,CN,1196,174,29,110,11.65,12.7,11.55
hoodie,mid,8.5,standard,US,266,52,39,186,21.44,22.3,20.11
hoodie,mid,8.5,standard,MX,1149,162,13,356,19.26,21.02,18.31
hoodie,basic,7.0,standard,US,218,20,36,70,13.6,14.07,13.04
hoodie,basic,7.0,standard,US,1158,200,12,272,13.37,14.24,13.15
hoodie,mid,8.5,standard,CN,431,84,29,283,16.27,20.94,16.78
hoodie,mid,8.5,premium,CN,767,121,40,99,21.37,24.68,20.7
hoodie,mid,8.5,standard,US,336,53,34,117,22.8,26.91,21.22
hoodie,basic,7.0,premium,US,887,200,36,178,14.41,17.27,14.66
hoodie,basic,7.0,premium,CN,1280,200,11,44,12.03,14.41,12.42
hoodie,basic,7.0,premium,CN,1972,200,32,95,13.04,13.14,12.32
hoodie,premium,10.0,budget,US,1853,200,44,358,27.36,32.71,27.15
hoodie,mid,8.5,budget,CN,265,40,40,66,16.39,20.17,16.28
hoodie,mid,8.5,standard,MX,339,21,28,153,17.86,23.23,18.69
hoodie,basic,7.0,standard,US,897,149,38,163,14.96,17.28,14.55
hoodie,basic,7.0,premium,US,1386,200,34,229,15.13,19.27,15.7
hoodie,mid,8.5,standard,CN,1877,188,39,182,18.09,20.21,18.83
hoodie,mid,8.5,budget,US,1038,97,34,354,17.92,20.58,16.6
hoodie,mid,8.5,standard,CN,1183,148,40,355,18.11,21.83,17.2
hoodie,mid,8.5,budget,CN,1589,155,44,358,16.07,19.33,15.62
hoodie,mid,8.5,budget,MX,1350,200,36,307,18.37,21.27,17.42
hoodie,basic,7.0,premium,MX,467,76,8,336,12.83,16.81,13.32
hoodie,mid,8.5,standard,US,1764,200,29,363,20.89,21.98,20.72
hoodie,mid,8.5,premium,CN,563,114,17,121,21.12,23.84,19.88
hoodie,mid,8.5,standard,US,1624,200,38,59,20.48,21.32,19.34
hoodie,mid,8.5,budget,CN,1503,102,32,174,15.78,18.69,15.27
hoodie,basic,7.0,premium,CN,1019,122,35,199,12.75,15.65,13.22
hoodie,premium,10.0,standard,US,1172,128,42,289,30.53,31.63,29.63
hoodie,basic,7.0,standard,US,1898,200,32,148,12.15,14.3,12.56
hoodie,mid,8.5,standard,CN,1819,200,25,328,17.39,23.17,18.1
hoodie,basic,7.0,budget,CN,1147,92,24,27,10.53,11.81,10.72
hoodie,mid,8.5,budget,CN,50,12,8,327,15.15,17.72,15.04
hoodie,premium,10.0,budget,CN,406,89,44,218,27.43,31.77,26.2
hoodie,premium,10.0,premium,US,564,76,30,134,31.08,39.62,31.19
hoodie,basic,7.0,premium,US,1463,145,41,310,15.83,18.06,15.58
hoodie,basic,7.0,premium,MX,1262,120,29,344,13.83,14.42,13.09
hoodie,basic,7.0,premium,CN,967,168,38,316,13.44,15.49,13.14
hoodie,basic,7.0,standard,CN,1801,200,11,363,11.74,12.17,10.93
hoodie,basic,7.0,premium,CN,81,15,38,234,14.64,17.28,14.97
hoodie,mid,8.5,standard,US,701,67,39,222,20.26,23.97,19.86
hoodie,basic,7.0,budget,US,1273,77,29,314,12.47,14.91,12.24
hoodie,mid,8.5,budget,US,1256,200,18,106,19.17,21.79,17.9
hoodie,basic,7.0,budget,CN,851,140,31,222,9.24,10.64,9.49
hoodie,basic,7.0,standard,CN,541,81,18,147,11.27,14.69,11.51
hoodie,mid,8.5,standard,MX,1564,107,23,24,19.94,20.58,19.2
hoodie,basic,7.0,premium,US,50,12,31,170,16.79,18.55,15.73
hoodie,premium,10.0,premium,CN,411,72,38,107,31.58,33.0,30.4
hoodie,basic,7.0,budget,US,927,177,18,273,12.17,12.18,11.52
hoodie,basic,7.0,standard,MX,1987,200,14,173,12.37,13.12,12.05
hoodie,basic,7.0,budget,MX,342,85,28,246,11.54,12.88,11.3
hoodie,basic,7.0,budget,US,1160,73,22,201,12.7,12.78,12.06
hoodie,basic,7.0,premium,CN,1008,200,44,64,12.26,15.31,12.75
hoodie,premium,10.0,standard,CN,1463,200,32,293,26.98,28.73,25.71
hoodie,mid,8.5,standard,US,797,52,8,265,20.92,24.34,20.45
hoodie,basic,7.0,premium,CN,1603,172,10,284,13.25,15.19,12.43
hoodie,mid,8.5,budget,US,667,131,41,28,18.8,20.77,19.0
hoodie,premium,10.0,budget,CN,1715,200,34,274,24.57,29.72,23.6
hoodie,basic,7.0,premium,CN,1852,174,27,51,13.15,15.31,12.96
hoodie,mid,8.5,budget,US,806,73,14,162,19.27,23.24,18.21
hoodie,premium,10.0,premium,US,786,183,32,36,36.88,42.81,35.88
hoodie,basic,7.0,premium,MX,1418,200,26,118,12.51,13.12,12.47
hoodie,mid,8.5,standard,CN,1750,200,38,143,17.02,18.83,16.5
hoodie,mid,8.5,standard,US,1382,200,11,340,19.77,24.2,20.62
hoodie,basic,7.0,standard,CN,1981,200,32,159,11.74,14.04,11.89
hoodie,basic,7.0,budget,CN,1710,200,19,58,10.57,11.34,9.79
hoodie,basic,7.0,budget,US,1731,200,12,48,11.68,13.05,11.34
hoodie,basic,7.0,standard,CN,109,19,39,110,11.39,12.99,11.97
hoodie,premium,10.0,budget,US,384,46,19,343,26.57,33.71,26.59
hoodie,mid,8.5,budget,MX,1309,116,35,26,17.54,20.29,17.22
hoodie,basic,7.0,premium,CN,141,12,11,223,12.53,16.0,13.16
hoodie,mid,8.5,standard,US,103,12,13,364,21.32,24.77,20.19
hoodie,basic,7.0,budget,US,1311,74,41,51,12.83,14.08,12.14
hoodie,mid,8.5,standard,CN,1429,200,35,135,18.67,19.99,17.31
hoodie,premium,10.0,budget,US,1123,200,21,87,26.91,32.74,25.75
hoodie,basic,7.0,budget,CN,353,43,8,235,10.95,12.33,10.5
hoodie,basic,7.0,standard,CN,1745,200,20,221,11.56,14.03,11.51
hoodie,basic,7.0,standard,CN,769,90,32,82,11.25,12.63,11.54
hoodie,premium,10.0,standard,MX,1292,158,36,294,29.33,31.64,27.85
hoodie,basic,7.0,standard,MX,988,70,35,167,12.9,14.08,12.85
hoodie,basic,7.0,premium,US,1375,174,40,235,14.36,17.24,14.25
hoodie,basic,7.0,standard,CN,584,144,43,93,10.56,12.23,10.89
hoodie,basic,7.0,standard,MX,1586,200,27,326,11.67,13.81,11.33
hoodie,premium,10.0,standard,MX,1636,103,8,18,25.85,33.98,26.88
hoodie,basic,7.0,standard,CN,1986,183,11,199,10.6,13.46,10.7
hoodie,basic,7.0,standard,US,383,41,13,301,12.77,16.66,13.23
hoodie,basic,7.0,standard,MX,1312,188,24,141,11.95,12.5,11.53
hoodie,basic,7.0,standard,CN,302,68,37,208,12.71,13.36,11.79
hoodie,basic,7.0,standard,CN,941,200,38,357,11.57,13.87,10.86
hoodie,premium,10.0,budget,US,301,52,32,90,29.22,35.82,29.95
hoodie,basic,7.0,standard,US,1635,108,45,267,13.32,14.33,12.5
hoodie,basic,7.0,premium,CN,418,63,40,26,12.98,14.82,13.23
hoodie,basic,7.0,standard,US,107,12,36,351,13.84,14.63,13.55
hoodie,premium,10.0,standard,US,1529,200,26,208,29.27,31.29,28.13
hoodie,basic,7.0,standard,CN,1074,200,34,222,11.1,12.97,11.48
hoodie,basic,7.0,budget,US,601,62,35,357,11.84,12.54,11.65
hoodie,mid,8.5,premium,US,244,24,18,205,23.06,24.86,22.51
hoodie,basic,7.0,budget,US,1505,79,28,330,11.31,12.56,10.51
hoodie,basic,7.0,standard,MX,1279,95,15,116,11.8,12.04,11.02
hoodie,mid,8.5,budget,US,911,189,21,121,19.13,21.78,18.78
hoodie,basic,7.0,premium,CN,1264,200,37,161,13.32,16.19,12.97
hoodie,basic,7.0,standard,US,187,15,19,148,12.39,14.42,11.9
hoodie,basic,7.0,budget,CN,683,137,21,97,10.51,11.1,9.93
hoodie,basic,7.0,standard,CN,471,63,29,137,10.66,13.27,10.85
hoodie,basic,7.0,budget,CN,729,168,10,331,9.26,11.1,9.21
hoodie,premium,10.0,standard,CN,1549,200,27,315,27.81,34.35,27.03
hoodie,mid,8.5,standard,CN,678,95,37,203,18.41,19.69,17.55
hoodie,premium,10.0,budget,CN,1227,103,29,223,22.48,27.01,21.21
hoodie,mid,8.5,premium,MX,951,76,31,228,22.72,26.3,21.36
hoodie,basic,7.0,premium,CN,330,42,7,236,12.9,13.72,12.56
hoodie,basic,7.0,standard,CN,331,34,19,25,10.93,13.97,11.26
hoodie,premium,10.0,budget,CN,414,60,38,235,25.55,27.89,24.65
hoodie,basic,7.0,premium,US,1470,200,25,86,14.81,17.05,13.81
hoodie,basic,7.0,budget,US,655,115,28,336,11.59,13.22,11.28
hoodie,basic,7.0,standard,MX,1435,200,30,303,10.86,13.06,11.33
hoodie,basic,7.0,budget,MX,693,130,27,338,11.71,13.55,11.46
hoodie,basic,7.0,budget,CN,285,69,43,131,10.81,12.99,10.5
hoodie,basic,7.0,standard,CN,1848,99,39,62,11.78,13.37,11.56
hoodie,premium,10.0,premium,CN,1515,156,35,213,31.38,33.18,29.8
hoodie,basic,7.0,premium,US,145,20,21,338,14.79,17.79,14.46
hoodie,premium,10.0,standard,CN,668,114,41,116,28.58,35.11,27.64
hoodie,mid,8.5,budget,CN,1527,94,19,282,15.61,19.23,15.53
hoodie,basic,7.0,budget,CN,320,34,8,347,11.0,12.43,10.95
hoodie,mid,8.5,premium,CN,939,164,42,94,19.99,22.58,20.28
hoodie,mid,8.5,standard,US,358,59,27,22,21.64,23.97,20.36
hoodie,basic,7.0,standard,CN,1500,187,8,335,11.22,13.35,10.9
hoodie,mid,8.5,standard,CN,1574,200,39,42,19.03,21.25,18.25
hoodie,premium,10.0,budget,CN,234,36,22,61,24.83,30.25,24.74
hoodie,mid,8.5,standard,CN,1099,146,32,93,17.06,19.47,17.74
hoodie,basic,7.0,standard,CN,1804,184,22,42,11.66,12.12,11.0
hoodie,basic,7.0,budget,US,501,120,15,270,11.61,13.88,11.61
hoodie,basic,7.0,standard,US,618,91,33,295,12.91,15.33,13.18
hoodie,basic,7.0,budget,US,1830,200,17,217,11.72,14.48,11.49
hoodie,mid,8.5,budget,CN,1164,145,31,95,15.66,20.17,16.05
hoodie,basic,7.0,standard,CN,949,52,45,347,11.75,12.28,11.19
hoodie,basic,7.0,standard,CN,243,48,20,116,12.01,12.7,11.55
hoodie,mid,8.5,standard,MX,974,59,21,304,18.93,19.64,17.86
hoodie,basic,7.0,budget,CN,1723,148,28,119,10.06,11.36,9.97
hoodie,mid,8.5,premium,MX,1008,163,25,355,19.12,23.19,19.46
hoodie,premium,10.0,premium,MX,1293,77,7,154,29.81,31.64,29.12
hoodie,basic,7.0,budget,US,415,101,30,52,12.76,13.79,12.33
hoodie,basic,7.0,budget,MX,315,32,20,75,10.3,13.65,10.8
hoodie,mid,8.5,budget,CN,201,39,36,310,15.46,16.56,15.69
hoodie,mid,8.5,budget,CN,1441,116,11,217,17.32,18.74,16.37
hoodie,premium,10.0,standard,CN,115,20,24,158,26.57,30.24,27.21
hoodie,mid,8.5,premium,MX,410,39,35,14,23.8,26.42,22.42
hoodie,mid,8.5,standard,CN,1490,200,10,160,18.09,20.33,17.6
hoodie,mid,8.5,budget,US,1373,200,42,290,17.87,20.99,18.37
hoodie,mid,8.5,standard,CN,623,49,38,359,17.45,20.12,17.51
hoodie,mid,8.5,premium,CN,706,165,36,244,19.67,24.01,20.58
hoodie,premium,10.0,standard,US,1251,148,17,307,30.19,31.37,28.59
hoodie,mid,8.5,budget,US,883,199,39,292,19.94,22.39,18.61
hoodie,basic,7.0,budget,US,1478,200,38,73,12.38,13.28,11.69
hoodie,premium,10.0,standard,CN,1703,200,43,193,24.33,29.76,24.84
hoodie,basic,7.0,standard,CN,1567,137,7,272,9.93,12.34,9.79
hoodie,mid,8.5,standard,CN,1572,200,20,291,17.09,20.07,17.95
hoodie,basic,7.0,premium,MX,1418,91,23,245,13.05,14.71,12.99
hoodie,basic,7.0,standard,US,639,75,30,120,12.63,14.51,12.23
hoodie,mid,8.5,premium,CN,1048,119,8,144,19.49,20.89,18.35
hoodie,mid,8.5,budget,CN,1435,200,29,364,16.33,20.27,16.11
hoodie,mid,8.5,standard,CN,194,19,13,246,18.08,21.62,18.19
hoodie,mid,8.5,standard,CN,1156,200,35,124,19.3,22.65,18.79
hoodie,basic,7.0,standard,CN,166,24,36,154,12.27,15.48,12.26
hoodie,mid,8.5,budget,US,1224,90,40,265,16.3,20.28,17.07
hoodie,basic,7.0,standard,US,1739,113,37,262,13.21,16.13,13.21
hoodie,mid,8.5,budget,US,796,46,18,128,17.27,20.31,17.63
hoodie,mid,8.5,premium,CN,232,19,15,323,19.0,21.4,18.87
hoodie,mid,8.5,budget,CN,1100,200,30,339,16.0,19.25,15.89
hoodie,basic,7.0,budget,CN,1822,200,29,257,10.84,12.76,10.14
hoodie,premium,10.0,budget,US,356,23,18,354,26.79,30.39,26.2
hoodie,premium,10.0,standard,US,1217,161,42,34,27.73,30.92,28.61
hoodie,mid,8.5,budget,CN,147,22,7,71,16.08,20.1,16.25
hoodie,basic,7.0,budget,CN,1008,200,19,353,10.74,11.38,10.61
hoodie,basic,7.0,standard,CN,1133,200,11,88,11.83,13.08,11.28
hoodie,premium,10.0,budget,CN,362,35,33,334,23.03,26.12,23.52
hoodie,basic,7.0,standard,US,1808,200,32,28,12.87,15.85,12.76
hoodie,basic,7.0,premium,CN,1006,174,39,222,12.95,13.41,12.35
hoodie,mid,8.5,budget,CN,1608,104,45,29,16.0,18.69,15.22
hoodie,basic,7.0,budget,CN,600,85,28,169,10.36,12.7,10.07
hoodie,premium,10.0,standard,MX,1023,130,44,300,26.83,30.33,26.19
hoodie,basic,7.0,standard,CN,726,113,11,142,11.59,13.54,10.82
hoodie,mid,8.5,budget,US,1923,200,22,303,18.29,22.19,18.41
hoodie,basic,7.0,standard,US,1396,200,15,165,13.12,15.33,12.63
hoodie,mid,8.5,budget,CN,972,161,18,74,16.16,20.37,16.54
hoodie,mid,8.5,budget,CN,1351,200,30,139,15.99,19.38,15.33
hoodie,mid,8.5,standard,MX,546,93,23,77,18.6,21.4,19.57
hoodie,premium,10.0,premium,CN,956,200,42,312,26.77,30.2,26.34
hoodie,basic,7.0,premium,CN,1311,200,45,69,12.32,14.33,12.65
hoodie,mid,8.5,budget,CN,1760,112,13,294,15.29,16.96,15.82
hoodie,mid,8.5,standard,US,106,24,43,44,20.68,24.09,20.97
hoodie,basic,7.0,standard,CN,1193,200,42,195,11.64,14.13,12.0
hoodie,basic,7.0,budget,CN,1675,200,31,118,10.62,12.35,10.37
hoodie,premium,10.0,premium,US,280,19,33,127,35.27,43.01,34.27
hoodie,premium,10.0,budget,CN,31,12,26,236,23.61,25.91,24.15
hoodie,basic,7.0,standard,CN,931,74,31,328,10.61,13.64,11.13
hoodie,basic,7.0,standard,US,919,191,40,189,13.12,14.74,12.39
hoodie,basic,7.0,standard,CN,1255,200,31,100,11.06,12.7,11.32
hoodie,basic,7.0,budget,MX,620,142,31,321,11.7,13.7,11.43
hoodie,basic,7.0,standard,CN,69,12,29,198,11.96,14.36,11.8
hoodie,premium,10.0,budget,MX,547,65,24,201,23.99,29.05,24.52
hoodie,mid,8.5,standard,US,425,93,31,200,20.82,25.77,21.25
hoodie,basic,7.0,standard,MX,1157,69,12,282,11.93,12.52,11.24
hoodie,premium,10.0,budget,MX,663,55,11,132,25.12,28.8,24.37
hoodie,mid,8.5,premium,CN,1800,200,18,161,20.66,26.04,21.07
hoodie,basic,7.0,standard,CN,162,33,24,105,11.95,13.39,11.37
hoodie,basic,7.0,budget,US,1117,200,22,18,12.38,13.67,11.73
hoodie,premium,10.0,standard,US,367,21,16,81,31.57,34.81,30.68
hoodie,mid,8.5,standard,US,956,81,14,141,21.44,21.51,19.89
hoodie,basic,7.0,standard,CN,1028,190,32,295,11.33,13.23,11.3
hoodie,premium,10.0,premium,CN,749,155,43,221,28.88,33.13,28.44
hoodie,mid,8.5,budget,CN,1253,200,26,73,15.9,18.0,15.84
hoodie,basic,7.0,standard,CN,431,86,20,236,11.76,14.02,11.45
hoodie,basic,7.0,standard,MX,836,82,8,130,10.94,12.71,11.13
hoodie,mid,8.5,standard,US,444,63,33,40,20.72,24.44,21.51
hoodie,basic,7.0,premium,CN,1841,200,34,53,13.14,15.4,13.19
hoodie,mid,8.5,premium,US,1803,200,11,194,20.67,23.32,21.73
hoodie,mid,8.5,standard,CN,147,12,20,336,18.29,21.93,19.19
hoodie,mid,8.5,standard,CN,1298,149,30,40,17.3,18.97,16.5
hoodie,mid,8.5,standard,US,1147,200,43,273,21.21,24.92,19.71
hoodie,basic,7.0,standard,US,925,181,24,87,13.11,14.95,13.11
hoodie,basic,7.0,standard,US,1977,151,33,305,13.4,15.93,12.71
hoodie,basic,7.0,standard,MX,1901,175,11,97,10.96,13.23,11.43
hoodie,premium,10.0,premium,CN,1035,75,36,189,32.94,38.09,30.58
hoodie,premium,10.0,budget,CN,1168,186,28,337,23.17,25.95,21.89
hoodie,mid,8.5,premium,CN,1618,200,21,25,19.15,24.6,19.43
hoodie,basic,7.0,premium,CN,853,51,44,167,13.19,16.05,12.9
hoodie,basic,7.0,premium,CN,975,200,13,291,13.5,15.36,13.45
hoodie,mid,8.5,budget,US,521,42,37,353,18.22,22.4,18.1
hoodie,basic,7.0,standard,US,87,12,30,74,14.87,18.78,14.68
hoodie,premium,10.0,standard,US,463,60,22,160,31.08,35.88,30.24
hoodie,premium,10.0,budget,CN,193,40,7,90,23.14,24.45,22.82
hoodie,premium,10.0,premium,CN,1352,108,10,15,31.01,35.29,29.26
hoodie,premium,10.0,standard,MX,1389,200,9,98,26.35,28.1,26.54
hoodie,mid,8.5,premium,MX,1283,64,19,101,20.64,23.41,20.96
hoodie,mid,8.5,budget,CN,1279,136,11,250,14.8,18.02,15.04
hoodie,mid,8.5,budget,CN,1267,120,25,30,15.89,18.13,15.71
hoodie,premium,10.0,standard,CN,1363,200,32,228,25.87,33.67,26.38
hoodie,basic,7.0,standard,US,517,73,16,32,12.28,14.69,12.74
hoodie,basic,7.0,budget,US,1602,186,27,310,11.54,13.04,11.4
hoodie,premium,10.0,standard,MX,1400,200,44,168,26.34,29.97,27.6
hoodie,basic,7.0,budget,US,89,19,23,213,12.9,15.27,12.71
hoodie,basic,7.0,standard,CN,687,96,27,230,12.91,13.27,12.15
hoodie,premium,10.0,budget,US,538,71,38,185,28.5,29.58,26.76
hoodie,mid,8.5,premium,US,1883,170,18,227,22.97,27.52,23.1
hoodie,basic,7.0,budget,US,1605,200,39,117,11.61,14.05,11.69
hoodie,mid,8.5,standard,CN,1112,142,40,316,18.69,21.49,17.41
hoodie,mid,8.5,standard,US,1145,123,36,36,18.93,23.57,19.88
hoodie,premium,10.0,budget,CN,1723,200,36,325,24.29,27.56,24.81
hoodie,premium,10.0,premium,CN,1697,162,44,144,26.75,31.03,28.14
hoodie,basic,7.0,premium,MX,514,66,34,38,14.42,16.06,13.66
hoodie,basic,7.0,standard,CN,1975,200,26,321,10.98,12.8,10.82
hoodie,mid,8.5,standard,CN,1621,118,22,213,16.71,20.67,17.12
hoodie,basic,7.0,standard,MX,1963,200,13,80,12.54,13.07,12.0
hoodie,basic,7.0,budget,CN,356,82,20,97,11.21,12.55,10.38
hoodie,mid,8.5,budget,US,343,77,7,136,18.61,21.7,17.72
hoodie,basic,7.0,budget,CN,1591,200,14,270,9.71,12.1,10.05
hoodie,basic,7.0,budget,CN,1640,112,18,212,9.76,10.59,9.56
hoodie,basic,7.0,premium,US,1672,200,12,46,14.28,15.04,13.74
hoodie,premium,10.0,standard,US,744,41,31,235,31.59,38.42,31.07
hoodie,basic,7.0,budget,MX,1330,195,44,48,11.5,13.19,10.73
hoodie,mid,8.5,standard,US,684,122,19,35,18.3,22.19,18.78
hoodie,basic,7.0,standard,MX,787,141,33,17,12.8,14.34,12.08
hoodie,mid,8.5,budget,CN,303,43,42,296,16.36,19.64,16.45
hoodie,basic,7.0,premium,US,674,66,41,231,14.77,18.99,14.93
hoodie,basic,7.0,budget,CN,802,200,24,188,10.89,12.88,10.11
hoodie,basic,7.0,standard,MX,1537,169,8,27,11.85,14.1,11.15
hoodie,mid,8.5,premium,US,767,55,23,184,23.24,28.45,24.06
hoodie,mid,8.5,budget,MX,125,13,42,291,20.02,23.35,18.68
hoodie,mid,8.5,premium,US,1372,150,32,34,24.91,25.08,23.41
hoodie,basic,7.0,standard,US,305,19,44,16,12.83,15.12,12.87
hoodie,basic,7.0,standard,US,1174,200,22,55,12.58,16.28,12.91
hoodie,mid,8.5,budget,US,1688,90,20,78,19.66,24.72,19.35
hoodie,basic,7.0,standard,CN,584,96,19,266,10.65,12.22,11.12
hoodie,mid,8.5,budget,MX,1105,119,15,221,15.51,18.77,15.75
hoodie,premium,10.0,standard,MX,547,98,38,14,28.51,31.1,28.43
hoodie,basic,7.0,budget,MX,402,85,44,75,10.81,12.22,11.03
hoodie,basic,7.0,budget,MX,833,63,20,155,11.55,13.52,11.27
hoodie,mid,8.5,premium,CN,53,12,28,119,21.17,24.86,21.91
hoodie,premium,10.0,standard,US,1087,200,35,353,32.12,34.15,31.11
hoodie,basic,7.0,premium,CN,1782,200,22,264,11.83,14.4,12.45
hoodie,basic,7.0,premium,US,147,29,40,162,14.89,17.23,15.44
hoodie,basic,7.0,budget,CN,1600,84,40,47,9.97,11.95,9.89
hoodie,basic,7.0,standard,CN,824,85,37,126,11.64,14.79,12.03
hoodie,mid,8.5,standard,US,1967,200,16,70,18.68,24.22,19.4
hoodie,mid,8.5,standard,US,851,46,43,68,20.89,26.17,21.17
hoodie,mid,8.5,standard,MX,1163,200,43,285,16.51,22.07,17.37
hoodie,basic,7.0,standard,CN,1159,155,28,14,10.14,12.68,10.41
hoodie,mid,8.5,standard,CN,1450,200,44,116,17.48,19.34,17.08
hoodie,basic,7.0,standard,CN,1848,182,9,186,10.5,11.74,10.01
hoodie,mid,8.5,standard,CN,1176,62,11,66,17.14,20.75,17.93
hoodie,mid,8.5,standard,CN,235,43,42,239,18.78,21.1,19.19
hoodie,basic,7.0,budget,MX,48,12,33,75,11.49,11.55,10.78
hoodie,premium,10.0,standard,CN,216,45,45,288,27.24,28.09,25.41
hoodie,mid,8.5,budget,CN,367,66,7,264,16.06,17.31,16.17
hoodie,mid,8.5,premium,CN,593,29,29,196,21.48,22.85,21.01
hoodie,mid,8.5,premium,US,1195,64,24,112,24.48,25.65,23.42
hoodie,basic,7.0,budget,CN,968,60,35,129,10.35,13.2,10.85
hoodie,mid,8.5,standard,CN,1574,200,26,365,16.61,19.45,17.11
hoodie,basic,7.0,budget,US,383,71,33,69,10.77,11.84,11.1
hoodie,basic,7.0,standard,CN,1457,200,24,280,12.4,13.78,11.62
hoodie,premium,10.0,standard,CN,700,159,17,318,25.57,31.71,24.98
hoodie,basic,7.0,standard,CN,1652,200,27,147,12.63,13.07,11.93
hoodie,basic,7.0,standard,CN,977,200,44,73,10.79,11.86,11.16
hoodie,mid,8.5,standard,MX,1780,129,37,216,16.91,20.44,17.48
hoodie,mid,8.5,budget,MX,283,27,10,274,16.67,17.43,16.33
hoodie,mid,8.5,budget,US,1100,173,23,147,18.58,23.02,18.48
hoodie,basic,7.0,premium,US,476,90,12,279,14.87,16.93,14.76
hoodie,mid,8.5,budget,US,1581,180,17,362,18.92,22.17,18.03
hoodie,mid,8.5,standard,US,1792,200,8,56,20.48,24.14,19.53
hoodie,mid,8.5,budget,CN,414,60,13,238,16.3,18.93,15.49
hoodie,mid,8.5,standard,CN,748,84,14,272,18.35,19.44,17.51
hoodie,basic,7.0,premium,US,1254,200,41,258,13.22,16.9,13.63
hoodie,basic,7.0,standard,CN,111,12,37,34,11.98,12.56,11.85
hoodie,basic,7.0,standard,US,1839,182,29,339,12.63,14.18,12.4
hoodie,mid,8.5,budget,MX,330,69,39,130,17.91,19.05,17.95
hoodie,basic,7.0,budget,CN,1206,150,9,296,9.65,11.31,9.88
hoodie,premium,10.0,standard,CN,1290,156,8,333,26.89,31.22,25.04
hoodie,mid,8.5,budget,MX,149,15,10,76,18.19,21.52,17.07
hoodie,mid,8.5,budget,MX,1526,155,18,294,17.48,21.78,17.23
hoodie,mid,8.5,standard,US,1589,139,11,218,20.78,23.81,19.97
hoodie,basic,7.0,budget,US,1195,200,26,222,11.17,14.68,11.72
hoodie,mid,8.5,budget,US,1504,200,40,234,17.2,22.39,17.9
hoodie,mid,8.5,budget,CN,1318,168,29,205,18.05,18.0,16.99
hoodie,basic,7.0,budget,US,1408,174,41,363,12.59,14.51,12.05
hoodie,mid,8.5,standard,CN,1647,174,25,276,19.96,22.04,18.9
hoodie,premium,10.0,standard,CN,1521,109,22,298,23.29,28.75,23.63
hoodie,basic,7.0,standard,US,1452,90,28,33,13.15,16.27,12.73
hoodie,basic,7.0,budget,CN,467,42,29,113,10.8,11.82,10.36
hoodie,basic,7.0,budget,CN,234,15,45,246,11.54,13.62,11.06
hoodie,mid,8.5,standard,CN,431,42,12,337,18.05,22.35,17.46
hoodie,basic,7.0,standard,CN,96,18,12,327,11.88,14.89,11.71
hoodie,premium,10.0,budget,CN,1992,200,33,296,24.56,25.24,22.99
hoodie,basic,7.0,premium,CN,1225,87,33,71,13.45,14.87,12.7
hoodie,basic,7.0,standard,CN,708,102,38,149,12.69,14.87,11.81
hoodie,premium,10.0,premium,CN,1417,131,30,326,26.59,29.23,27.49
hoodie,basic,7.0,budget,US,277,62,43,160,12.28,13.6,12.05
hoodie,basic,7.0,budget,CN,859,76,17,124,10.57,11.11,10.41
hoodie,mid,8.5,standard,CN,881,57,23,32,18.47,20.76,18.15
hoodie,mid,8.5,premium,CN,1316,71,28,135,19.36,22.23,19.33
hoodie,mid,8.5,budget,CN,1445,99,15,232,15.49,20.3,15.89
hoodie,mid,8.5,budget,CN,824,106,45,59,17.21,18.68,16.4
hoodie,mid,8.5,budget,CN,1950,200,13,103,14.9,17.89,15.57
hoodie,mid,8.5,standard,CN,247,36,38,231,19.85,20.79,19.2
hoodie,basic,7.0,standard,US,565,61,9,73,13.13,14.86,12.89
hoodie,basic,7.0,budget,US,1001,200,42,284,11.26,13.0,11.78
hoodie,basic,7.0,standard,CN,134,12,30,245,12.91,16.25,12.71
hoodie,mid,8.5,budget,CN,617,66,18,22,16.31,17.93,16.17
hoodie,mid,8.5,standard,CN,1249,200,33,333,16.75,19.94,16.94
hoodie,mid,8.5,standard,MX,1519,200,36,59,19.26,22.86,19.49
hoodie,basic,7.0,standard,CN,1974,200,16,183,11.55,12.8,10.84
hoodie,mid,8.5,premium,US,1977,168,19,69,24.95,29.39,23.73
hoodie,basic,7.0,budget,CN,905,118,42,42,10.09,11.39,9.98
hoodie,basic,7.0,standard,CN,1851,103,35,103,9.87,12.63,9.97
hoodie,mid,8.5,standard,CN,476,54,45,199,19.8,22.54,19.12
hoodie,basic,7.0,premium,MX,608,131,29,222,12.57,14.1,13.02
hoodie,mid,8.5,standard,CN,724,40,16,221,17.16,18.95,17.05
hoodie,mid,8.5,standard,US,799,95,11,124,21.3,24.14,21.03
hoodie,mid,8.5,standard,CN,323,65,40,174,19.34,21.53,19.68
hoodie,basic,7.0,standard,US,517,86,26,274,13.86,16.19,12.99
hoodie,mid,8.5,budget,MX,1565,148,7,355,16.66,16.65,15.64
hoodie,basic,7.0,premium,US,1588,200,19,52,14.1,17.22,14.46
hoodie,mid,8.5,premium,CN,77,12,11,206,19.91,23.97,20.15
hoodie,premium,10.0,standard,CN,953,125,18,336,26.74,31.9,25.15
hoodie,mid,8.5,standard,US,128,25,21,340,22.21,24.57,22.04
hoodie,basic,7.0,standard,CN,944,200,32,224,11.78,12.94,11.46
hoodie,mid,8.5,budget,MX,1811,200,37,210,18.78,18.68,17.53
hoodie,mid,8.5,budget,US,1943,200,41,148,17.73,19.94,18.18
hoodie,basic,7.0,premium,US,1979,200,29,101,14.97,18.71,14.81
hoodie,mid,8.5,budget,CN,1866,200,13,54,14.52,16.44,15.28
hoodie,mid,8.5,budget,CN,1076,200,27,81,14.3,15.66,14.32
hoodie,basic,7.0,premium,US,1141,124,23,317,14.98,17.41,13.94
hoodie,basic,7.0,budget,CN,835,90,9,62,10.11,12.09,10.02
hoodie,mid,8.5,standard,CN,1119,80,16,251,18.06,20.78,17.79
hoodie,premium,10.0,budget,MX,1732,142,12,265,21.37,24.28,22.18
hoodie,mid,8.5,premium,CN,376,61,28,265,20.33,22.51,19.56
hoodie,mid,8.5,premium,MX,499,112,41,138,22.55,24.39,21.71
hoodie,basic,7.0,budget,CN,1561,200,8,266,9.97,11.8,9.71
hoodie,basic,7.0,standard,MX,268,37,10,220,11.1,13.48,10.91
hoodie,premium,10.0,budget,US,1590,80,41,87,28.35,29.21,26.76
hoodie,mid,8.5,standard,MX,351,23,32,361,18.56,20.97,18.19
hoodie,basic,7.0,budget,CN,1191,95,11,281,11.26,11.21,10.51
hoodie,mid,8.5,standard,CN,839,200,45,34,16.78,20.42,17.11
hoodie,mid,8.5,standard,MX,1802,95,17,78,17.12,20.19,17.93
hoodie,basic,7.0,standard,MX,1519,145,41,235,11.47,12.61,11.29
hoodie,basic,7.0,premium,CN,716,156,39,297,12.9,13.91,12.47
hoodie,mid,8.5,standard,CN,962,200,9,349,18.37,19.68,17.23
hoodie,basic,7.0,budget,MX,1600,200,18,27,10.74,12.11,10.65
hoodie,basic,7.0,standard,CN,1498,200,36,267,11.43,12.73,10.77
hoodie,basic,7.0,standard,CN,1756,141,15,177,10.82,14.18,11.09
hoodie,basic,7.0,standard,CN,676,125,7,218,10.85,13.15,10.87
hoodie,premium,10.0,standard,CN,1802,200,31,209,23.86,27.74,24.02
hoodie,basic,7.0,standard,CN,368,38,41,104,11.28,14.52,11.48
hoodie,basic,7.0,standard,CN,426,33,25,109,12.27,12.84,11.88
hoodie,mid,8.5,standard,CN,576,119,21,113,17.98,21.33,18.66
hoodie,basic,7.0,standard,CN,1900,200,41,186,11.77,11.99,10.99
hoodie,premium,10.0,standard,MX,1203,101,44,127,29.04,31.34,27.61
hoodie,basic,7.0,premium,CN,1058,75,32,203,14.33,15.52,13.35
hoodie,basic,7.0,standard,US,1766,200,8,326,12.45,12.98,11.78
hoodie,basic,7.0,standard,US,270,60,39,309,14.29,17.01,13.5
hoodie,mid,8.5,budget,US,432,66,28,311,18.66,21.34,18.71
hoodie,basic,7.0,budget,US,245,28,27,117,12.31,13.36,11.78
hoodie,premium,10.0,premium,US,999,195,40,63,29.82,39.63,31.19
hoodie,basic,7.0,premium,MX,1452,200,13,159,14.12,14.19,13.41
hoodie,basic,7.0,standard,CN,1285,200,14,316,11.18,12.93,10.56
hoodie,basic,7.0,standard,MX,506,110,40,299,11.83,12.93,11.89
hoodie,basic,7.0,standard,US,1682,200,34,227,12.68,15.38,12.48
hoodie,basic,7.0,standard,CN,636,141,15,266,12.19,15.3,11.99
hoodie,premium,10.0,budget,MX,1319,155,44,230,25.9,29.59,24.84
hoodie,basic,7.0,budget,CN,1986,200,14,56,9.64,10.8,9.59
hoodie,basic,7.0,premium,CN,1832,106,16,171,12.23,15.86,12.48
hoodie,basic,7.0,premium,MX,1833,200,14,180,13.08,14.34,13.64
hoodie,basic,7.0,budget,CN,442,78,34,298,10.17,12.05,10.3
hoodie,mid,8.5,standard,CN,1294,200,38,87,18.42,22.2,17.37
hoodie,basic,7.0,standard,CN,1330,200,25,343,11.91,14.35,11.24
hoodie,mid,8.5,premium,US,614,56,11,283,23.39,26.86,22.15
hoodie,mid,8.5,budget,US,298,26,11,78,18.38,21.65,19.33
hoodie,basic,7.0,standard,CN,41,12,40,139,13.15,14.23,12.97
hoodie,mid,8.5,standard,CN,1115,92,37,220,19.59,23.4,18.62
hoodie,mid,8.5,standard,US,1554,200,42,335,20.22,22.69,20.9
hoodie,mid,8.5,budget,CN,316,54,39,356,15.58,17.05,15.88
hoodie,basic,7.0,premium,CN,1496,200,14,344,12.37,15.6,12.91
hoodie,basic,7.0,standard,CN,1516,141,43,349,11.21,12.83,11.75
hoodie,basic,7.0,premium,MX,1887,200,33,101,14.71,17.36,14.07
hoodie,mid,8.5,standard,US,1336,147,42,295,21.02,26.81,21.08
hoodie,mid,8.5,premium,US,1131,102,42,171,21.77,27.42,22.54
hoodie,mid,8.5,standard,US,1034,96,32,162,22.45,24.99,21.13
hoodie,premium,10.0,standard,CN,1490,200,18,242,27.1,30.26,25.56
hoodie,basic,7.0,standard,US,926,59,10,183,13.44,15.37,13.2
hoodie,basic,7.0,standard,MX,1858,200,15,310,12.05,13.13,11.23
hoodie,basic,7.0,budget,CN,1407,200,13,82,10.01,11.08,9.42
hoodie,basic,7.0,premium,CN,568,114,38,324,14.06,15.66,13.53
hoodie,mid,8.5,premium,CN,922,110,20,204,19.85,24.58,19.47
hoodie,mid,8.5,premium,US,1643,200,9,117,24.38,24.99,22.63
hoodie,basic,7.0,budget,US,1197,200,43,178,12.24,13.84,12.6
hoodie,mid,8.5,premium,CN,1801,123,16,343,21.11,24.45,20.08
hoodie,mid,8.5,standard,US,74,12,19,258,21.0,27.18,21.93
hoodie,premium,10.0,standard,US,987,65,44,269,31.2,31.42,29.0
hoodie,basic,7.0,budget,MX,335,24,17,74,11.78,14.36,11.74
hoodie,basic,7.0,budget,US,1604,200,12,73,10.85,11.68,10.82
hoodie,basic,7.0,budget,CN,1502,84,15,189,11.34,11.6,10.59
hoodie,mid,8.5,standard,CN,100,12,19,234,17.53,18.89,17.94
hoodie,basic,7.0,standard,US,1387,200,40,67,12.58,13.8,13.08
hoodie,mid,8.5,standard,CN,1099,85,28,18,17.22,18.75,17.35
hoodie,mid,8.5,standard,CN,60,13,44,113,18.59,22.14,17.81
hoodie,basic,7.0,standard,CN,1366,68,20,355,11.99,14.81,12.05
hoodie,mid,8.5,premium,US,1614,112,36,74,24.01,27.6,23.51
hoodie,basic,7.0,standard,MX,291,26,8,146,13.78,15.89,12.93
hoodie,basic,7.0,premium,CN,1930,117,14,199,11.57,12.77,11.73
hoodie,mid,8.5,standard,MX,1502,200,34,232,17.79,20.58,18.67
hoodie,basic,7.0,budget,US,1356,200,13,189,12.41,13.94,11.66
hoodie,basic,7.0,standard,US,1799,192,22,44,13.0,15.89,12.62
hoodie,basic,7.0,standard,CN,1897,200,35,202,11.39,13.53,11.41
hoodie,mid,8.5,standard,US,608,82,18,140,20.38,20.81,19.24
hoodie,mid,8.5,standard,CN,30,12,42,44,18.77,20.75,19.65
hoodie,premium,10.0,standard,US,1159,111,35,218,30.39,32.93,28.33
hoodie,basic,7.0,budget,US,51,12,30,243,11.14,13.05,11.56
hoodie,basic,7.0,budget,US,1066,62,35,66,11.31,12.35,11.2
hoodie,basic,7.0,budget,CN,1807,194,40,155,9.97,11.31,10.33
hoodie,basic,7.0,standard,CN,739,115,40,360,12.05,13.77,11.99
hoodie,basic,7.0,budget,MX,271,43,28,115,11.51,12.15,11.19
hoodie,mid,8.5,premium,CN,1913,192,34,215,17.94,20.94,18.51
hoodie,basic,7.0,budget,US,308,58,37,23,12.6,14.05,12.53
hoodie,basic,7.0,standard,CN,1571,99,14,39,11.16,12.76,11.02
hoodie,premium,10.0,budget,CN,1558,200,44,134,24.83,29.15,23.81
hoodie,premium,10.0,standard,CN,577,95,27,141,27.14,29.25,26.05
hoodie,basic,7.0,budget,CN,1271,191,44,166,10.6,12.2,9.92
hoodie,mid,8.5,standard,CN,483,86,19,251,18.12,21.58,17.44
hoodie,basic,7.0,standard,US,624,43,31,64,11.97,13.96,11.82
hoodie,basic,7.0,premium,CN,1585,181,18,121,13.52,15.13,12.57
hoodie,mid,8.5,standard,US,1892,137,35,21,21.82,25.51,20.49
hoodie,premium,10.0,budget,CN,463,66,39,249,23.76,25.37,23.29
hoodie,basic,7.0,budget,CN,349,63,8,336,10.82,12.78,10.1
hoodie,premium,10.0,standard,CN,506,62,43,276,28.05,32.38,26.34
hoodie,basic,7.0,budget,CN,254,16,35,25,10.74,12.62,9.99
hoodie,mid,8.5,premium,MX,1768,113,41,218,20.35,22.25,20.57
hoodie,mid,8.5,standard,CN,1827,200,40,276,19.4,20.47,18.02
hoodie,premium,10.0,standard,US,151,32,23,290,34.46,39.47,34.06
hoodie,basic,7.0,premium,US,1749,153,43,57,14.24,17.37,13.73
hoodie,mid,8.5,standard,CN,1698,200,17,321,18.52,21.12,18.11
hoodie,mid,8.5,standard,CN,1209,200,37,354,17.45,19.18,17.81
hoodie,premium,10.0,budget,US,1214,163,29,232,29.82,33.48,27.95
hoodie,basic,7.0,budget,US,1855,200,42,299,12.18,13.4,11.59
hoodie,mid,8.5,premium,CN,1397,200,18,163,20.13,23.87,18.9
hoodie,mid,8.5,budget,CN,1273,159,41,141,16.53,19.61,16.79
hoodie,basic,7.0,standard,US,338,54,13,211,13.81,14.51,12.82
hoodie,mid,8.5,premium,US,857,90,41,78,26.75,28.28,25.45
hoodie,basic,7.0,standard,MX,491,84,34,84,11.85,12.83,11.83
hoodie,premium,10.0,standard,CN,1257,200,34,25,26.17,33.2,26.76
hoodie,mid,8.5,standard,CN,1509,150,45,341,19.65,22.76,18.2
hoodie,mid,8.5,budget,US,461,66,33,14,18.59,22.27,18.91
hoodie,basic,7.0,standard,MX,1724,200,17,198,11.4,12.94,11.56
hoodie,basic,7.0,budget,CN,224,30,9,112,10.26,12.72,10.22
hoodie,mid,8.5,standard,US,1861,200,11,278,20.76,24.78,21.11
hoodie,mid,8.5,standard,CN,1144,180,7,219,16.42,19.02,17.1
hoodie,mid,8.5,premium,US,1637,155,27,332,22.43,25.46,22.4
hoodie,basic,7.0,standard,CN,1383,200,22,311,11.61,12.33,10.84
hoodie,basic,7.0,premium,MX,209,24,44,147,14.24,14.33,13.5
hoodie,basic,7.0,budget,CN,1251,200,10,365,11.01,12.9,10.28
hoodie,basic,7.0,budget,CN,996,65,10,130,10.22,12.3,10.02
hoodie,mid,8.5,budget,CN,668,66,15,65,15.25,18.51,15.93
hoodie,basic,7.0,standard,CN,1358,200,15,166,11.84,12.6,11.55
hoodie,basic,7.0,standard,CN,793,147,24,299,10.85,12.57,10.93
hoodie,basic,7.0,premium,CN,1932,200,34,200,12.92,15.05,12.82
hoodie,basic,7.0,standard,US,1976,200,27,127,12.11,13.32,12.05
hoodie,mid,8.5,budget,US,853,192,15,338,18.17,21.91,18.09
hoodie,basic,7.0,standard,MX,709,121,29,131,13.1,16.25,13.03
hoodie,basic,7.0,budget,MX,395,95,35,233,11.12,13.2,10.99
hoodie,basic,7.0,budget,US,672,116,31,28,11.66,13.75,12.11
hoodie,premium,10.0,standard,CN,1984,198,40,341,26.16,33.45,27.31
hoodie,premium,10.0,budget,CN,996,167,32,260,25.43,26.06,23.91
hoodie,mid,8.5,premium,CN,934,200,7,153,21.1,22.36,19.55
hoodie,basic,7.0,budget,MX,1687,200,16,70,10.67,13.34,10.89
hoodie,mid,8.5,budget,US,733,138,31,286,19.19,23.92,18.78
hoodie,mid,8.5,standard,US,567,135,18,172,19.39,22.24,19.78
hoodie,basic,7.0,standard,MX,1970,200,9,360,10.65,13.0,10.83
hoodie,basic,7.0,standard,US,1540,121,19,53,13.54,14.98,12.99
hoodie,mid,8.5,standard,MX,1533,200,38,363,19.31,23.57,18.47
hoodie,mid,8.5,premium,US,840,170,22,354,22.08,23.02,21.78
hoodie,premium,10.0,standard,CN,802,149,11,257,23.12,28.54,24.29
hoodie,mid,8.5,budget,US,1630,200,22,35,17.91,22.9,17.91
hoodie,premium,10.0,standard,CN,1141,171,16,150,24.39,30.99,24.89
hoodie,premium,10.0,budget,US,1781,200,13,277,27.11,31.18,26.69
hoodie,basic,7.0,standard,MX,377,39,23,357,11.45,13.37,11.64
hoodie,mid,8.5,budget,CN,1120,200,11,257,16.28,16.78,15.93
hoodie,mid,8.5,standard,CN,1664,200,27,137,18.06,21.93,18.69
hoodie,premium,10.0,standard,CN,548,123,31,332,25.5,27.23,25.08
hoodie,premium,10.0,standard,CN,149,16,27,260,26.66,31.98,27.56
hoodie,basic,7.0,standard,CN,306,30,21,32,12.66,15.78,12.41
hoodie,mid,8.5,budget,US,295,68,42,346,17.48,20.28,17.33
hoodie,basic,7.0,standard,US,334,81,42,269,14.59,15.05,13.7
hoodie,basic,7.0,premium,MX,1917,114,43,299,12.75,14.14,13.12
hoodie,mid,8.5,budget,US,496,42,7,22,17.37,18.43,17.38
hoodie,basic,7.0,premium,CN,1247,200,42,360,12.74,13.41,12.74
hoodie,basic,7.0,budget,US,788,99,12,161,11.22,12.76,11.36
hoodie,basic,7.0,premium,US,1232,187,10,261,13.65,15.92,12.98
hoodie,mid,8.5,budget,CN,669,74,44,175,16.07,20.22,16.47
hoodie,basic,7.0,premium,CN,852,198,7,203,12.18,13.9,12.35
hoodie,mid,8.5,standard,CN,1733,112,8,37,18.37,19.58,18.28
hoodie,basic,7.0,standard,CN,1901,200,12,60,11.62,13.81,10.9
hoodie,premium,10.0,budget,CN,940,148,13,218,25.32,27.91,24.1
hoodie,mid,8.5,budget,CN,1608,200,19,234,14.98,18.06,15.34
hoodie,basic,7.0,standard,CN,1181,200,17,212,11.53,13.32,11.3
hoodie,mid,8.5,standard,US,267,38,38,328,19.17,24.8,20.09
hoodie,basic,7.0,standard,US,1753,114,36,207,13.59,13.69,12.67
hoodie,premium,10.0,standard,CN,759,106,40,309,27.72,29.65,26.07
hoodie,basic,7.0,budget,MX,1775,90,43,202,11.35,13.29,11.38
hoodie,premium,10.0,budget,CN,1021,144,12,357,22.66,25.46,22.36
hoodie,basic,7.0,budget,US,1134,200,42,88,12.11,12.99,11.29
hoodie,basic,7.0,budget,US,1956,200,39,314,10.74,13.61,11.22
hoodie,premium,10.0,premium,US,1501,200,24,81,30.81,38.32,30.86
hoodie,basic,7.0,standard,US,1060,79,43,86,13.67,14.97,12.86
hoodie,basic,7.0,standard,CN,1946,200,11,337,11.87,15.01,11.83
hoodie,mid,8.5,budget,CN,303,32,37,104,17.05,18.98,15.94
hoodie,premium,10.0,premium,CN,598,30,12,262,30.07,37.32,30.88
hoodie,mid,8.5,budget,MX,304,75,11,213,16.78,20.78,16.44
hoodie,mid,8.5,budget,CN,159,12,29,301,16.09,18.93,16.67
hoodie,basic,7.0,budget,US,974,200,13,350,11.03,12.1,11.32
hoodie,premium,10.0,standard,CN,490,117,35,41,26.97,33.01,26.7
hoodie,mid,8.5,standard,US,34,12,23,348,22.19,26.89,21.85
hoodie,mid,8.5,standard,CN,625,59,16,304,16.63,21.22,17.01
hoodie,basic,7.0,standard,CN,596,143,14,225,11.15,13.85,11.6
hoodie,mid,8.5,premium,US,996,90,26,289,22.95,26.55,23.93
hoodie,basic,7.0,standard,CN,1174,200,32,127,10.48,13.72,10.93
hoodie,basic,7.0,premium,CN,1644,200,35,145,13.75,14.03,12.93
hoodie,mid,8.5,standard,CN,584,143,34,33,17.91,21.05,17.76
hoodie,basic,7.0,standard,US,539,122,41,271,13.88,14.99,13.17
hoodie,premium,10.0,premium,US,1765,193,15,290,32.86,38.12,33.08
hoodie,basic,7.0,budget,US,127,16,35,331,12.93,15.72,13.32
hoodie,mid,8.5,budget,US,94,14,28,180,20.43,24.4,20.15
hoodie,mid,8.5,standard,MX,1253,88,21,65,19.51,21.87,19.2
hoodie,mid,8.5,standard,CN,316,36,25,241,17.4,22.03,18.18
hoodie,basic,7.0,budget,CN,1493,200,21,175,10.2,11.58,10.62
hoodie,basic,7.0,budget,CN,301,26,27,303,10.94,10.71,10.18
hoodie,premium,10.0,standard,US,1457,200,12,177,28.52,36.67,29.29
hoodie,premium,10.0,standard,MX,1430,200,35,338,28.55,33.05,28.72
hoodie,basic,7.0,premium,CN,229,46,19,80,12.33,14.03,11.83
hoodie,basic,7.0,budget,US,497,91,11,38,11.29,14.33,11.28
hoodie,mid,8.5,premium,US,1607,200,20,310,21.28,24.52,22.3
hoodie,basic,7.0,standard,US,1582,169,11,291,13.24,13.78,12.86
hoodie,basic,7.0,standard,CN,1828,200,18,293,11.09,13.11,11.11
hoodie,basic,7.0,standard,CN,169,12,33,263,11.75,13.73,11.46
hoodie,basic,7.0,standard,US,1896,200,42,44,12.33,15.4,12.53
hoodie,premium,10.0,premium,CN,1050,108,15,125,30.14,32.86,29.43
hoodie,mid,8.5,premium,CN,792,176,8,15,19.48,20.71,18.38
hoodie,basic,7.0,budget,US,737,158,11,266,11.72,13.0,11.73
hoodie,premium,10.0,budget,CN,241,34,23,108,23.48,28.17,22.92
hoodie,basic,7.0,budget,CN,702,155,11,21,9.24,10.25,9.68
hoodie,premium,10.0,standard,CN,1411,83,22,16,26.94,29.75,26.84
hoodie,basic,7.0,premium,US,263,17,32,241,14.28,18.65,14.76
hoodie,basic,7.0,standard,CN,1986,200,36,185,12.76,13.66,11.84
hoodie,premium,10.0,premium,US,204,17,44,230,34.78,38.31,34.73
hoodie,mid,8.5,standard,CN,1671,200,7,86,16.71,21.68,16.99
hoodie,premium,10.0,standard,US,283,14,35,72,31.04,33.92,31.2
hoodie,mid,8.5,standard,CN,395,34,17,64,16.43,21.57,17.14
hoodie,mid,8.5,budget,CN,1198,200,7,365,14.5,16.19,15.07
hoodie,basic,7.0,standard,US,1121,139,42,295,13.31,15.36,12.71
hoodie,mid,8.5,standard,CN,217,27,40,36,19.13,22.42,18.26
hoodie,premium,10.0,standard,US,1592,200,45,124,30.47,39.54,31.41
hoodie,mid,8.5,budget,CN,1067,112,26,41,17.13,17.17,15.87
hoodie,mid,8.5,standard,CN,27,12,42,123,19.43,20.23,18.35
hoodie,mid,8.5,budget,MX,541,36,24,263,17.26,20.31,16.67
hoodie,premium,10.0,premium,CN,1556,111,33,198,29.54,34.71,28.47
hoodie,mid,8.5,budget,MX,1323,121,10,155,15.98,16.9,15.36
hoodie,basic,7.0,standard,US,1044,127,15,66,13.39,13.76,12.74
hoodie,basic,7.0,standard,US,121,15,32,114,14.46,14.26,13.41
hoodie,mid,8.5,standard,CN,1939,200,36,249,18.34,19.42,17.98
hoodie,basic,7.0,budget,CN,356,88,12,226,10.72,12.94,10.15
hoodie,basic,7.0,budget,CN,1796,200,17,312,10.29,10.86,9.78
hoodie,mid,8.5,standard,US,1706,179,31,214,20.58,24.81,20.1
hoodie,basic,7.0,budget,CN,1022,53,10,201,10.86,13.76,10.81
hoodie,basic,7.0,premium,CN,1821,200,31,133,12.53,12.51,11.7
hoodie,mid,8.5,standard,CN,765,47,44,160,17.5,23.32,18.33
hoodie,basic,7.0,budget,CN,652,111,19,129,9.82,11.05,9.87
hoodie,mid,8.5,budget,US,413,31,17,211,18.49,20.28,18.71
hoodie,basic,7.0,standard,CN,306,71,28,349,11.36,13.81,11.46
hoodie,basic,7.0,standard,CN,1076,190,9,287,12.14,12.53,11.68
hoodie,mid,8.5,standard,CN,1334,130,26,57,17.8,19.77,17.38
hoodie,basic,7.0,standard,MX,1673,163,15,158,11.82,12.6,11.85
hoodie,mid,8.5,budget,US,558,133,9,137,18.86,20.53,18.1
hoodie,mid,8.5,standard,MX,82,12,24,203,20.4,23.65,19.62
hoodie,mid,8.5,standard,US,847,141,24,339,19.06,24.85,19.53
hoodie,basic,7.0,standard,CN,1780,185,31,318,10.7,13.39,10.64
hoodie,basic,7.0,budget,CN,609,75,41,18,11.73,13.87,10.96
hoodie,premium,10.0,standard,CN,204,43,18,218,26.03,28.99,25.4
hoodie,mid,8.5,budget,MX,1772,200,7,246,17.32,19.42,17.57
hoodie,mid,8.5,standard,MX,268,27,31,76,19.93,22.27,18.56
hoodie,mid,8.5,budget,US,1862,151,33,73,20.45,23.13,20.63
hoodie,mid,8.5,budget,US,1185,157,36,129,18.81,23.63,19.72
hoodie,mid,8.5,standard,MX,1112,200,17,86,16.79,21.29,17.48
hoodie,basic,7.0,premium,CN,1165,123,17,121,13.78,14.85,12.92
hoodie,premium,10.0,standard,US,556,57,38,38,29.32,38.23,30.06
hoodie,premium,10.0,premium,CN,1410,77,40,224,30.05,35.38,30.7
hoodie,mid,8.5,standard,US,844,157,33,110,18.48,21.66,19.44
hoodie,basic,7.0,premium,CN,1919,200,29,92,13.61,14.42,12.71
hoodie,mid,8.5,standard,MX,118,12,16,261,18.56,20.59,19.07
hoodie,basic,7.0,standard,CN,1381,200,19,75,11.18,13.44,10.91
hoodie,mid,8.5,budget,MX,840,130,12,267,17.35,17.79,16.24
hoodie,basic,7.0,standard,US,743,142,40,214,12.71,15.88,13.05
hoodie,premium,10.0,standard,CN,729,55,30,329,26.39,29.74,24.75
hoodie,basic,7.0,budget,CN,371,29,35,130,10.99,11.22,10.68
hoodie,basic,7.0,standard,US,1445,200,21,195,13.06,15.31,13.33
hoodie,mid,8.5,premium,MX,986,127,10,296,21.58,25.82,20.97
hoodie,basic,7.0,standard,US,349,75,19,209,12.56,14.24,13.2
hoodie,basic,7.0,standard,MX,1756,200,42,127,12.14,13.69,11.29
hoodie,premium,10.0,standard,CN,1650,200,34,148,24.91,28.94,25.33
hoodie,basic,7.0,standard,MX,562,42,20,124,11.79,14.74,12.14
hoodie,basic,7.0,budget,CN,1269,137,16,191,10.38,12.22,10.01
hoodie,basic,7.0,premium,CN,1428,200,18,105,12.06,15.53,12.38
hoodie,premium,10.0,standard,CN,786,142,31,138,27.27,32.12,26.41
hoodie,premium,10.0,budget,US,1776,200,41,42,25.2,28.88,26.15
hoodie,mid,8.5,standard,CN,1779,200,26,76,16.7,17.72,16.83
hoodie,mid,8.5,budget,CN,814,69,10,274,16.48,18.06,15.58
hoodie,basic,7.0,budget,CN,1521,160,37,37,9.79,10.62,9.96
hoodie,basic,7.0,standard,US,162,20,34,151,12.34,14.25,12.41
hoodie,basic,7.0,premium,MX,212,35,31,317,13.57,15.25,13.22
hoodie,mid,8.5,premium,US,148,21,7,84,25.33,26.05,24.43
hoodie,premium,10.0,standard,US,303,59,12,90,35.05,38.62,32.69
hoodie,mid,8.5,standard,CN,1963,200,36,286,18.83,20.32,17.53
hoodie,basic,7.0,standard,MX,1854,200,12,322,11.23,13.27,11.53
hoodie,basic,7.0,standard,CN,967,200,43,285,10.9,13.61,10.95
hoodie,premium,10.0,premium,US,1427,200,26,117,31.82,40.59,33.08
hoodie,basic,7.0,budget,US,1978,200,44,340,11.35,13.85,11.69
hoodie,basic,7.0,budget,MX,739,108,31,153,11.24,12.69,10.99
hoodie,premium,10.0,standard,MX,1481,88,15,229,26.13,31.37,25.6
hoodie,mid,8.5,budget,CN,942,158,26,59,15.77,20.27,16.15
hoodie,basic,7.0,premium,CN,551,122,9,25,12.28,12.85,12.14
hoodie,mid,8.5,premium,CN,1182,159,18,251,19.93,24.72,20.67
hoodie,mid,8.5,budget,US,1450,182,27,119,16.73,19.96,17.59
hoodie,basic,7.0,standard,US,972,128,20,232,14.31,16.54,13.27
hoodie,mid,8.5,premium,CN,1296,200,43,185,20.47,21.89,19.77
hoodie,premium,10.0,standard,US,1816,200,25,127,29.41,31.9,29.9
hoodie,premium,10.0,standard,US,835,136,45,315,30.48,31.52,28.41
hoodie,mid,8.5,budget,US,1202,200,33,149,18.31,21.69,17.46
hoodie,mid,8.5,budget,CN,484,28,28,270,16.82,20.05,15.7
hoodie,mid,8.5,standard,US,1603,200,44,152,19.3,25.31,19.89
hoodie,premium,10.0,standard,MX,937,71,18,72,26.62,33.53,26.91
hoodie,basic,7.0,budget,CN,1478,200,30,186,9.93,12.08,9.68
hoodie,basic,7.0,budget,CN,112,12,43,235,11.18,11.8,10.71
hoodie,basic,7.0,budget,US,1862,200,29,68,11.21,14.16,11.62
hoodie,mid,8.5,premium,US,1795,200,45,214,23.05,27.67,21.76
hoodie,mid,8.5,standard,US,1676,110,43,326,19.03,24.06,19.85
hoodie,mid,8.5,budget,US,1449,167,31,127,18.34,23.03,18.37
hoodie,basic,7.0,budget,MX,1722,200,15,31,10.64,12.6,10.91
hoodie,basic,7.0,standard,CN,1368,97,26,132,11.66,13.43,11.14
hoodie,mid,8.5,standard,CN,1131,200,9,296,18.05,20.08,16.74
hoodie,mid,8.5,premium,MX,1190,200,31,312,20.85,26.07,21.68
hoodie,mid,8.5,premium,US,156,22,19,33,26.32,26.42,24.84
hoodie,basic,7.0,standard,US,1734,200,10,97,11.5,12.9,11.44
hoodie,basic,7.0,standard,US,1811,200,17,115,12.42,13.24,12.2
hoodie,mid,8.5,budget,MX,58,12,32,307,17.75,19.93,18.11
hoodie,basic,7.0,standard,MX,163,32,14,357,13.76,14.83,13.08
hoodie,mid,8.5,standard,CN,899,70,37,326,19.22,19.16,18.02
hoodie,basic,7.0,standard,CN,139,12,18,132,11.53,12.51,11.28
hoodie,mid,8.5,budget,US,468,48,15,37,19.68,21.64,18.28
hoodie,mid,8.5,premium,MX,1603,85,36,97,21.85,22.79,21.09
hoodie,basic,7.0,standard,CN,924,196,33,146,11.51,13.29,10.71
hoodie,mid,8.5,standard,US,1039,118,23,225,20.89,23.59,19.85
hoodie,premium,10.0,premium,CN,127,16,41,130,32.48,37.38,31.29
hoodie,basic,7.0,premium,US,156,13,27,320,15.97,18.29,14.87
hoodie,basic,7.0,standard,CN,1118,118,23,273,11.26,12.53,11.46
hoodie,mid,8.5,premium,US,1651,144,15,57,21.79,26.71,22.79
hoodie,premium,10.0,budget,CN,1452,173,42,226,25.08,29.9,23.46
hoodie,basic,7.0,premium,CN,1792,200,25,32,13.23,14.67,12.35
hoodie,basic,7.0,standard,CN,1293,200,29,105,10.8,12.02,11.2
hoodie,basic,7.0,premium,US,1961,200,23,141,13.13,14.15,13.01
hoodie,basic,7.0,budget,CN,320,23,18,206,10.88,11.63,10.22
hoodie,premium,10.0,premium,US,1540,200,41,114,31.91,36.17,32.31
hoodie,premium,10.0,premium,CN,649,97,40,269,28.29,30.28,28.71
hoodie,basic,7.0,premium,US,1282,200,39,364,14.75,17.93,14.33
hoodie,basic,7.0,standard,CN,1042,105,18,217,11.78,13.51,11.07
hoodie,basic,7.0,budget,CN,951,200,37,177,9.81,11.44,10.1
hoodie,basic,7.0,standard,US,1839,200,41,56,12.82,15.64,12.85
hoodie,basic,7.0,standard,US,264,16,33,125,13.65,14.92,13.29
hoodie,mid,8.5,standard,CN,501,68,36,356,19.71,22.67,18.64
hoodie,mid,8.5,premium,CN,112,15,11,185,21.87,22.4,21.21
hoodie,mid,8.5,standard,CN,423,38,13,128,17.62,20.97,17.88
hoodie,premium,10.0,standard,MX,346,21,12,104,25.88,33.36,26.89
hoodie,mid,8.5,standard,CN,631,96,14,204,18.71,23.45,18.35
hoodie,basic,7.0,budget,US,1588,200,40,181,11.47,12.82,11.25
hoodie,premium,10.0,standard,CN,1739,200,7,35,27.9,30.39,26.1
hoodie,mid,8.5,standard,CN,1728,194,27,212,18.8,23.82,19.05
hoodie,mid,8.5,standard,US,268,45,15,125,22.02,24.28,21.11
hoodie,basic,7.0,budget,US,399,21,11,37,12.61,14.36,12.25
hoodie,mid,8.5,budget,CN,1525,200,39,304,16.16,19.04,15.98
hoodie,basic,7.0,standard,CN,1229,200,24,308,10.63,12.0,11.04
hoodie,mid,8.5,budget,CN,1150,62,21,235,16.37,17.69,16.84
hoodie,basic,7.0,premium,CN,1556,127,28,113,12.37,13.61,12.69
hoodie,basic,7.0,budget,MX,1683,144,22,285,10.41,12.63,10.45
hoodie,premium,10.0,premium,US,1286,108,43,327,33.72,39.21,33.43
hoodie,basic,7.0,premium,US,1573,200,22,130,14.0,15.32,13.15
hoodie,premium,10.0,standard,CN,1832,200,20,261,25.82,28.76,24.66
hoodie,mid,8.5,premium,CN,1998,200,32,104,20.21,25.09,20.42
hoodie,basic,7.0,budget,MX,342,62,17,116,11.53,11.99,11.05
hoodie,mid,8.5,premium,CN,1522,200,29,109,18.89,20.85,18.54
hoodie,premium,10.0,standard,CN,1459,78,37,266,25.61,28.39,24.75
hoodie,mid,8.5,standard,US,1216,101,41,281,21.16,24.04,20.15
hoodie,mid,8.5,standard,CN,864,63,39,70,18.08,20.83,17.6
hoodie,mid,8.5,budget,CN,1443,158,38,105,17.86,20.7,17.09
hoodie,basic,7.0,standard,CN,1708,200,31,101,11.27,14.05,11.32
hoodie,basic,7.0,standard,MX,655,113,44,303,12.7,14.87,12.35
hoodie,mid,8.5,budget,MX,935,184,15,310,16.25,18.95,17.05
hoodie,mid,8.5,standard,CN,868,116,26,46,16.39,18.08,17.2
hoodie,mid,8.5,standard,CN,1429,200,23,300,17.8,20.41,17.28
hoodie,basic,7.0,budget,CN,1067,94,45,272,10.59,12.39,10.72
hoodie,premium,10.0,standard,US,841,165,41,287,30.93,38.02,30.95
hoodie,mid,8.5,budget,CN,672,34,45,99,15.02,20.08,15.79
hoodie,basic,7.0,premium,US,89,12,15,248,15.0,17.62,14.97
hoodie,premium,10.0,budget,CN,1139,97,41,143,24.64,28.3,24.1
hoodie,mid,8.5,premium,CN,1672,97,37,170,20.68,22.39,20.27
hoodie,mid,8.5,standard,US,1731,200,13,297,19.77,25.91,20.39
hoodie,mid,8.5,premium,US,121,12,9,361,23.28,28.05,23.26
hoodie,basic,7.0,premium,MX,1619,200,20,22,13.01,15.0,13.51
hoodie,mid,8.5,premium,CN,1133,200,25,235,18.76,24.02,19.61
hoodie,premium,10.0,premium,CN,1363,100,37,96,27.89,35.34,28.91
hoodie,basic,7.0,premium,US,276,16,24,165,15.82,15.88,14.7
hoodie,mid,8.5,budget,CN,1016,106,28,230,17.08,19.14,17.1
hoodie,basic,7.0,budget,CN,1618,121,27,190,9.84,11.33,9.77
hoodie,basic,7.0,standard,CN,390,33,18,77,11.66,13.57,11.29
hoodie,basic,7.0,budget,CN,1046,116,31,169,10.89,11.79,10.48
hoodie,mid,8.5,standard,US,693,58,21,287,23.54,24.42,21.88
hoodie,mid,8.5,budget,US,365,69,45,42,18.72,20.57,19.06
hoodie,basic,7.0,budget,MX,1804,114,37,135,10.33,11.11,10.23
hoodie,mid,8.5,standard,US,1142,200,29,298,20.15,22.87,19.42
hoodie,basic,7.0,standard,CN,650,54,29,85,12.14,12.68,11.27
hoodie,basic,7.0,budget,MX,161,12,10,284,10.78,12.63,11.27
hoodie,basic,7.0,standard,CN,654,67,21,201,11.29,13.13,11.21
hoodie,mid,8.5,standard,CN,254,55,36,74,18.58,23.21,18.79
hoodie,mid,8.5,budget,US,617,135,45,118,18.04,20.7,18.91
hoodie,mid,8.5,standard,CN,1814,200,19,136,18.59,21.71,18.27
hoodie,basic,7.0,premium,CN,1075,155,41,103,12.06,14.57,12.4
hoodie,basic,7.0,budget,US,1161,159,27,364,11.15,13.19,11.45
hoodie,basic,7.0,standard,CN,1378,127,27,129,11.02,13.5,11.44
hoodie,basic,7.0,standard,CN,1004,87,24,209,11.28,12.43,10.79
hoodie,basic,7.0,budget,US,1681,200,11,172,11.75,12.67,11.42
hoodie,basic,7.0,standard,CN,561,137,28,40,11.53,13.86,11.25
hoodie,mid,8.5,budget,US,1115,188,28,259,21.0,23.95,19.84
hoodie,basic,7.0,budget,CN,199,31,33,353,11.42,11.65,10.7
hoodie,basic,7.0,budget,CN,1945,200,40,166,11.24,12.6,10.91
hoodie,basic,7.0,budget,CN,1890,200,38,182,10.12,12.09,9.88
hoodie,basic,7.0,standard,US,252,55,10,105,12.99,14.79,12.43
hoodie,premium,10.0,premium,CN,1742,112,15,167,28.13,34.35,28.87
hoodie,premium,10.0,premium,CN,971,51,28,311,29.61,32.0,29.83
hoodie,basic,7.0,premium,MX,896,133,17,281,13.93,13.89,12.93
hoodie,basic,7.0,budget,CN,85,12,39,188,10.54,12.14,10.97
hoodie,premium,10.0,standard,US,1128,74,28,309,30.69,35.42,29.04
hoodie,mid,8.5,premium,CN,1752,200,17,67,18.27,23.53,18.85
hoodie,premium,10.0,standard,CN,477,102,30,59,26.82,31.63,25.9
hoodie,mid,8.5,budget,US,1503,200,7,356,19.13,19.69,18.27
hoodie,mid,8.5,standard,MX,188,12,41,78,21.61,22.47,20.05
hoodie,mid,8.5,standard,CN,273,26,34,35,18.53,19.5,18.17
hoodie,mid,8.5,budget,US,605,69,15,167,17.83,20.16,17.65
hoodie,premium,10.0,premium,CN,1653,200,38,119,25.84,32.53,26.91
hoodie,mid,8.5,standard,CN,1188,117,29,137,17.9,19.66,18.69
hoodie,basic,7.0,standard,CN,1814,200,34,60,11.53,14.08,11.74
hoodie,premium,10.0,premium,CN,515,85,43,109,31.06,31.77,29.51
hoodie,basic,7.0,budget,US,1983,200,9,351,11.07,12.63,10.93
hoodie,premium,10.0,standard,US,888,200,31,223,31.74,33.2,29.7
hoodie,mid,8.5,standard,US,547,55,33,53,23.39,29.37,23.16
hoodie,mid,8.5,budget,CN,1121,200,26,223,16.67,19.81,17.44
hoodie,basic,7.0,budget,MX,1172,186,15,265,10.76,12.29,10.71
hoodie,premium,10.0,standard,US,234,24,23,360,29.3,37.15,30.36
hoodie,basic,7.0,standard,CN,457,107,43,224,12.02,14.96,12.22
hoodie,premium,10.0,premium,US,1308,200,7,305,33.19,40.05,32.68
hoodie,basic,7.0,standard,US,955,193,27,193,13.31,14.88,12.68
hoodie,premium,10.0,budget,US,1030,76,24,114,26.44,30.37,24.58
hoodie,premium,10.0,premium,CN,1640,116,31,152,28.55,31.67,28.85
hoodie,mid,8.5,standard,CN,158,23,20,294,18.79,20.57,18.16
hoodie,mid,8.5,standard,US,464,60,37,244,19.82,21.94,20.84
hoodie,premium,10.0,premium,US,739,65,33,25,33.33,37.26,34.48
hoodie,basic,7.0,budget,CN,105,24,11,349,10.28,11.32,10.7
hoodie,mid,8.5,standard,US,299,15,24,47,21.16,23.64,20.31
hoodie,mid,8.5,standard,CN,229,37,17,152,19.05,19.6,18.43
hoodie,mid,8.5,standard,CN,227,54,16,87,17.14,19.43,16.79
hoodie,mid,8.5,standard,MX,997,79,31,144,17.71,19.44,18.2
hoodie,mid,8.5,budget,CN,320,27,7,149,16.52,19.13,15.88
hoodie,basic,7.0,budget,US,1117,200,10,32,11.5,12.16,11.06
hoodie,mid,8.5,budget,MX,842,117,17,42,16.57,18.08,17.09
hoodie,mid,8.5,standard,US,509,65,33,83,20.6,21.33,20.18
hoodie,basic,7.0,standard,US,666,37,13,267,13.17,16.36,13.26
hoodie,premium,10.0,budget,US,969,90,36,59,26.39,29.08,27.14
hoodie,basic,7.0,premium,MX,1184,68,39,255,13.03,14.65,12.59
hoodie,basic,7.0,budget,CN,1711,172,24,222,9.96,12.67,10.25
hoodie,premium,10.0,standard,CN,37,12,26,139,29.78,29.93,27.63
hoodie,basic,7.0,standard,CN,1779,200,15,108,11.07,12.48,11.43
hoodie,premium,10.0,budget,US,193,15,8,312,28.87,31.8,27.59
hoodie,mid,8.5,premium,US,794,137,20,359,21.33,27.98,22.17
hoodie,mid,8.5,budget,US,978,166,26,299,19.1,19.18,17.75
hoodie,premium,10.0,premium,CN,760,126,29,71,30.69,33.26,29.6
hoodie,premium,10.0,standard,MX,1748,119,34,290,29.43,33.04,27.27
hoodie,mid,8.5,premium,CN,1837,200,37,298,22.31,23.2,21.5
hoodie,mid,8.5,premium,US,1884,97,40,151,20.64,24.5,20.98
hoodie,basic,7.0,premium,CN,1166,200,43,70,12.43,12.99,12.14
hoodie,basic,7.0,budget,CN,1194,200,40,117,11.09,12.32,10.32
hoodie,mid,8.5,standard,CN,496,52,24,275,16.58,17.59,16.33
hoodie,mid,8.5,standard,CN,677,70,18,89,17.45,19.54,18.34
hoodie,basic,7.0,standard,CN,1031,193,16,21,11.29,11.3,10.76
hoodie,basic,7.0,standard,CN,796,79,25,220,12.51,14.5,12.18
hoodie,basic,7.0,standard,US,1598,200,12,76,12.9,15.69,12.58
hoodie,basic,7.0,standard,CN,1543,200,22,85,10.92,12.93,11.19
hoodie,mid,8.5,standard,US,1960,200,36,330,21.52,25.44,21.65
hoodie,mid,8.5,budget,CN,1775,200,42,231,15.86,17.85,16.13
hoodie,basic,7.0,premium,US,1696,200,44,277,15.66,17.87,14.69
hoodie,basic,7.0,standard,US,1928,133,12,176,13.46,15.69,13.09
hoodie,mid,8.5,standard,MX,314,63,26,90,20.39,20.24,19.23
hoodie,basic,7.0,standard,CN,514,54,33,29,11.88,14.06,11.89
hoodie,mid,8.5,budget,CN,1848,200,32,235,16.18,17.6,15.84
hoodie,mid,8.5,budget,CN,310,59,41,60,15.86,17.69,16.35
hoodie,basic,7.0,standard,MX,1914,200,7,90,11.28,14.22,11.34
hoodie,mid,8.5,standard,CN,1878,144,21,197,17.14,19.72,17.58
hoodie,premium,10.0,budget,US,955,51,25,58,30.16,33.06,28.09
hoodie,basic,7.0,standard,US,1431,191,11,335,13.54,14.76,13.12
hoodie,mid,8.5,budget,US,1799,200,14,30,17.16,19.94,17.43
hoodie,basic,7.0,budget,US,521,80,36,58,12.22,14.29,11.7
hoodie,basic,7.0,premium,CN,285,46,34,49,13.44,16.0,13.65
hoodie,basic,7.0,standard,MX,904,123,27,128,12.96,15.03,12.34
hoodie,premium,10.0,budget,US,806,157,26,349,29.55,34.14,27.4
hoodie,basic,7.0,premium,US,76,12,12,184,15.5,18.89,15.54
hoodie,mid,8.5,premium,US,1999,200,38,90,20.48,27.29,21.32
hoodie,mid,8.5,budget,CN,675,135,15,248,16.83,19.94,17.28
hoodie,basic,7.0,standard,MX,881,168,31,193,12.88,13.52,12.14
hoodie,basic,7.0,premium,CN,1825,200,33,293,12.09,12.67,11.39
hoodie,mid,8.5,standard,US,1724,113,17,310,20.0,25.2,19.93
hoodie,mid,8.5,standard,US,1183,173,26,88,20.17,22.65,20.36
hoodie,basic,7.0,budget,US,1511,200,31,294,12.36,13.5,11.74
hoodie,basic,7.0,standard,CN,754,62,23,308,10.92,13.1,11.47
hoodie,mid,8.5,premium,CN,1341,200,14,65,18.93,19.81,18.54
hoodie,basic,7.0,budget,US,1780,200,21,171,11.34,13.45,10.92
hoodie,mid,8.5,premium,CN,1676,143,11,284,17.84,21.4,18.72
hoodie,basic,7.0,standard,US,736,161,13,36,12.19,15.71,12.55
hoodie,basic,7.0,standard,MX,596,39,18,140,12.08,14.9,12.2
hoodie,mid,8.5,budget,CN,1962,192,16,65,16.6,18.73,16.06
hoodie,basic,7.0,budget,CN,359,22,19,67,10.09,12.46,9.81
hoodie,basic,7.0,premium,MX,91,21,20,166,13.73,14.61,13.57
hoodie,basic,7.0,standard,CN,1555,108,36,347,12.83,14.75,12.05
hoodie,premium,10.0,budget,US,1949,200,10,273,26.94,29.3,26.27
hoodie,premium,10.0,standard,CN,1097,126,30,18,28.08,31.85,28.24
hoodie,basic,7.0,budget,CN,992,200,42,284,11.48,12.68,10.84
hoodie,basic,7.0,budget,CN,983,166,10,130,9.74,12.34,10.21
hoodie,basic,7.0,standard,CN,1734,140,19,360,11.58,13.2,11.04
hoodie,basic,7.0,standard,US,1611,119,19,262,12.84,15.96,12.78
hoodie,premium,10.0,budget,CN,1659,178,7,358,24.08,29.01,23.58
hoodie,mid,8.5,premium,MX,89,12,23,356,21.77,25.41,22.27
hoodie,basic,7.0,premium,CN,273,34,9,210,14.29,16.03,13.62
hoodie,mid,8.5,budget,CN,1389,200,31,240,16.17,17.21,15.55
hoodie,mid,8.5,premium,US,771,146,16,59,24.46,29.07,23.39
hoodie,premium,10.0,premium,US,820,52,37,18,33.43,37.32,31.12
hoodie,mid,8.5,premium,CN,345,36,20,71,23.31,25.95,21.94
hoodie,basic,7.0,premium,US,1055,66,8,19,15.47,15.64,14.66
hoodie,basic,7.0,premium,CN,120,12,30,50,14.22,16.71,13.63
hoodie,mid,8.5,premium,CN,1455,157,22,132,20.71,24.86,21.13
hoodie,basic,7.0,standard,CN,1704,125,24,269,11.36,11.75,10.82
hoodie,mid,8.5,premium,CN,1637,200,14,177,19.76,23.51,18.83
hoodie,basic,7.0,standard,CN,1880,200,38,182,10.82,13.26,11.18
hoodie,mid,8.5,standard,CN,226,26,23,93,19.18,21.96,18.49
hoodie,basic,7.0,standard,CN,63,12,25,236,12.61,13.51,11.9
hoodie,basic,7.0,standard,CN,984,77,29,47,12.33,13.49,11.66
hoodie,basic,7.0,premium,CN,1570,200,41,342,12.96,15.57,12.8
hoodie,basic,7.0,standard,CN,653,160,40,22,11.39,13.29,11.87
hoodie,mid,8.5,standard,CN,1400,120,10,96,16.89,20.88,17.01
hoodie,basic,7.0,standard,CN,327,74,18,298,11.5,12.68,11.45
hoodie,basic,7.0,standard,MX,797,148,16,258,12.61,14.4,11.88
hoodie,premium,10.0,budget,CN,1148,200,32,257,23.66,28.33,24.18
hoodie,mid,8.5,premium,CN,1268,76,8,148,21.73,25.93,20.28
hoodie,mid,8.5,budget,US,142,26,30,134,19.34,23.58,18.99
hoodie,mid,8.5,standard,CN,1208,161,12,181,17.75,22.33,17.6
hoodie,mid,8.5,standard,CN,1421,200,27,224,18.74,20.5,17.6
hoodie,basic,7.0,budget,US,918,200,44,28,11.88,12.54,11.3
hoodie,mid,8.5,standard,CN,1786,200,15,247,17.35,21.37,17.84
hoodie,mid,8.5,budget,MX,178,38,30,347,18.45,19.78,18.35
hoodie,mid,8.5,standard,MX,142,29,17,329,19.8,21.37,18.7
hoodie,mid,8.5,budget,US,384,91,34,310,19.73,23.76,19.23
hoodie,basic,7.0,premium,US,1554,200,43,295,15.39,18.03,15.8
hoodie,mid,8.5,budget,CN,889,141,11,244,16.81,16.64,15.78
hoodie,basic,7.0,premium,MX,844,198,35,34,12.73,14.12,12.89
hoodie,basic,7.0,premium,CN,400,40,24,206,12.48,14.68,11.76
hoodie,basic,7.0,standard,US,1627,200,22,298,13.45,15.73,12.85
hoodie,basic,7.0,budget,US,1829,200,42,180,12.6,14.94,12.25
hoodie,basic,7.0,standard,CN,348,86,38,106,12.11,14.3,12.55
hoodie,basic,7.0,budget,US,1606,200,34,44,12.19,13.9,12.12
hoodie,basic,7.0,standard,CN,376,52,17,297,11.4,13.43,11.25
hoodie,mid,8.5,standard,CN,952,185,39,293,19.45,21.11,18.42
hoodie,mid,8.5,standard,US,870,190,8,100,20.48,27.02,21.26
hoodie,mid,8.5,standard,CN,364,31,11,204,19.27,22.5,17.96
hoodie,basic,7.0,budget,US,555,87,9,313,11.61,13.07,11.91
hoodie,basic,7.0,budget,MX,757,48,16,205,10.92,11.69,10.35
hoodie,premium,10.0,budget,US,1836,200,28,159,25.31,29.54,25.84
hoodie,mid,8.5,standard,US,1172,125,20,333,19.37,20.17,18.43
hoodie,basic,7.0,premium,US,832,194,44,232,15.19,18.11,14.84
hoodie,premium,10.0,budget,US,283,61,24,152,28.72,28.69,26.98
hoodie,mid,8.5,standard,US,829,93,45,328,22.8,24.22,21.2
hoodie,basic,7.0,standard,MX,1229,152,17,47,11.74,13.93,11.74
hoodie,premium,10.0,standard,CN,1184,107,35,189,25.71,30.44,26.41
hoodie,mid,8.5,budget,MX,787,75,32,79,17.01,17.84,16.03
hoodie,basic,7.0,standard,CN,1066,187,32,142,11.03,13.8,11.57
hoodie,basic,7.0,premium,US,493,27,43,317,15.41,17.27,14.73
hoodie,basic,7.0,premium,US,578,35,17,68,14.04,15.82,14.09
hoodie,basic,7.0,standard,US,310,21,13,167,12.81,14.13,12.09
hoodie,basic,7.0,premium,CN,969,172,23,252,12.96,14.25,13.19
hoodie,premium,10.0,standard,CN,508,97,23,335,27.09,34.53,27.31
hoodie,mid,8.5,standard,CN,1532,200,7,168,17.33,19.45,17.09
hoodie,mid,8.5,premium,CN,1828,177,17,315,19.96,22.09,19.52
hoodie,basic,7.0,standard,CN,142,12,36,291,13.05,13.81,12.26
hoodie,mid,8.5,standard,US,1530,200,19,291,20.83,24.0,19.82
hoodie,mid,8.5,standard,US,853,177,8,274,19.81,21.35,18.84
hoodie,premium,10.0,premium,CN,1330,200,30,55,29.14,34.28,29.11
hoodie,basic,7.0,premium,CN,42,12,41,107,14.11,17.22,14.07
hoodie,premium,10.0,standard,MX,1156,152,44,142,25.8,26.72,24.95
hoodie,premium,10.0,standard,CN,528,123,12,161,24.67,31.4,25.92
hoodie,basic,7.0,budget,CN,1445,200,15,223,9.89,12.47,10.05
hoodie,basic,7.0,premium,US,1996,200,34,113,13.29,16.9,13.91
hoodie,mid,8.5,budget,CN,1582,105,21,139,15.47,18.9,15.85
hoodie,basic,7.0,budget,CN,974,66,44,127,11.29,13.28,10.5
hoodie,basic,7.0,standard,US,101,12,24,218,14.04,15.48,13.51
hoodie,mid,8.5,standard,US,917,200,32,158,17.64,21.91,18.54
hoodie,basic,7.0,budget,CN,580,78,35,231,10.87,12.34,10.24
hoodie,basic,7.0,premium,CN,430,89,14,20,13.4,16.34,12.85
hoodie,basic,7.0,premium,MX,1490,104,29,155,12.6,16.08,12.76
hoodie,basic,7.0,budget,CN,987,179,31,281,11.6,12.7,11.07
hoodie,mid,8.5,standard,MX,1262,136,9,156,18.67,20.5,17.69
hoodie,premium,10.0,budget,CN,1152,159,12,267,23.28,23.7,22.37
hoodie,basic,7.0,standard,CN,936,104,24,53,10.88,12.45,11.2
hoodie,basic,7.0,standard,US,427,64,31,307,11.23,14.46,11.56
hoodie,mid,8.5,standard,CN,486,61,15,228,16.05,20.3,16.8
hoodie,basic,7.0,standard,US,1528,200,11,348,13.0,16.6,13.27
hoodie,mid,8.5,standard,CN,1544,200,18,60,17.0,19.38,17.24
hoodie,mid,8.5,budget,CN,1659,93,21,258,15.55,19.55,15.71
hoodie,mid,8.5,standard,US,626,59,39,281,21.16,22.98,21.64
hoodie,mid,8.5,budget,US,1566,200,29,226,18.12,19.88,17.45
hoodie,basic,7.0,standard,CN,1682,200,11,202,12.01,12.07,11.28
hoodie,basic,7.0,standard,CN,1272,200,10,90,11.99,11.91,11.32
hoodie,mid,8.5,standard,US,1453,200,42,211,21.8,22.94,20.24
hoodie,mid,8.5,standard,CN,716,164,21,140,18.3,19.69,18.64
hoodie,mid,8.5,standard,CN,457,24,32,255,18.85,19.06,17.69
hoodie,premium,10.0,budget,CN,400,53,37,308,25.42,27.93,24.2
hoodie,mid,8.5,standard,CN,471,70,28,360,18.09,19.49,17.11
hoodie,mid,8.5,standard,CN,443,49,17,277,18.73,21.13,18.5
hoodie,mid,8.5,standard,CN,1330,152,8,357,17.17,18.13,16.76
hoodie,basic,7.0,standard,CN,562,100,42,230,11.72,14.22,11.69
hoodie,basic,7.0,standard,CN,407,88,11,219,11.06,13.72,10.79
hoodie,premium,10.0,budget,US,417,99,44,311,27.51,36.63,28.64
hoodie,mid,8.5,premium,CN,1029,76,16,228,19.81,22.6,18.42
hoodie,mid,8.5,budget,CN,210,29,7,287,16.18,19.72,16.64
hoodie,basic,7.0,budget,CN,1449,200,22,58,9.4,10.78,9.58
hoodie,mid,8.5,standard,CN,1442,77,25,197,16.28,19.42,17.07
hoodie,basic,7.0,standard,CN,1703,200,19,15,11.68,12.68,10.82
hoodie,premium,10.0,budget,CN,1174,200,24,351,24.93,28.67,23.7
hoodie,mid,8.5,budget,CN,1509,200,33,255,16.13,17.16,15.07
hoodie,basic,7.0,standard,MX,1383,130,14,189,11.2,13.48,10.68
hoodie,basic,7.0,standard,US,542,122,44,350,13.92,15.33,13.13
hoodie,basic,7.0,budget,US,944,193,14,257,11.64,11.95,11.28
hoodie,premium,10.0,budget,CN,1075,189,9,279,23.95,28.12,22.54
hoodie,mid,8.5,standard,US,1107,92,33,295,20.64,24.44,20.87
hoodie,mid,8.5,budget,CN,1767,95,16,278,15.67,17.23,15.28
hoodie,mid,8.5,standard,CN,981,172,12,52,19.95,23.34,19.2
hoodie,premium,10.0,standard,CN,250,21,37,221,25.65,28.49,26.94
hoodie,basic,7.0,budget,CN,1304,96,10,339,10.12,13.05,10.38
hoodie,basic,7.0,budget,CN,692,145,31,336,11.52,12.56,11.15
hoodie,mid,8.5,premium,US,1017,200,12,105,23.96,24.22,22.37
hoodie,basic,7.0,premium,US,465,61,8,313,14.32,16.99,13.38
hoodie,mid,8.5,budget,CN,399,63,24,305,16.22,20.16,16.94
hoodie,mid,8.5,standard,CN,295,68,25,138,16.17,20.5,16.72
hoodie,mid,8.5,budget,CN,751,70,34,144,17.05,19.21,16.93
hoodie,premium,10.0,standard,CN,522,117,24,275,25.85,33.5,26.78
hoodie,mid,8.5,premium,CN,534,81,24,218,21.75,23.5,22.19
hoodie,basic,7.0,standard,US,1613,200,40,222,12.44,14.72,12.96
hoodie,basic,7.0,premium,CN,1891,200,18,83,12.94,13.88,12.71
hoodie,premium,10.0,standard,US,288,15,33,217,30.53,38.26,30.26
hoodie,mid,8.5,budget,CN,1852,200,44,321,17.37,21.43,16.89
hoodie,mid,8.5,budget,CN,1564,200,37,218,17.39,20.03,17.21
hoodie,mid,8.5,standard,US,1624,200,26,76,21.29,24.52,19.84
hoodie,premium,10.0,premium,CN,220,25,45,284,32.73,36.1,30.39
hoodie,basic,7.0,budget,US,45,12,11,162,11.9,13.44,11.77
hoodie,mid,8.5,standard,CN,1958,124,26,347,17.72,20.88,16.7
hoodie,mid,8.5,standard,CN,470,51,8,118,18.33,21.37,17.18
hoodie,mid,8.5,budget,CN,1280,200,27,357,15.23,19.31,15.69
hoodie,premium,10.0,budget,CN,1885,98,16,42,21.88,28.99,22.93
hoodie,premium,10.0,standard,MX,1955,200,23,300,28.59,35.96,28.53
hoodie,mid,8.5,premium,MX,1615,200,9,346,20.81,20.91,19.55
hoodie,mid,8.5,budget,US,1940,98,33,223,19.15,22.21,18.8
hoodie,premium,10.0,budget,US,1590,200,25,17,26.11,32.22,26.55
hoodie,basic,7.0,premium,US,1369,121,27,221,13.31,16.17,13.91
hoodie,basic,7.0,budget,US,1041,200,29,45,12.61,15.48,12.17
hoodie,basic,7.0,standard,CN,1298,200,44,319,12.09,13.75,11.77
hoodie,basic,7.0,standard,MX,413,45,18,164,11.44,13.79,11.59
hoodie,mid,8.5,standard,MX,77,12,41,226,22.34,23.86,21.26
hoodie,basic,7.0,premium,US,35,12,37,225,16.6,18.86,15.78
hoodie,premium,10.0,standard,CN,1772,200,29,59,23.8,29.14,24.26
hoodie,premium,10.0,standard,MX,185,19,31,112,30.76,34.03,30.08
hoodie,basic,7.0,standard,MX,1544,101,13,178,11.85,13.07,11.75
hoodie,mid,8.5,standard,US,774,77,14,217,18.41,20.26,19.25
hoodie,basic,7.0,premium,US,50,12,27,173,15.19,16.25,15.41
hoodie,mid,8.5,standard,US,1639,200,16,105,19.23,21.36,18.73
hoodie,basic,7.0,premium,MX,1522,88,39,204,13.35,14.94,13.08
hoodie,premium,10.0,standard,CN,1445,200,35,287,27.2,29.81,26.43
hoodie,premium,10.0,standard,MX,1442,198,45,119,29.31,31.7,28.08
hoodie,basic,7.0,budget,US,1934,170,36,167,13.42,15.41,12.58
hoodie,mid,8.5,standard,CN,1060,200,45,299,19.7,21.74,18.31
hoodie,basic,7.0,standard,CN,265,45,12,290,12.66,14.68,11.75
hoodie,basic,7.0,budget,US,1778,200,31,207,10.89,12.2,10.96
hoodie,basic,7.0,budget,CN,358,75,22,109,10.33,13.85,10.83
hoodie,mid,8.5,standard,CN,350,27,27,129,19.09,19.85,18.88
hoodie,mid,8.5,budget,MX,1481,156,37,43,15.79,19.53,16.31
hoodie,basic,7.0,standard,CN,155,16,11,330,11.44,12.95,10.95
hoodie,basic,7.0,standard,MX,1671,200,33,81,12.52,13.57,11.94
hoodie,basic,7.0,budget,CN,52,12,31,51,11.09,12.11,11.21
hoodie,mid,8.5,standard,CN,943,48,31,278,17.28,18.29,17.26
hoodie,basic,7.0,standard,MX,42,12,15,285,12.73,15.83,13.24
hoodie,basic,7.0,budget,CN,1141,191,7,124,8.59,10.95,8.97
hoodie,mid,8.5,budget,US,302,16,23,187,17.02,22.09,17.44
hoodie,mid,8.5,standard,CN,1450,200,21,71,17.58,21.96,18.4
hoodie,mid,8.5,budget,MX,1792,200,29,266,15.53,16.63,14.99
hoodie,basic,7.0,standard,CN,1974,152,27,160,11.37,12.97,11.52
hoodie,mid,8.5,budget,CN,58,12,14,294,16.54,18.79,16.62
hoodie,basic,7.0,premium,MX,1756,187,28,217,13.98,15.07,13.27
hoodie,basic,7.0,standard,US,132,14,33,208,14.88,15.82,13.83
hoodie,mid,8.5,premium,US,659,104,8,243,22.33,26.78,21.3
hoodie,basic,7.0,budget,CN,748,157,11,201,9.8,11.68,10.28
hoodie,basic,7.0,budget,CN,928,89,12,230,10.36,11.98,10.41
hoodie,basic,7.0,budget,CN,548,60,20,139,10.38,12.38,10.49
hoodie,basic,7.0,standard,US,566,111,30,123,14.48,15.55,13.43
hoodie,basic,7.0,standard,MX,277,45,12,343,11.64,13.21,11.27
hoodie,basic,7.0,standard,US,640,140,32,311,12.87,13.78,12.59
hoodie,basic,7.0,standard,CN,565,99,42,249,13.41,14.18,12.48
hoodie,mid,8.5,standard,CN,522,129,37,256,19.86,23.11,18.71
hoodie,basic,7.0,budget,US,77,13,34,264,12.23,15.54,12.55
hoodie,mid,8.5,standard,CN,1006,93,15,121,17.16,22.45,17.96
hoodie,premium,10.0,standard,CN,1587,131,32,249,26.67,30.15,25.12
hoodie,basic,7.0,standard,CN,1905,185,17,128,10.99,12.71,11.5
hoodie,basic,7.0,standard,CN,539,101,7,47,10.49,13.18,10.76
hoodie,basic,7.0,budget,CN,308,28,26,267,10.69,10.55,10.03
hoodie,mid,8.5,standard,CN,682,151,28,151,16.85,19.86,17.43
hoodie,premium,10.0,standard,US,918,150,45,332,27.98,35.63,29.33
hoodie,basic,7.0,budget,CN,528,48,16,108,10.19,12.09,10.13
hoodie,mid,8.5,premium,US,1034,144,36,125,25.04,31.33,24.65
hoodie,premium,10.0,standard,US,636,124,8,240,31.08,32.28,30.39
hoodie,basic,7.0,budget,US,1283,144,39,169,11.02,13.37,11.54
hoodie,mid,8.5,standard,CN,295,67,24,23,20.56,22.41,19.34
hoodie,mid,8.5,standard,CN,901,126,15,204,20.36,20.26,19.24
hoodie,basic,7.0,standard,CN,415,87,29,338,12.22,13.23,11.58
hoodie,premium,10.0,budget,CN,868,169,25,307,23.5,24.6,22.9
hoodie,premium,10.0,premium,CN,1456,200,38,308,31.59,37.71,30.32
hoodie,mid,8.5,budget,US,1251,200,39,232,19.34,19.3,18.32
hoodie,basic,7.0,standard,US,1380,126,33,237,11.44,14.46,11.84
hoodie,premium,10.0,budget,CN,805,56,13,94,21.64,25.47,21.23
hoodie,mid,8.5,premium,US,699,121,42,187,21.09,26.82,22.15
hoodie,basic,7.0,standard,MX,1543,200,17,84,12.6,13.55,12.1
hoodie,mid,8.5,budget,CN,1846,200,17,188,14.27,16.47,14.13
hoodie,mid,8.5,premium,US,1610,200,16,79,21.45,23.85,21.18
hoodie,mid,8.5,premium,CN,163,20,10,210,21.76,22.12,20.18
hoodie,mid,8.5,standard,CN,782,101,36,308,19.95,24.38,19.93
hoodie,basic,7.0,standard,US,933,163,43,212,13.41,14.28,12.92
hoodie,basic,7.0,standard,CN,1905,200,19,216,11.91,12.58,11.62
hoodie,basic,7.0,standard,MX,40,12,27,196,13.39,15.47,12.81
hoodie,basic,7.0,budget,US,1047,191,40,218,11.95,12.64,11.78
hoodie,premium,10.0,budget,CN,907,95,7,40,22.21,25.77,22.03
hoodie,mid,8.5,premium,US,1777,136,10,196,20.82,23.55,21.6
hoodie,basic,7.0,standard,CN,165,33,44,327,12.06,13.21,12.2
hoodie,mid,8.5,budget,US,1108,145,41,232,19.79,23.4,18.73
hoodie,mid,8.5,standard,MX,1987,196,19,37,16.61,21.26,16.8
hoodie,basic,7.0,budget,CN,1341,177,18,37,10.27,11.71,9.98
hoodie,basic,7.0,standard,US,1812,191,11,122,13.03,15.05,12.71
hoodie,basic,7.0,budget,MX,1268,184,38,308,11.79,12.87,10.93
hoodie,basic,7.0,standard,US,1273,132,7,166,12.34,14.16,12.91
hoodie,mid,8.5,standard,CN,1440,200,39,21,16.51,18.68,16.86
hoodie,basic,7.0,standard,US,1721,200,42,37,13.99,13.63,12.98
hoodie,mid,8.5,budget,MX,326,58,9,133,17.55,17.64,16.3
hoodie,mid,8.5,standard,US,1808,96,19,173,20.27,24.41,20.69
hoodie,basic,7.0,standard,CN,610,95,36,199,11.65,13.75,11.77
hoodie,basic,7.0,budget,US,1886,200,17,117,11.51,13.76,11.31
hoodie,mid,8.5,standard,CN,1338,200,32,277,17.11,21.13,17.63
hoodie,basic,7.0,premium,CN,904,50,30,294,13.83,14.94,13.41
hoodie,mid,8.5,premium,CN,624,147,20,64,18.83,20.56,18.83
hoodie,mid,8.5,standard,US,1340,200,12,204,21.45,25.65,20.32
hoodie,mid,8.5,budget,MX,1132,169,25,89,17.59,19.69,17.19
hoodie,mid,8.5,premium,US,1936,200,16,134,21.64,22.8,20.72
hoodie,mid,8.5,standard,MX,1054,200,8,91,18.81,19.43,18.36
hoodie,mid,8.5,standard,CN,902,102,24,291,19.01,22.7,18.85
hoodie,mid,8.5,premium,CN,939,156,23,50,18.84,22.55,19.01
hoodie,basic,7.0,premium,CN,1796,200,9,245,12.64,13.33,12.51
hoodie,mid,8.5,standard,CN,1258,77,44,168,19.85,20.94,19.24
hoodie,mid,8.5,budget,US,564,90,35,224,17.68,20.14,18.55
hoodie,basic,7.0,standard,CN,187,14,44,218,13.04,14.73,12.39
hoodie,mid,8.5,standard,US,205,32,41,65,23.64,28.44,23.09
hoodie,mid,8.5,standard,CN,1367,200,13,275,18.52,18.41,17.51
hoodie,basic,7.0,standard,US,1765,200,9,74,12.77,13.69,12.44
hoodie,mid,8.5,standard,US,319,40,45,132,23.57,25.32,22.01
hoodie,basic,7.0,premium,CN,1911,113,27,36,12.09,14.22,12.18
hoodie,basic,7.0,standard,CN,1519,200,19,187,10.47,12.68,10.39
hoodie,mid,8.5,premium,US,1372,200,20,65,22.86,24.37,22.99
hoodie,mid,8.5,standard,CN,1409,200,29,79,17.37,20.42,16.74
hoodie,mid,8.5,standard,MX,598,61,26,202,18.97,19.98,18.6
hoodie,basic,7.0,budget,MX,1843,200,10,347,10.3,12.61,10.52
hoodie,basic,7.0,budget,US,845,132,35,72,12.5,14.77,11.93
hoodie,mid,8.5,standard,CN,1548,89,35,244,15.86,19.61,16.38
hoodie,basic,7.0,standard,US,571,69,39,163,13.98,15.34,12.98
hoodie,basic,7.0,premium,MX,499,106,34,232,13.31,14.7,13.6
hoodie,basic,7.0,budget,CN,1046,158,20,74,10.71,11.32,9.98
hoodie,mid,8.5,budget,CN,1888,200,16,353,16.5,19.69,16.13
hoodie,mid,8.5,budget,MX,1724,116,42,202,17.81,20.59,17.19
hoodie,premium,10.0,budget,US,383,42,31,204,26.74,31.05,26.22
hoodie,mid,8.5,budget,CN,980,200,26,163,17.89,20.48,16.88
hoodie,basic,7.0,standard,CN,732,145,43,196,11.12,13.39,10.97
hoodie,premium,10.0,standard,US,894,56,7,186,26.13,29.28,26.91
hoodie,mid,8.5,budget,US,1181,189,25,64,18.97,20.84,18.3
hoodie,premium,10.0,standard,CN,547,116,20,263,23.76,29.34,24.06
hoodie,basic,7.0,premium,CN,1785,134,32,161,14.64,14.73,13.94
hoodie,basic,7.0,premium,CN,1324,158,8,308,12.67,14.98,12.35
hoodie,basic,7.0,standard,US,411,54,35,249,13.29,16.8,13.24
hoodie,basic,7.0,premium,US,1554,200,22,156,13.47,13.27,12.55
hoodie,mid,8.5,premium,CN,298,55,21,151,21.59,24.36,20.02
hoodie,premium,10.0,standard,CN,1849,200,29,330,24.55,31.86,25.51
hoodie,mid,8.5,standard,US,1326,147,32,75,20.4,25.92,20.78
hoodie,basic,7.0,standard,US,834,193,34,171,13.84,16.23,13.12
hoodie,basic,7.0,standard,US,1027,200,31,125,12.79,14.65,12.23
hoodie,premium,10.0,standard,US,754,125,17,341,29.55,32.32,28.44
hoodie,premium,10.0,premium,MX,636,109,8,124,33.3,34.26,32.61
hoodie,basic,7.0,premium,CN,728,45,20,152,13.34,13.82,12.46
hoodie,mid,8.5,standard,CN,394,61,41,131,19.35,19.18,18.01
hoodie,premium,10.0,budget,CN,1522,200,12,205,23.92,30.04,24.21
hoodie,basic,7.0,budget,CN,558,105,44,248,9.51,10.52,9.73
hoodie,mid,8.5,budget,CN,1219,139,22,239,16.24,17.29,16.13
hoodie,basic,7.0,standard,US,1672,200,10,44,12.16,13.9,12.39
hoodie,mid,8.5,standard,CN,1946,122,21,235,16.76,19.96,16.7
hoodie,premium,10.0,budget,US,1660,200,42,247,26.37,29.72,25.9
hoodie,basic,7.0,standard,CN,1743,105,42,347,10.71,12.7,11.06
hoodie,mid,8.5,budget,MX,1918,200,11,204,15.88,17.65,16.69
hoodie,basic,7.0,budget,CN,1988,200,28,345,10.59,12.9,10.66
hoodie,mid,8.5,premium,US,307,25,13,63,23.81,25.25,23.52
hoodie,basic,7.0,standard,MX,1230,200,8,62,11.96,14.98,11.93
hoodie,basic,7.0,standard,US,313,23,15,156,14.5,14.54,13.46
hoodie,mid,8.5,budget,MX,798,62,8,62,17.21,20.14,16.45
hoodie,premium,10.0,budget,US,450,45,26,121,26.88,30.18,27.64
hoodie,basic,7.0,premium,US,1656,153,22,320,15.34,16.6,14.5
hoodie,basic,7.0,budget,CN,648,56,32,166,10.75,11.13,10.21
hoodie,mid,8.5,standard,MX,420,43,10,312,19.01,23.67,19.36
hoodie,mid,8.5,standard,CN,1878,200,22,155,16.1,19.17,16.55
hoodie,basic,7.0,standard,MX,1610,110,18,210,11.43,14.1,11.4
hoodie,mid,8.5,budget,CN,1024,200,31,94,15.42,20.3,16.1
hoodie,basic,7.0,budget,US,993,200,30,126,13.08,14.94,12.34
hoodie,basic,7.0,premium,CN,1617,200,24,215,12.09,14.64,12.37
hoodie,mid,8.5,premium,MX,285,57,43,296,23.31,24.16,22.26
hoodie,basic,7.0,premium,US,1571,200,38,317,14.58,17.36,15.03
hoodie,mid,8.5,premium,US,1972,176,42,128,22.88,28.12,23.4
hoodie,basic,7.0,standard,CN,1559,200,43,27,11.63,14.16,12.0
hoodie,mid,8.5,budget,US,1271,200,41,350,18.44,23.91,19.16
hoodie,mid,8.5,standard,US,232,29,39,349,19.99,25.92,20.98
hoodie,mid,8.5,standard,US,990,186,7,62,20.56,24.71,19.97
hoodie,premium,10.0,premium,CN,64,12,15,211,32.04,37.92,29.74
hoodie,basic,7.0,budget,US,1598,175,35,217,11.9,14.3,11.51
hoodie,mid,8.5,premium,CN,1321,109,25,190,20.75,23.34,20.19
hoodie,mid,8.5,standard,US,1676,200,26,19,22.72,23.87,21.5
hoodie,mid,8.5,budget,CN,1392,100,33,210,15.81,20.14,15.76
hoodie,basic,7.0,standard,CN,1152,109,28,126,10.72,14.26,11.23
hoodie,basic,7.0,standard,CN,1608,200,14,219,11.58,11.72,11.08
hoodie,mid,8.5,budget,CN,499,52,24,124,17.71,21.22,17.09
hoodie,mid,8.5,budget,US,1429,149,13,158,16.46,20.36,16.72
hoodie,premium,10.0,premium,MX,1035,176,9,51,30.85,30.93,28.88
hoodie,basic,7.0,premium,CN,1209,200,44,353,12.75,16.17,12.87
hoodie,basic,7.0,premium,MX,333,51,33,227,13.49,15.82,13.46
hoodie,basic,7.0,premium,US,1819,200,9,140,14.48,17.28,14.83
hoodie,mid,8.5,standard,US,1158,118,16,44,20.6,24.23,21.11
hoodie,mid,8.5,standard,US,1399,96,44,65,20.08,23.49,20.24
hoodie,premium,10.0,premium,CN,1644,200,20,83,27.34,34.27,28.4
hoodie,premium,10.0,premium,MX,302,33,36,356,33.56,39.42,32.83
hoodie,basic,7.0,budget,US,1746,200,26,176,12.56,15.01,12.4
hoodie,mid,8.5,standard,CN,918,133,39,202,18.35,19.71,17.84
hoodie,mid,8.5,budget,MX,1905,200,26,328,17.76,19.5,17.15
hoodie,mid,8.5,premium,US,371,37,16,74,22.79,29.31,23.23
hoodie,basic,7.0,budget,US,1247,200,18,212,11.59,14.04,11.35
hoodie,basic,7.0,premium,MX,384,77,38,173,14.23,17.53,14.42
hoodie,basic,7.0,standard,CN,1220,193,24,280,12.03,12.93,11.26
hoodie,mid,8.5,standard,CN,1969,200,10,29,17.18,18.9,16.44
hoodie,basic,7.0,standard,US,848,77,30,272,12.23,16.13,12.62
hoodie,basic,7.0,standard,CN,958,77,32,82,10.93,13.9,11.11
hoodie,mid,8.5,standard,CN,194,21,24,70,17.96,23.39,18.89
hoodie,mid,8.5,premium,CN,887,197,23,34,17.85,19.48,18.53
hoodie,premium,10.0,premium,CN,868,114,45,44,31.77,36.38,29.46
hoodie,basic,7.0,budget,US,313,16,33,100,12.69,14.35,11.94
hoodie,basic,7.0,budget,US,328,28,42,93,12.07,13.71,11.84
hoodie,premium,10.0,standard,US,758,189,44,318,32.13,36.22,30.76
hoodie,mid,8.5,premium,MX,492,61,13,73,20.72,22.0,20.82
hoodie,premium,10.0,standard,US,422,47,35,88,31.36,30.83,29.31
hoodie,premium,10.0,budget,CN,1334,200,30,264,21.27,27.26,22.26
hoodie,mid,8.5,budget,MX,1922,200,11,26,17.7,21.11,16.66
hoodie,basic,7.0,budget,CN,706,158,15,275,9.96,12.43,10.35
hoodie,basic,7.0,standard,US,1663,200,15,295,13.45,15.67,13.16
hoodie,basic,7.0,budget,CN,730,109,42,342,10.17,13.65,10.67
hoodie,mid,8.5,standard,CN,261,47,13,127,17.04,21.38,16.91
hoodie,premium,10.0,premium,CN,849,143,7,177,27.41,34.07,26.82
hoodie,premium,10.0,standard,CN,1238,200,8,292,24.83,29.96,26.13
hoodie,premium,10.0,standard,CN,125,23,29,92,30.76,33.52,29.18
hoodie,basic,7.0,standard,US,820,95,36,137,13.99,14.03,13.12
hoodie,basic,7.0,standard,CN,215,50,33,353,11.18,14.21,11.31
hoodie,basic,7.0,standard,CN,1325,71,24,113,11.09,13.36,10.73
hoodie,basic,7.0,standard,CN,1609,200,18,179,12.12,13.46,11.48
hoodie,mid,8.5,budget,US,313,72,18,122,18.01,22.75,18.75
hoodie,basic,7.0,standard,US,725,72,32,321,13.35,14.69,13.09
hoodie,basic,7.0,premium,CN,1925,107,18,269,11.84,14.07,12.19
hoodie,basic,7.0,standard,CN,478,86,28,359,11.66,14.79,11.7
hoodie,mid,8.5,standard,CN,1126,200,15,282,18.7,21.02,17.68
hoodie,basic,7.0,premium,US,1438,200,12,240,14.38,18.0,14.19
hoodie,mid,8.5,premium,CN,79,12,33,251,21.26,23.58,21.33
hoodie,basic,7.0,standard,US,1262,116,7,216,11.14,13.05,11.53
hoodie,basic,7.0,budget,US,1743,167,17,270,10.3,11.3,10.34
hoodie,basic,7.0,budget,CN,1223,73,43,136,9.89,12.07,10.12
hoodie,mid,8.5,standard,US,1261,78,10,344,19.71,22.27,19.59
hoodie,basic,7.0,standard,US,1490,200,24,266,12.63,13.66,12.07
hoodie,mid,8.5,budget,US,945,156,16,130,19.29,20.12,18.29
hoodie,mid,8.5,budget,MX,813,146,36,252,16.66,17.44,16.34
hoodie,basic,7.0,budget,US,1528,164,22,241,12.27,12.94,11.44
hoodie,mid,8.5,standard,CN,238,55,35,269,17.54,20.05,17.46
hoodie,basic,7.0,budget,US,989,177,33,48,11.31,14.25,11.77
hoodie,basic,7.0,standard,US,858,156,10,93,11.95,13.41,12.46
hoodie,mid,8.5,standard,CN,1924,200,31,336,17.0,18.78,17.31
hoodie,mid,8.5,budget,CN,753,125,11,84,16.05,18.89,15.54
hoodie,mid,8.5,standard,US,476,110,12,56,19.75,21.9,20.73
hoodie,mid,8.5,standard,CN,714,146,22,305,18.77,22.2,18.34
hoodie,premium,10.0,standard,US,174,15,23,237,29.7,35.39,29.72
hoodie,basic,7.0,standard,CN,2000,200,23,66,10.91,13.18,10.68
hoodie,mid,8.5,standard,MX,171,38,28,121,20.5,23.47,19.5
hoodie,basic,7.0,standard,US,748,61,34,215,13.36,16.59,13.28
hoodie,premium,10.0,premium,US,780,48,16,263,31.64,39.95,32.33
hoodie,basic,7.0,premium,CN,773,142,27,211,15.04,15.49,13.96
hoodie,basic,7.0,budget,US,897,73,24,309,11.35,13.69,11.47
hoodie,basic,7.0,premium,US,1209,91,43,228,15.16,16.76,14.87
hoodie,basic,7.0,premium,MX,136,30,15,243,14.53,16.52,13.54
hoodie,mid,8.5,standard,MX,1221,200,23,364,19.11,19.18,17.98
hoodie,mid,8.5,standard,US,1804,200,30,16,20.58,23.87,20.29
hoodie,premium,10.0,premium,MX,1457,200,7,160,30.66,34.64,28.48
hoodie,mid,8.5,premium,CN,790,57,40,163,20.06,24.37,20.47
hoodie,basic,7.0,budget,US,1162,200,16,138,11.9,14.42,11.51
hoodie,mid,8.5,premium,CN,1455,200,27,46,20.01,20.16,19.15
hoodie,basic,7.0,standard,US,1399,109,40,232,12.86,17.03,13.33
hoodie,premium,10.0,premium,CN,80,17,10,360,29.07,32.2,29.06
hoodie,premium,10.0,standard,CN,444,110,20,230,27.12,29.73,26.13
hoodie,premium,10.0,standard,CN,1947,200,41,323,26.69,29.18,25.65
hoodie,premium,10.0,standard,MX,543,93,25,236,26.49,27.2,25.77
hoodie,premium,10.0,premium,MX,598,97,10,72,32.62,33.31,31.09
hoodie,mid,8.5,budget,US,127,27,7,53,19.39,22.25,19.52
hoodie,mid,8.5,standard,MX,1111,200,10,290,18.71,22.04,18.41
hoodie,mid,8.5,budget,US,547,97,10,158,18.72,21.55,19.07
hoodie,basic,7.0,standard,CN,180,33,28,111,11.92,13.37,11.53
hoodie,mid,8.5,standard,MX,127,12,7,66,18.81,20.77,18.49
hoodie,basic,7.0,budget,US,1746,200,42,148,11.93,14.22,12.3
hoodie,premium,10.0,budget,CN,1862,200,42,344,23.35,24.75,23.05
hoodie,basic,7.0,standard,US,1925,200,40,230,13.11,14.26,12.39
hoodie,mid,8.5,standard,US,438,80,17,225,21.35,24.41,20.08
hoodie,premium,10.0,standard,CN,1123,102,19,144,24.42,27.97,24.3
hoodie,basic,7.0,standard,CN,771,185,22,310,11.75,13.06,11.19
hoodie,basic,7.0,standard,US,1375,107,36,260,14.0,15.25,13.72
hoodie,basic,7.0,standard,US,1263,200,7,117,13.49,14.47,12.82
hoodie,basic,7.0,premium,CN,391,57,31,234,13.01,15.71,13.13
hoodie,mid,8.5,standard,MX,362,41,40,203,18.81,23.81,18.71
hoodie,basic,7.0,standard,MX,1700,149,7,288,12.18,12.27,11.67
hoodie,mid,8.5,premium,CN,1162,200,17,261,19.7,24.59,19.49
hoodie,premium,10.0,budget,US,1824,200,25,85,26.2,29.4,25.8
hoodie,basic,7.0,standard,US,42,12,12,88,13.74,15.78,12.99
hoodie,basic,7.0,budget,MX,1407,152,20,361,10.74,12.25,10.13
hoodie,basic,7.0,standard,CN,1576,200,34,75,12.14,13.72,11.84
hoodie,basic,7.0,standard,CN,914,109,32,220,11.63,13.64,11.3
hoodie,mid,8.5,budget,CN,613,126,8,22,15.94,17.37,15.98
hoodie,mid,8.5,budget,CN,308,76,31,363,16.32,20.23,16.72
hoodie,basic,7.0,budget,CN,180,36,22,333,11.06,12.41,10.95
hoodie,basic,7.0,standard,CN,887,53,14,185,11.82,12.46,11.07
hoodie,mid,8.5,budget,US,166,21,16,228,18.77,19.98,18.48
hoodie,basic,7.0,standard,CN,452,83,36,186,12.01,13.82,12.3
hoodie,mid,8.5,standard,US,758,112,12,321,18.52,21.45,18.77
hoodie,mid,8.5,premium,MX,812,79,39,225,21.82,25.5,20.62
hoodie,basic,7.0,budget,CN,1955,200,38,85,10.41,11.77,10.38
hoodie,mid,8.5,budget,MX,829,130,23,317,16.92,18.39,17.5
hoodie,mid,8.5,standard,CN,1529,200,16,24,18.02,18.6,17.39
hoodie,mid,8.5,standard,CN,60,12,44,26,18.29,23.63,18.88
hoodie,basic,7.0,standard,US,1519,93,19,134,13.07,15.62,13.01
hoodie,basic,7.0,standard,US,1586,200,19,20,13.82,15.76,13.46
hoodie,mid,8.5,budget,CN,1157,160,14,15,15.97,19.99,16.13
hoodie,premium,10.0,budget,CN,1343,200,21,185,24.36,27.18,22.88
hoodie,basic,7.0,standard,CN,1298,200,10,148,11.84,13.14,11.47
hoodie,basic,7.0,standard,CN,831,69,8,276,12.74,14.11,12.28
hoodie,basic,7.0,premium,MX,1796,200,26,248,14.89,16.96,13.82
hoodie,mid,8.5,premium,US,1891,200,11,59,20.97,26.37,21.45
hoodie,basic,7.0,premium,CN,911,136,19,323,13.33,16.74,13.13
hoodie,basic,7.0,standard,CN,280,55,15,355,12.2,13.21,11.67
hoodie,basic,7.0,standard,CN,855,181,34,259,12.61,15.25,13.1
hoodie,basic,7.0,premium,MX,1372,200,20,223,12.93,14.13,12.48
hoodie,basic,7.0,standard,MX,1825,200,17,249,11.46,12.81,11.79
hoodie,basic,7.0,standard,CN,1079,200,39,19,11.28,14.28,11.26
hoodie,premium,10.0,standard,MX,408,65,45,360,27.43,32.0,26.89
hoodie,mid,8.5,standard,US,520,110,43,288,20.65,22.13,20.4
hoodie,basic,7.0,standard,CN,1040,131,8,295,12.46,13.23,11.66
hoodie,mid,8.5,budget,CN,85,19,25,77,18.08,20.98,18.07
hoodie,mid,8.5,standard,MX,1977,200,44,194,19.68,21.18,19.77
hoodie,mid,8.5,budget,CN,258,56,26,283,18.23,18.23,17.35
hoodie,mid,8.5,budget,MX,1242,200,18,281,17.22,21.11,16.83
hoodie,basic,7.0,standard,CN,126,22,8,86,12.57,13.32,11.81
hoodie,basic,7.0,standard,US,826,179,9,266,13.09,16.27,12.78
hoodie,basic,7.0,standard,US,730,58,18,96,13.91,15.74,13.16
hoodie,basic,7.0,budget,US,110,12,38,341,13.85,15.98,12.92
hoodie,mid,8.5,premium,CN,1358,200,15,146,19.12,23.3,18.91
hoodie,mid,8.5,premium,CN,1453,200,38,61,20.63,22.02,19.66
hoodie,premium,10.0,premium,US,777,178,38,144,33.17,35.71,31.51
hoodie,basic,7.0,premium,CN,473,47,11,157,13.51,15.8,13.43
hoodie,mid,8.5,premium,CN,749,176,39,115,22.07,24.73,20.97
hoodie,premium,10.0,standard,CN,1923,200,42,233,26.57,31.08,25.04
hoodie,basic,7.0,premium,US,1724,189,27,137,15.16,17.55,14.99
hoodie,basic,7.0,standard,CN,1272,137,17,347,11.1,12.41,10.53
hoodie,mid,8.5,standard,CN,640,63,34,319,17.37,22.17,18.22
hoodie,basic,7.0,standard,US,764,190,9,319,12.48,14.65,12.67
hoodie,mid,8.5,budget,CN,962,86,18,322,15.12,18.91,15.0
hoodie,mid,8.5,budget,CN,1233,139,29,355,16.19,17.23,15.58
hoodie,premium,10.0,budget,CN,307,35,29,70,24.03,26.04,23.27
hoodie,basic,7.0,standard,US,1989,200,26,121,12.82,13.03,12.04
hoodie,mid,8.5,budget,CN,1425,200,21,128,14.84,15.96,14.94
hoodie,mid,8.5,premium,US,253,19,29,308,24.0,24.21,22.24
hoodie,basic,7.0,premium,CN,1698,174,42,236,12.96,13.44,12.5
hoodie,basic,7.0,standard,CN,482,75,42,360,11.74,15.08,11.88
hoodie,basic,7.0,standard,US,108,22,12,313,14.76,15.49,13.83
hoodie,mid,8.5,standard,MX,1426,134,36,30,19.16,22.11,19.08
hoodie,mid,8.5,budget,CN,958,86,35,142,15.88,18.55,16.52
hoodie,mid,8.5,premium,US,1497,200,17,231,21.52,27.33,22.34
hoodie,basic,7.0,budget,US,267,40,35,214,11.16,12.25,11.1
hoodie,mid,8.5,standard,CN,66,13,22,330,19.1,20.46,17.79
hoodie,mid,8.5,budget,CN,712,40,28,329,14.25,17.78,14.75
hoodie,mid,8.5,standard,US,1410,200,18,124,19.15,24.01,19.55
hoodie,premium,10.0,standard,CN,103,12,29,60,26.9,33.35,26.95
hoodie,basic,7.0,standard,CN,1784,200,42,103,11.02,12.43,11.23
hoodie,basic,7.0,standard,CN,784,108,36,108,12.01,12.84,12.16
hoodie,basic,7.0,budget,US,1858,124,19,345,11.76,13.92,11.68
hoodie,basic,7.0,standard,MX,1840,106,17,354,11.71,12.73,11.33
hoodie,basic,7.0,standard,US,259,62,36,323,14.35,17.08,13.44
hoodie,mid,8.5,premium,CN,462,102,39,71,22.21,25.85,21.22
hoodie,mid,8.5,premium,US,343,27,44,295,25.26,26.33,24.67
hoodie,basic,7.0,budget,CN,968,132,37,72,10.36,11.59,9.97
hoodie,basic,7.0,budget,MX,1766,200,12,205,10.31,11.99,10.77
hoodie,basic,7.0,premium,US,388,19,31,280,14.93,17.11,14.01
hoodie,basic,7.0,standard,CN,138,12,27,271,12.4,12.54,11.82
hoodie,mid,8.5,budget,CN,42,12,20,153,16.39,17.67,16.58
hoodie,mid,8.5,budget,US,1640,200,39,63,18.42,21.46,17.29
hoodie,mid,8.5,standard,US,171,12,27,65,21.45,22.83,21.01
hoodie,basic,7.0,budget,US,1371,200,30,134,12.35,14.35,11.76
hoodie,mid,8.5,budget,CN,1565,200,40,76,16.72,17.43,15.78
hoodie,mid,8.5,standard,CN,201,36,37,139,18.69,21.04,18.18
hoodie,mid,8.5,standard,US,1352,199,37,108,20.47,25.3,20.82
hoodie,mid,8.5,premium,US,1895,98,14,236,22.74,27.8,22.23
hoodie,basic,7.0,standard,US,1116,200,27,67,11.8,13.22,12.29
hoodie,mid,8.5,standard,US,1299,133,26,199,20.38,24.31,20.44
hoodie,basic,7.0,standard,US,718,91,14,321,12.75,15.43,12.66
hoodie,mid,8.5,standard,CN,1408,200,33,86,17.57,20.27,17.91
hoodie,basic,7.0,standard,US,1591,200,35,292,13.08,14.36,13.39
hoodie,mid,8.5,premium,CN,1003,200,9,98,19.27,23.65,19.7
hoodie,mid,8.5,premium,US,1391,175,11,168,21.88,23.66,21.57
hoodie,basic,7.0,budget,CN,1417,102,36,227,10.88,11.41,10.47
hoodie,mid,8.5,standard,CN,630,95,14,321,18.12,19.49,17.01
hoodie,mid,8.5,premium,CN,820,92,41,303,20.46,23.37,20.13
hoodie,basic,7.0,standard,US,1169,200,21,15,12.59,14.66,12.24
hoodie,basic,7.0,budget,MX,1751,115,29,309,10.9,11.28,10.41
hoodie,premium,10.0,premium,MX,1241,90,17,261,28.24,30.35,28.63
hoodie,basic,7.0,standard,US,1943,200,44,62,13.56,14.51,13.44
hoodie,basic,7.0,standard,US,1087,96,12,288,13.34,14.92,12.43
hoodie,mid,8.5,standard,US,1411,197,40,349,19.59,24.0,19.11
hoodie,mid,8.5,standard,US,1254,76,17,83,21.73,25.23,20.48
hoodie,premium,10.0,standard,US,1535,105,41,353,32.58,38.66,30.38
hoodie,basic,7.0,standard,MX,1319,200,27,222,12.85,13.23,12.15
hoodie,mid,8.5,premium,US,1730,200,18,226,23.44,27.14,22.81
hoodie,basic,7.0,premium,CN,1063,68,43,122,12.94,14.95,12.62
hoodie,basic,7.0,premium,CN,366,69,14,120,11.56,12.97,12.15
hoodie,premium,10.0,standard,CN,1653,200,17,72,25.99,27.88,25.87
hoodie,mid,8.5,budget,CN,1282,200,28,151,15.75,15.94,15.03
hoodie,mid,8.5,premium,CN,521,75,17,321,19.61,21.75,19.74
hoodie,mid,8.5,premium,CN,1705,200,45,314,22.22,22.79,21.0
hoodie,premium,10.0,premium,MX,471,80,16,88,29.72,38.12,30.84
hoodie,basic,7.0,standard,CN,1540,133,42,48,11.07,13.14,10.45
hoodie,mid,8.5,premium,CN,1801,200,18,68,20.8,21.96,20.74
hoodie,mid,8.5,standard,US,1195,200,29,146,19.76,24.82,20.22
hoodie,basic,7.0,budget,US,667,85,10,322,12.53,14.26,12.19
hoodie,mid,8.5,standard,CN,1298,76,44,233,17.03,21.56,17.21
hoodie,mid,8.5,standard,MX,1314,138,9,301,17.73,19.69,17.03
hoodie,mid,8.5,premium,CN,698,125,12,228,17.99,23.5,18.77
hoodie,basic,7.0,standard,CN,418,99,35,28,11.72,13.38,11.97
hoodie,basic,7.0,premium,US,650,49,17,344,15.88,16.65,14.97
hoodie,mid,8.5,standard,CN,1646,200,21,45,17.55,20.08,17.9
hoodie,premium,10.0,budget,US,1139,79,26,162,25.85,33.3,26.15
hoodie,premium,10.0,budget,CN,1395,200,8,94,22.72,27.56,22.77
hoodie,basic,7.0,standard,CN,1461,200,12,74,12.12,14.32,11.92
hoodie,premium,10.0,standard,US,586,30,43,159,30.16,35.85,29.57
hoodie,premium,10.0,standard,CN,680,76,15,167,27.84,31.16,25.81
hoodie,mid,8.5,standard,MX,1713,147,11,355,17.67,20.61,18.11
hoodie,mid,8.5,budget,CN,1208,200,18,32,15.24,18.18,15.67
hoodie,mid,8.5,standard,US,1384,200,34,321,20.28,23.55,20.69
hoodie,mid,8.5,budget,CN,158,27,41,112,16.58,20.77,17.41
hoodie,basic,7.0,standard,US,284,30,16,164,13.43,14.27,12.83
hoodie,basic,7.0,premium,MX,1406,200,45,131,13.32,15.69,13.54
hoodie,basic,7.0,premium,CN,1103,139,23,33,12.53,14.15,12.69
hoodie,mid,8.5,budget,US,1957,200,15,297,16.34,19.07,17.15
hoodie,basic,7.0,premium,CN,1207,200,17,300,14.4,15.89,13.35
hoodie,premium,10.0,premium,CN,1752,200,7,141,28.8,32.46,27.3
hoodie,premium,10.0,budget,CN,454,52,13,254,25.67,28.5,24.35
hoodie,basic,7.0,standard,CN,1659,200,24,83,12.14,12.43,11.31
hoodie,basic,7.0,budget,CN,1519,200,32,355,10.86,12.6,10.58
hoodie,basic,7.0,budget,CN,1460,104,8,235,9.45,10.91,9.83
hoodie,basic,7.0,budget,US,78,18,20,282,13.84,13.85,12.9
hoodie,basic,7.0,premium,CN,882,120,27,14,11.98,15.19,12.48
hoodie,basic,7.0,budget,CN,221,28,25,147,10.31,11.47,10.45
hoodie,premium,10.0,standard,US,1335,200,43,278,30.99,37.2,29.1
hoodie,basic,7.0,standard,MX,59,12,33,223,11.65,12.9,11.5
hoodie,basic,7.0,standard,CN,1870,192,18,301,10.7,12.82,10.58
hoodie,mid,8.5,premium,CN,1666,200,26,31,19.36,20.6,18.64
hoodie,basic,7.0,standard,MX,1029,139,18,206,12.72,16.44,12.86
hoodie,basic,7.0,standard,US,1573,157,25,307,13.57,15.38,12.77
hoodie,basic,7.0,standard,CN,477,25,12,25,11.06,11.29,10.43
hoodie,mid,8.5,standard,CN,707,47,20,14,17.24,21.75,17.28
hoodie,premium,10.0,standard,MX,742,114,37,38,26.45,30.29,26.44
hoodie,basic,7.0,budget,US,890,82,26,362,11.59,13.55,11.41
hoodie,mid,8.5,standard,MX,501,35,11,359,17.69,20.58,18.13
hoodie,mid,8.5,budget,MX,1487,200,10,243,16.84,21.26,17.02
hoodie,mid,8.5,premium,US,379,70,15,212,21.33,25.01,21.31
hoodie,mid,8.5,standard,CN,1871,200,45,264,18.71,20.23,17.81
hoodie,basic,7.0,budget,US,515,122,39,185,12.45,13.67,12.5
hoodie,mid,8.5,standard,CN,1823,200,8,136,16.17,18.21,16.39
hoodie,basic,7.0,premium,US,1008,135,29,55,14.79,16.08,14.67
hoodie,basic,7.0,standard,CN,989,200,20,44,11.85,13.42,11.36
hoodie,basic,7.0,budget,US,862,107,29,273,12.29,14.28,11.74
hoodie,basic,7.0,standard,US,1988,200,34,201,14.79,15.03,13.92
hoodie,basic,7.0,premium,US,1317,200,7,32,13.12,17.61,13.76
hoodie,mid,8.5,budget,MX,1531,151,26,313,15.29,18.92,15.93
hoodie,mid,8.5,standard,US,1236,200,27,55,18.23,23.74,18.93
hoodie,mid,8.5,standard,CN,942,195,24,219,17.69,22.14,17.54
hoodie,mid,8.5,standard,CN,861,131,7,157,18.88,20.67,18.06
hoodie,mid,8.5,premium,US,1732,200,16,328,21.98,27.95,21.92
hoodie,mid,8.5,budget,CN,1339,200,24,98,16.76,16.94,16.12
hoodie,basic,7.0,standard,US,1041,140,25,22,13.71,15.26,13.3
hoodie,premium,10.0,budget,CN,137,16,20,59,22.83,25.62,22.86
hoodie,basic,7.0,premium,CN,461,73,12,143,12.47,14.18,12.67
hoodie,basic,7.0,budget,US,409,47,23,158,12.19,13.9,11.38
hoodie,mid,8.5,premium,US,487,100,37,344,24.68,27.87,23.09
hoodie,mid,8.5,standard,US,660,155,38,259,20.5,26.72,20.99
hoodie,premium,10.0,budget,CN,1405,123,16,195,25.34,28.91,23.55
hoodie,mid,8.5,budget,CN,455,109,40,289,17.33,19.21,17.83
hoodie,mid,8.5,standard,CN,1820,200,10,309,18.3,21.43,17.0
hoodie,premium,10.0,standard,CN,793,92,40,70,24.7,29.62,24.83
hoodie,basic,7.0,budget,CN,1773,123,21,173,10.85,12.48,10.18
hoodie,mid,8.5,premium,US,1992,200,23,211,21.49,26.44,22.23
hoodie,mid,8.5,standard,CN,346,24,45,203,19.41,19.65,18.5
hoodie,mid,8.5,premium,CN,380,23,27,93,19.25,21.14,19.74
hoodie,basic,7.0,standard,MX,205,18,12,184,11.32,12.59,11.83
hoodie,basic,7.0,budget,CN,1680,187,7,244,9.7,12.25,10.09
hoodie,premium,10.0,standard,CN,1843,200,30,328,25.42,30.73,25.18
hoodie,mid,8.5,budget,CN,1663,184,26,75,16.08,16.79,15.37
hoodie,mid,8.5,budget,US,1947,200,45,150,18.2,22.59,18.95
hoodie,mid,8.5,budget,CN,883,200,31,342,16.81,17.2,16.32
hoodie,premium,10.0,premium,US,1765,200,40,339,34.28,37.46,32.77
hoodie,basic,7.0,premium,CN,1919,144,12,338,12.05,14.48,12.1
hoodie,basic,7.0,standard,US,1736,200,31,88,13.29,16.4,12.97
hoodie,basic,7.0,budget,CN,732,119,15,352,10.78,13.21,10.44
hoodie,mid,8.5,standard,CN,1581,121,36,39,19.23,21.5,17.89
hoodie,premium,10.0,budget,CN,720,124,15,144,23.9,29.6,23.38
hoodie,basic,7.0,standard,CN,629,73,9,183,10.55,12.38,10.21
hoodie,basic,7.0,standard,US,1081,140,31,36,12.27,15.86,12.87
hoodie,mid,8.5,budget,US,882,182,26,258,20.5,24.21,19.03
hoodie,basic,7.0,standard,CN,551,123,39,313,11.55,14.58,11.47
hoodie,basic,7.0,budget,CN,1869,200,29,234,10.37,12.86,10.18
hoodie,basic,7.0,premium,US,736,99,22,51,15.77,16.18,15.23
hoodie,mid,8.5,premium,MX,307,67,8,59,21.91,22.55,21.43
hoodie,basic,7.0,premium,CN,592,108,35,54,12.3,13.13,11.94
hoodie,basic,7.0,standard,CN,1581,200,23,280,11.36,12.6,11.57
hoodie,mid,8.5,budget,CN,175,29,14,146,16.73,17.35,16.35
hoodie,basic,7.0,standard,MX,287,46,44,197,12.54,13.63,12.82
hoodie,mid,8.5,standard,US,283,51,32,266,21.19,25.89,20.73
hoodie,mid,8.5,standard,CN,1308,200,33,183,16.81,21.25,17.3
hoodie,premium,10.0,standard,MX,405,90,17,283,27.14,32.71,26.02
hoodie,mid,8.5,budget,US,472,38,30,121,19.46,23.56,19.35
hoodie,mid,8.5,premium,US,1018,200,38,271,23.98,24.89,22.34
hoodie,mid,8.5,budget,CN,575,113,43,180,15.78,19.26,16.1
hoodie,basic,7.0,standard,CN,1862,200,28,321,12.02,13.6,11.23
hoodie,mid,8.5,standard,US,961,200,12,365,18.64,23.38,18.64
hoodie,premium,10.0,standard,CN,686,138,14,329,23.81,26.7,23.69
hoodie,basic,7.0,standard,CN,1637,186,29,342,11.79,13.9,11.7
hoodie,basic,7.0,standard,CN,1895,200,43,119,11.12,11.96,10.95
hoodie,mid,8.5,standard,CN,417,90,12,181,18.85,19.09,17.62
hoodie,mid,8.5,standard,CN,1646,200,26,353,17.48,19.76,17.27
hoodie,basic,7.0,standard,CN,1594,160,10,56,11.69,14.62,11.86
hoodie,basic,7.0,standard,CN,35,12,28,126,11.0,13.82,11.21
hoodie,mid,8.5,standard,US,1554,200,29,181,19.69,21.76,20.05
hoodie,basic,7.0,standard,CN,920,135,24,220,11.0,12.28,11.36
hoodie,mid,8.5,standard,CN,834,196,26,333,19.5,23.18,18.71
hoodie,basic,7.0,standard,CN,1308,200,16,270,11.06,14.76,11.57
hoodie,premium,10.0,premium,US,682,132,20,299,34.48,38.97,34.68
hoodie,basic,7.0,premium,MX,816,70,23,125,13.3,15.45,13.32
hoodie,mid,8.5,budget,CN,834,42,42,326,16.97,20.53,17.06
hoodie,premium,10.0,standard,CN,1946,136,39,47,25.98,27.72,26.01
hoodie,mid,8.5,standard,CN,637,44,26,323,17.48,19.35,17.38
hoodie,mid,8.5,standard,US,1403,200,40,343,21.99,23.89,21.47
hoodie,basic,7.0,standard,US,1622,184,9,260,12.01,15.04,12.2
hoodie,basic,7.0,premium,CN,480,118,34,288,13.9,15.46,13.71
hoodie,basic,7.0,standard,US,1972,154,7,312,11.84,14.81,11.68
hoodie,mid,8.5,budget,CN,255,30,30,317,15.08,16.57,15.61
hoodie,basic,7.0,budget,MX,707,126,36,246,10.7,13.07,10.87
hoodie,mid,8.5,standard,CN,1446,200,15,102,16.46,20.98,16.5
hoodie,basic,7.0,budget,US,482,57,38,172,10.97,12.08,10.99
hoodie,mid,8.5,budget,US,1787,141,30,204,16.96,21.88,17.81
hoodie,mid,8.5,standard,CN,1738,200,45,168,17.98,19.85,17.37
hoodie,basic,7.0,premium,CN,1112,200,23,335,13.73,14.95,13.06
hoodie,basic,7.0,standard,US,1366,200,26,241,13.1,15.51,13.07
hoodie,premium,10.0,standard,CN,221,22,38,356,28.24,33.43,27.06
hoodie,mid,8.5,premium,US,279,44,27,306,25.16,27.65,24.79
hoodie,mid,8.5,standard,CN,276,39,19,325,17.75,19.68,18.43
hoodie,basic,7.0,standard,CN,1374,200,13,238,12.17,12.86,11.56
hoodie,basic,7.0,standard,US,1460,200,40,174,12.3,16.08,12.78
hoodie,basic,7.0,standard,CN,772,127,22,354,11.58,13.85,11.49
hoodie,basic,7.0,budget,MX,902,132,22,202,10.61,12.2,10.07
hoodie,mid,8.5,budget,CN,143,20,15,287,16.07,20.29,16.44
hoodie,mid,8.5,standard,US,1278,65,24,111,20.71,25.55,20.49
hoodie,basic,7.0,standard,MX,1283,122,32,358,12.04,13.2,11.53
hoodie,mid,8.5,premium,US,1972,200,40,25,25.25,30.64,24.05
hoodie,mid,8.5,standard,CN,1897,200,21,200,17.79,19.2,16.85
hoodie,basic,7.0,budget,MX,1765,200,33,135,10.85,12.73,10.73
hoodie,basic,7.0,standard,CN,164,12,39,281,12.77,14.58,12.1
hoodie,premium,10.0,standard,MX,365,23,17,179,28.6,28.99,27.12
hoodie,basic,7.0,standard,CN,1339,200,16,184,11.99,12.84,11.43
hoodie,premium,10.0,standard,US,583,73,30,123,30.22,32.65,29.08
hoodie,basic,7.0,budget,MX,1091,75,41,354,10.85,14.01,11.1
hoodie,basic,7.0,premium,CN,1432,168,10,119,12.55,14.24,12.13
hoodie,mid,8.5,budget,US,1740,200,34,276,18.97,22.39,19.23
hoodie,basic,7.0,standard,CN,300,24,11,147,11.67,13.15,11.89
hoodie,basic,7.0,budget,CN,224,16,35,100,10.12,12.36,10.65
hoodie,mid,8.5,premium,US,984,200,9,307,22.4,26.81,22.29
hoodie,basic,7.0,premium,CN,510,104,31,87,12.94,15.11,12.5
hoodie,basic,7.0,standard,US,1987,136,16,35,13.26,15.22,13.02
hoodie,mid,8.5,standard,US,235,35,43,127,22.23,24.85,22.22
hoodie,basic,7.0,standard,CN,1284,174,26,69,10.4,11.45,10.82
hoodie,mid,8.5,standard,CN,497,85,8,212,16.91,20.91,17.72
hoodie,mid,8.5,standard,CN,56,12,15,186,21.56,24.21,19.97
hoodie,mid,8.5,standard,CN,277,44,30,300,18.61,21.91,19.22
hoodie,premium,10.0,standard,US,383,28,28,140,33.12,42.38,33.71
hoodie,mid,8.5,standard,US,723,173,32,15,22.88,22.56,21.37
hoodie,mid,8.5,standard,MX,1648,173,7,86,19.95,20.56,18.63
hoodie,mid,8.5,standard,CN,497,99,26,112,17.88,20.56,17.83
hoodie,premium,10.0,standard,CN,197,28,28,143,25.92,32.02,26.49
hoodie,basic,7.0,budget,MX,358,70,26,38,11.1,11.9,10.88
hoodie,mid,8.5,standard,CN,1973,200,37,303,18.55,19.54,17.32
hoodie,mid,8.5,standard,MX,229,34,38,55,19.1,22.37,19.2
hoodie,premium,10.0,premium,US,646,41,23,209,31.21,36.99,32.44
hoodie,mid,8.5,budget,US,1324,200,44,178,16.97,20.72,17.59
hoodie,mid,8.5,standard,US,976,200,34,45,20.53,23.34,20.81
hoodie,premium,10.0,standard,CN,1488,200,36,360,27.89,31.28,27.0
hoodie,basic,7.0,budget,US,387,39,33,245,11.71,13.01,11.17
hoodie,premium,10.0,premium,CN,721,52,7,168,31.23,36.86,30.43
hoodie,premium,10.0,standard,MX,469,102,41,61,26.51,33.05,26.5
hoodie,mid,8.5,budget,CN,130,18,44,198,17.07,20.94,16.87
hoodie,basic,7.0,budget,US,1977,200,37,214,11.29,12.51,11.2
hoodie,mid,8.5,standard,US,969,77,43,247,19.6,22.36,19.83
hoodie,premium,10.0,standard,CN,1577,142,7,325,27.93,29.57,26.0
hoodie,premium,10.0,standard,CN,48,12,31,316,29.53,35.64,28.55
hoodie,basic,7.0,standard,US,1932,200,42,257,14.58,16.0,13.89
hoodie,basic,7.0,standard,US,1245,155,9,348,11.4,12.96,11.77
hoodie,mid,8.5,budget,CN,1551,200,35,49,14.93,19.69,15.53
hoodie,mid,8.5,premium,US,277,21,45,228,24.13,29.73,23.65
hoodie,premium,10.0,budget,CN,360,34,22,40,22.96,27.84,23.48
hoodie,basic,7.0,budget,CN,71,14,8,207,11.64,11.78,11.21
hoodie,mid,8.5,standard,US,415,49,41,214,20.11,23.27,20.77
hoodie,basic,7.0,standard,CN,1012,195,10,30,11.58,14.09,11.36
hoodie,basic,7.0,standard,US,1622,200,22,68,12.74,15.21,12.43
hoodie,mid,8.5,standard,MX,549,45,29,173,18.43,21.61,18.76
hoodie,mid,8.5,standard,CN,295,36,8,259,19.26,20.54,17.9
hoodie,mid,8.5,premium,US,1139,147,18,35,21.34,27.7,22.09
hoodie,premium,10.0,budget,CN,1866,128,27,300,22.83,24.97,22.74
hoodie,mid,8.5,standard,CN,294,46,37,303,17.08,18.41,16.79
hoodie,mid,8.5,budget,CN,1666,135,26,304,16.03,18.9,15.98
hoodie,basic,7.0,premium,CN,1207,155,26,72,12.97,14.83,12.71
hoodie,mid,8.5,budget,CN,185,35,18,283,17.43,18.74,17.54
hoodie,premium,10.0,budget,CN,351,68,7,56,24.21,24.03,22.56
hoodie,basic,7.0,standard,MX,306,55,11,42,11.77,13.69,11.95
hoodie,premium,10.0,standard,US,1539,82,13,196,27.77,30.77,28.25
hoodie,basic,7.0,premium,US,840,51,41,188,14.33,17.77,14.04
hoodie,basic,7.0,budget,MX,787,119,38,86,10.91,12.82,10.7
hoodie,basic,7.0,standard,US,1795,182,35,318,12.13,14.57,12.54
hoodie,basic,7.0,standard,CN,725,108,13,331,12.18,13.77,11.67
hoodie,mid,8.5,premium,US,1014,186,8,330,21.46,24.15,22.36
hoodie,basic,7.0,standard,US,1150,200,29,78,12.65,13.18,12.54
hoodie,basic,7.0,standard,CN,429,86,44,188,10.82,11.31,10.53
hoodie,mid,8.5,premium,US,1885,200,27,77,24.13,24.95,23.34
hoodie,mid,8.5,premium,US,1876,200,28,249,22.43,27.02,21.13
hoodie,premium,10.0,premium,CN,637,103,36,135,30.72,34.93,29.88
hoodie,mid,8.5,standard,CN,389,42,43,254,18.41,23.7,18.77
hoodie,basic,7.0,standard,US,1008,85,23,166,12.56,14.15,12.63
hoodie,premium,10.0,standard,CN,362,61,31,199,27.78,31.96,27.95
hoodie,mid,8.5,standard,CN,1856,200,9,94,15.87,20.47,16.2
hoodie,mid,8.5,standard,MX,281,30,44,228,19.41,22.88,18.82
hoodie,mid,8.5,budget,US,159,21,29,261,17.96,21.03,18.48
hoodie,mid,8.5,standard,US,308,23,23,318,20.12,24.13,21.08
hoodie,mid,8.5,budget,MX,1582,105,24,336,16.83,19.19,17.36
hoodie,premium,10.0,budget,US,967,84,18,216,24.49,29.71,25.55
hoodie,premium,10.0,standard,US,1638,86,7,338,29.94,31.26,28.42
hoodie,basic,7.0,standard,US,1534,160,26,97,14.22,15.41,13.94
hoodie,mid,8.5,standard,CN,1585,181,33,364,18.23,18.49,17.3
hoodie,basic,7.0,premium,CN,65,13,17,234,12.04,13.88,12.4
hoodie,mid,8.5,budget,CN,689,35,19,87,17.44,17.22,16.2
hoodie,basic,7.0,standard,US,163,36,26,168,13.63,14.86,13.42
hoodie,mid,8.5,standard,US,557,101,10,159,20.51,21.91,20.23
hoodie,mid,8.5,budget,MX,911,126,30,151,17.12,19.14,17.48
hoodie,premium,10.0,standard,MX,844,141,24,177,28.61,33.18,26.93
hoodie,mid,8.5,budget,CN,985,159,21,185,14.71,18.48,14.98
hoodie,mid,8.5,premium,US,529,28,37,133,24.2,24.75,23.31
hoodie,premium,10.0,standard,CN,232,50,16,164,30.69,30.23,28.65
hoodie,mid,8.5,standard,US,1488,200,17,42,18.76,20.74,19.55
hoodie,basic,7.0,budget,CN,221,47,38,59,10.9,12.83,10.94
hoodie,mid,8.5,premium,US,1982,200,10,153,24.22,29.59,23.34
hoodie,basic,7.0,budget,MX,1240,200,30,204,9.81,11.19,10.14
hoodie,mid,8.5,budget,US,1020,200,11,314,19.38,20.33,18.0
hoodie,basic,7.0,standard,MX,482,94,26,326,14.26,16.96,13.31
hoodie,mid,8.5,premium,CN,250,29,38,174,22.43,27.64,22.41
hoodie,basic,7.0,standard,US,1355,103,24,223,13.21,14.33,12.47
hoodie,mid,8.5,budget,CN,1770,114,41,350,16.55,17.57,16.7
hoodie,mid,8.5,standard,US,1949,125,9,162,19.23,22.89,19.41
hoodie,basic,7.0,premium,CN,1392,200,45,242,12.83,16.69,13.12
hoodie,basic,7.0,premium,US,111,22,44,33,14.96,17.38,15.58
hoodie,mid,8.5,standard,US,1764,105,20,321,20.87,23.96,20.41
hoodie,basic,7.0,budget,MX,1859,200,14,211,10.15,10.69,9.93
hoodie,premium,10.0,standard,CN,1122,200,12,284,25.49,31.72,24.81
hoodie,mid,8.5,standard,CN,806,94,32,299,18.03,21.54,18.57
hoodie,mid,8.5,budget,CN,1969,159,38,94,15.12,18.86,15.67
hoodie,premium,10.0,standard,CN,1319,116,20,194,21.6,26.5,22.68
hoodie,mid,8.5,standard,CN,83,20,21,39,17.45,20.37,17.15
hoodie,mid,8.5,standard,CN,236,42,29,159,16.87,19.97,17.27
hoodie,basic,7.0,standard,CN,564,91,34,208,10.99,13.51,11.46
hoodie,mid,8.5,premium,US,197,26,29,234,23.39,27.82,22.56
hoodie,mid,8.5,budget,US,646,64,12,271,18.1,19.11,17.63
hoodie,mid,8.5,budget,US,1108,200,29,233,18.67,19.6,17.73
hoodie,mid,8.5,standard,CN,1652,162,19,64,17.63,18.66,17.17
hoodie,basic,7.0,standard,MX,1146,167,16,20,10.82,13.44,11.17
hoodie,basic,7.0,standard,CN,1700,183,27,26,12.5,13.51,11.58
hoodie,mid,8.5,budget,CN,1179,197,42,120,16.43,19.36,16.2
hoodie,basic,7.0,standard,US,301,33,13,214,13.16,15.62,13.34
hoodie,mid,8.5,budget,US,86,14,25,128,21.09,24.42,20.48
hoodie,basic,7.0,budget,CN,1441,200,24,68,9.18,11.69,9.15
hoodie,basic,7.0,standard,US,1073,186,19,197,12.62,13.95,12.27
hoodie,basic,7.0,budget,US,1618,186,32,42,11.43,14.81,11.67
hoodie,basic,7.0,standard,CN,983,137,13,108,11.66,13.17,11.26
hoodie,mid,8.5,premium,MX,234,54,17,273,21.59,22.83,21.54
hoodie,mid,8.5,budget,CN,393,36,15,263,15.97,17.99,16.16
hoodie,mid,8.5,budget,US,1165,147,19,227,18.39,21.82,18.54
hoodie,mid,8.5,premium,US,645,71,7,88,24.99,28.06,23.2
hoodie,basic,7.0,standard,MX,1737,200,11,139,11.49,12.7,11.52
hoodie,basic,7.0,premium,CN,250,58,9,92,13.01,15.43,13.02
hoodie,basic,7.0,budget,CN,273,46,22,356,10.43,13.4,10.6
hoodie,mid,8.5,premium,CN,1187,200,14,66,20.7,23.39,19.63
hoodie,mid,8.5,premium,MX,799,192,45,87,21.61,25.99,21.15
hoodie,basic,7.0,premium,US,476,48,24,61,13.49,15.11,14.07
hoodie,premium,10.0,premium,MX,1176,200,26,18,31.09,32.42,29.85
hoodie,mid,8.5,standard,CN,1227,200,26,173,18.23,20.57,17.96
hoodie,mid,8.5,budget,US,122,25,31,246,19.02,19.91,18.68
hoodie,basic,7.0,budget,US,1678,200,31,153,10.73,13.61,11.1
hoodie,mid,8.5,standard,CN,992,168,10,246,19.41,20.75,17.99
hoodie,basic,7.0,standard,US,1281,200,40,244,14.04,14.49,13.09
hoodie,basic,7.0,budget,US,1556,200,25,59,10.26,13.29,10.7
hoodie,basic,7.0,budget,MX,1579,200,29,133,10.17,11.51,9.77
hoodie,basic,7.0,premium,US,837,82,9,55,13.62,15.68,13.71
hoodie,basic,7.0,standard,US,836,48,25,24,12.93,16.29,12.84
hoodie,basic,7.0,standard,CN,1820,200,44,279,10.95,13.61,10.83
hoodie,basic,7.0,premium,US,76,18,36,253,14.73,17.83,15.35
hoodie,premium,10.0,premium,CN,1364,199,43,172,32.2,34.62,30.05
hoodie,basic,7.0,premium,CN,176,24,43,230,13.42,13.86,12.44
hoodie,basic,7.0,premium,US,573,61,12,196,13.62,15.34,13.9
hoodie,mid,8.5,standard,MX,1181,200,28,205,17.72,23.1,18.09
hoodie,mid,8.5,standard,US,1701,156,21,198,20.91,26.04,21.85
hoodie,mid,8.5,standard,CN,812,142,29,123,18.71,22.77,17.93
hoodie,mid,8.5,standard,MX,959,93,36,124,20.42,21.31,19.63
hoodie,mid,8.5,standard,CN,336,79,19,300,18.19,19.5,17.16
hoodie,basic,7.0,standard,CN,1736,200,37,351,10.51,11.41,10.68
hoodie,premium,10.0,budget,MX,1205,108,14,260,23.47,29.68,23.45
hoodie,basic,7.0,standard,CN,1170,200,37,131,11.9,12.05,11.18
hoodie,basic,7.0,budget,US,1453,200,42,327,12.53,14.4,11.78
hoodie,basic,7.0,standard,US,1703,200,45,243,14.17,15.45,13.73
hoodie,mid,8.5,premium,CN,497,84,22,142,19.91,24.47,19.68
hoodie,basic,7.0,standard,CN,834,108,44,91,12.6,13.71,12.18
hoodie,mid,8.5,budget,CN,134,12,12,70,18.15,18.53,17.33
hoodie,basic,7.0,budget,CN,169,37,36,112,11.44,13.05,10.93
hoodie,basic,7.0,premium,CN,1776,170,10,358,11.25,13.29,11.07
hoodie,basic,7.0,premium,US,1388,200,43,333,14.97,17.35,14.01
hoodie,premium,10.0,standard,US,427,78,20,51,28.21,31.89,27.22
hoodie,mid,8.5,premium,MX,979,200,22,335,23.59,26.67,21.92
hoodie,basic,7.0,budget,US,172,35,40,294,10.95,12.94,11.31
hoodie,mid,8.5,standard,CN,839,179,14,260,17.74,21.09,17.0
hoodie,basic,7.0,standard,US,1590,116,34,325,12.54,13.86,12.34
hoodie,mid,8.5,standard,US,872,191,34,154,21.05,21.89,20.54
hoodie,mid,8.5,budget,US,392,96,15,287,20.19,23.41,18.95
hoodie,mid,8.5,premium,CN,383,48,45,137,21.09,25.64,20.6
hoodie,basic,7.0,budget,US,403,93,33,145,13.35,14.32,12.85
hoodie,premium,10.0,premium,CN,1554,200,41,236,29.58,37.91,30.82
hoodie,basic,7.0,budget,US,552,30,40,26,11.39,12.0,11.22
hoodie,basic,7.0,standard,MX,1241,200,10,341,11.62,13.32,11.48
hoodie,mid,8.5,budget,CN,754,124,16,22,15.34,17.76,15.58
hoodie,basic,7.0,budget,CN,869,74,32,216,10.5,11.02,10.33
hoodie,mid,8.5,budget,MX,679,80,44,304,17.76,19.37,17.57
hoodie,mid,8.5,premium,MX,1194,106,29,264,20.94,24.51,20.46
hoodie,basic,7.0,standard,CN,576,107,11,46,11.41,13.29,11.66
hoodie,premium,10.0,budget,CN,1480,200,16,195,21.02,23.72,21.82
hoodie,premium,10.0,budget,CN,1766,144,20,29,21.82,24.23,21.38
hoodie,premium,10.0,budget,MX,1965,200,16,309,22.1,25.23,21.61
hoodie,basic,7.0,premium,MX,1795,151,14,34,12.16,13.7,11.71
hoodie,basic,7.0,budget,CN,928,89,34,194,9.92,11.81,10.19
hoodie,basic,7.0,standard,CN,1755,95,25,84,11.38,13.95,11.58
hoodie,basic,7.0,standard,CN,1028,177,34,121,11.79,12.69,11.28
hoodie,basic,7.0,standard,US,64,12,30,55,13.5,15.67,13.99
hoodie,mid,8.5,budget,CN,288,21,18,120,18.32,18.34,16.97
hoodie,basic,7.0,budget,CN,1552,200,21,15,9.83,11.21,10.08
hoodie,basic,7.0,premium,CN,587,52,36,183,12.23,12.61,11.65
hoodie,premium,10.0,budget,US,1266,91,33,216,25.4,31.78,25.28
hoodie,basic,7.0,standard,US,1168,168,26,18,12.94,14.54,13.12
hoodie,premium,10.0,standard,US,917,117,44,251,30.54,32.8,29.39
hoodie,mid,8.5,standard,CN,81,12,13,264,20.71,21.32,19.58
hoodie,basic,7.0,budget,CN,221,16,7,176,11.47,14.09,11.08
hoodie,basic,7.0,standard,US,1469,195,19,76,12.58,14.34,12.96
hoodie,basic,7.0,standard,CN,1156,200,27,271,11.35,13.44,11.64
hoodie,basic,7.0,standard,CN,741,173,10,170,10.82,12.45,10.33
hoodie,mid,8.5,budget,CN,243,16,28,95,17.24,21.0,17.39
hoodie,mid,8.5,standard,CN,1467,200,41,104,18.02,21.66,18.28
hoodie,premium,10.0,budget,US,1885,200,41,273,31.05,34.3,29.61
hoodie,mid,8.5,standard,US,1661,200,26,81,22.19,23.24,20.65
hoodie,mid,8.5,budget,US,1521,186,18,37,18.89,21.16,17.94
hoodie,basic,7.0,standard,CN,1252,200,12,68,12.01,12.56,11.4
hoodie,mid,8.5,standard,MX,982,129,16,240,16.09,20.27,16.22
hoodie,basic,7.0,premium,CN,26,12,29,285,14.47,17.28,13.8
hoodie,mid,8.5,premium,CN,396,29,20,117,20.42,24.65,20.06
hoodie,basic,7.0,premium,CN,425,44,34,362,13.77,15.7,13.43
hoodie,mid,8.5,budget,CN,1431,200,38,157,16.04,17.92,16.64
hoodie,basic,7.0,premium,MX,1262,200,37,309,12.97,16.94,13.46
hoodie,basic,7.0,standard,CN,124,28,21,122,11.7,13.56,11.55
hoodie,mid,8.5,standard,MX,1722,136,30,343,17.51,20.98,17.48
hoodie,mid,8.5,standard,CN,1614,156,43,253,17.22,21.29,17.54
hoodie,premium,10.0,budget,US,33,12,38,314,28.83,33.37,27.41
hoodie,mid,8.5,standard,US,665,94,23,172,21.05,21.04,19.85
hoodie,basic,7.0,premium,CN,373,74,15,211,12.91,16.16,13.17
hoodie,mid,8.5,premium,US,248,46,8,146,23.21,28.56,22.64
hoodie,basic,7.0,standard,CN,699,168,43,41,11.79,12.43,10.96
hoodie,premium,10.0,standard,CN,1573,148,38,182,26.75,29.2,24.81
hoodie,basic,7.0,standard,US,1712,160,26,360,12.64,15.2,13.2
hoodie,mid,8.5,premium,MX,1745,200,31,62,20.35,24.43,19.58
hoodie,basic,7.0,budget,US,1307,66,39,287,11.2,13.93,11.48
hoodie,basic,7.0,budget,CN,1876,164,44,314,9.78,11.92,10.12
hoodie,mid,8.5,budget,CN,408,38,15,363,15.68,19.33,15.98
hoodie,mid,8.5,premium,CN,608,106,16,148,19.48,22.03,20.36
hoodie,basic,7.0,budget,US,1022,66,34,327,12.02,13.68,12.06
hoodie,mid,8.5,premium,US,110,25,16,32,22.85,26.23,23.68
hoodie,basic,7.0,premium,US,568,134,30,302,14.82,15.18,14.12
hoodie,mid,8.5,premium,CN,1247,85,16,258,20.73,20.83,19.78
hoodie,basic,7.0,budget,MX,1530,200,16,100,10.65,13.18,10.86
hoodie,basic,7.0,standard,CN,605,80,29,141,11.95,12.66,11.15
hoodie,basic,7.0,premium,US,1214,141,15,222,14.43,17.44,14.22
hoodie,mid,8.5,standard,US,1915,200,21,344,20.08,25.55,20.01
hoodie,mid,8.5,standard,US,563,104,33,32,20.89,25.11,21.28
hoodie,mid,8.5,premium,US,1735,136,34,302,25.74,26.2,23.99
hoodie,basic,7.0,standard,US,1968,200,8,219,12.95,15.8,12.53
hoodie,basic,7.0,standard,US,1983,200,13,102,12.14,15.48,12.43
hoodie,basic,7.0,standard,MX,961,131,37,97,11.63,12.46,11.38
hoodie,basic,7.0,standard,US,498,83,11,319,14.41,16.57,13.47
hoodie,mid,8.5,budget,US,1766,200,8,259,19.2,22.7,18.07
hoodie,basic,7.0,budget,US,502,90,35,157,12.97,13.85,12.34
hoodie,mid,8.5,standard,MX,1530,200,35,99,18.33,20.43,18.8
hoodie,mid,8.5,premium,CN,1555,200,12,99,19.83,20.55,19.35
hoodie,basic,7.0,standard,US,883,108,44,179,12.97,16.09,13.63
hoodie,mid,8.5,premium,US,1349,182,23,239,22.5,27.5,21.81
hoodie,premium,10.0,budget,CN,969,90,42,252,22.94,23.7,22.5
hoodie,basic,7.0,standard,CN,1266,132,27,259,11.96,12.09,11.38
hoodie,basic,7.0,budget,MX,1284,196,45,246,11.0,11.68,10.98
hoodie,mid,8.5,standard,CN,325,74,11,343,18.12,21.21,18.43
hoodie,basic,7.0,budget,US,1034,67,40,231,11.44,11.8,11.21
hoodie,basic,7.0,standard,MX,1998,200,31,170,13.11,14.41,12.18
hoodie,basic,7.0,budget,MX,979,163,19,77,10.31,12.87,10.66
hoodie,basic,7.0,standard,US,1429,148,32,23,11.48,14.23,11.16
hoodie,mid,8.5,budget,CN,65,12,7,74,16.81,18.8,16.18
hoodie,premium,10.0,standard,CN,105,15,13,42,24.67,27.88,24.99
hoodie,basic,7.0,premium,CN,1210,150,35,319,12.36,13.37,12.51
hoodie,basic,7.0,premium,US,212,12,43,14,14.51,17.76,14.35
hoodie,mid,8.5,standard,US,82,16,7,204,20.79,24.82,20.55
hoodie,premium,10.0,budget,US,1423,200,9,55,27.63,31.76,26.63
hoodie,premium,10.0,standard,CN,1303,200,37,151,26.89,28.53,25.32
hoodie,basic,7.0,standard,US,683,115,35,172,13.07,14.08,12.46
hoodie,basic,7.0,standard,CN,1285,200,23,356,11.25,12.89,11.4
hoodie,mid,8.5,standard,MX,105,25,30,61,21.18,21.68,19.62
hoodie,premium,10.0,premium,CN,1596,153,35,230,29.19,33.02,27.75
hoodie,basic,7.0,budget,US,1409,200,7,285,11.86,12.51,11.69
hoodie,mid,8.5,standard,US,1371,81,30,280,19.29,22.36,20.09
hoodie,mid,8.5,standard,CN,458,110,28,271,17.02,18.29,17.25
hoodie,basic,7.0,budget,CN,702,38,43,299,10.41,11.48,10.6
hoodie,basic,7.0,standard,MX,224,51,12,43,12.65,15.34,12.43
hoodie,premium,10.0,premium,CN,537,70,34,275,29.44,35.48,28.65
hoodie,basic,7.0,standard,US,1206,159,39,354,12.99,14.2,12.3
hoodie,mid,8.5,standard,MX,1444,200,41,18,19.79,21.91,19.11
hoodie,basic,7.0,standard,US,1967,200,15,18,12.58,14.9,12.67
hoodie,basic,7.0,standard,MX,1806,200,37,294,11.25,14.38,11.74
hoodie,basic,7.0,premium,CN,548,94,41,157,12.75,14.25,12.75
hoodie,mid,8.5,premium,CN,1987,140,42,143,20.73,24.79,21.58
hoodie,mid,8.5,standard,CN,1121,66,24,190,18.13,22.1,17.59
hoodie,basic,7.0,premium,CN,1743,200,39,279,11.35,14.12,11.15
hoodie,basic,7.0,budget,MX,1075,109,35,164,10.88,11.66,11.09
hoodie,premium,10.0,premium,CN,303,58,44,123,30.08,36.01,30.3
hoodie,basic,7.0,standard,US,1383,200,44,120,13.9,15.23,13.03
hoodie,basic,7.0,budget,CN,595,129,40,160,10.57,12.2,10.13
hoodie,basic,7.0,premium,CN,168,41,33,297,12.86,14.36,13.29
hoodie,premium,10.0,premium,CN,152,36,36,28,28.55,33.6,29.93
hoodie,basic,7.0,standard,MX,293,56,35,339,12.31,13.32,12.54
hoodie,mid,8.5,premium,CN,385,81,38,48,20.01,25.31,20.24
hoodie,basic,7.0,budget,CN,153,32,13,80,10.03,12.42,10.26
hoodie,mid,8.5,premium,MX,1166,200,41,38,21.71,23.04,20.39
hoodie,premium,10.0,standard,US,846,106,29,235,32.0,32.31,30.24
hoodie,premium,10.0,budget,US,1775,200,40,104,28.18,32.97,27.2
hoodie,basic,7.0,standard,CN,1891,200,24,213,11.75,13.2,11.27
hoodie,basic,7.0,standard,CN,1848,150,41,160,11.39,13.97,11.6
hoodie,mid,8.5,budget,CN,1288,200,36,60,16.95,17.6,16.17
hoodie,mid,8.5,premium,CN,450,100,31,281,21.38,24.41,19.97
hoodie,mid,8.5,budget,CN,1959,200,28,109,17.21,20.6,16.89
hoodie,premium,10.0,standard,CN,331,16,37,243,26.23,33.34,27.31
hoodie,basic,7.0,standard,CN,491,105,24,340,11.64,13.5,11.03
hoodie,premium,10.0,standard,US,779,113,28,231,32.0,37.71,30.34
hoodie,mid,8.5,standard,US,99,12,28,123,21.11,25.1,21.19
hoodie,basic,7.0,premium,CN,1614,200,15,101,13.67,13.49,12.78
hoodie,mid,8.5,standard,US,110,22,16,183,19.37,22.44,19.61
hoodie,mid,8.5,standard,MX,1425,134,44,244,19.59,21.3,19.83
hoodie,mid,8.5,standard,CN,1773,200,30,312,18.45,19.57,17.54
hoodie,premium,10.0,standard,CN,1105,141,28,208,25.51,31.7,25.09
hoodie,basic,7.0,standard,CN,1047,200,20,109,12.74,13.18,12.36
hoodie,mid,8.5,budget,MX,1258,146,41,252,17.79,21.06,16.78
hoodie,basic,7.0,standard,CN,1950,200,44,360,12.24,13.06,11.39
hoodie,basic,7.0,standard,US,1327,200,27,119,13.14,17.04,13.42
hoodie,mid,8.5,budget,US,265,26,39,269,20.86,21.54,19.89
hoodie,basic,7.0,standard,CN,1150,200,27,294,11.24,12.71,11.8
hoodie,mid,8.5,budget,CN,598,130,19,180,15.65,19.65,16.43
hoodie,basic,7.0,budget,CN,1595,200,27,209,9.69,12.09,9.59
hoodie,mid,8.5,budget,CN,1992,200,43,189,16.39,18.63,16.42
hoodie,premium,10.0,standard,CN,1353,132,31,82,24.81,28.44,25.08
hoodie,premium,10.0,premium,US,1863,120,21,333,30.53,35.29,31.45
hoodie,mid,8.5,standard,MX,776,61,10,246,18.8,22.75,18.52
hoodie,basic,7.0,standard,US,222,49,18,61,13.31,14.49,12.46
hoodie,mid,8.5,standard,US,147,30,9,354,21.07,22.89,19.79
hoodie,basic,7.0,standard,CN,1145,89,10,110,10.52,13.16,10.55
hoodie,basic,7.0,premium,US,1634,136,25,160,15.2,16.2,14.08
hoodie,basic,7.0,premium,US,1634,88,23,60,14.15,16.8,13.56
hoodie,premium,10.0,standard,CN,1725,200,29,258,24.16,32.0,25.34
hoodie,mid,8.5,premium,US,206,15,22,92,23.29,24.84,23.22
hoodie,premium,10.0,budget,US,1625,118,26,133,24.26,27.81,25.3
hoodie,mid,8.5,standard,CN,1442,122,36,232,17.13,20.73,17.82
hoodie,basic,7.0,budget,CN,1597,117,8,98,10.53,13.26,10.37
hoodie,basic,7.0,budget,CN,1784,198,9,97,10.18,10.06,9.48
hoodie,mid,8.5,standard,CN,168,27,33,168,19.24,22.64,18.78
hoodie,premium,10.0,budget,US,340,21,20,112,29.53,33.42,27.46
hoodie,mid,8.5,budget,CN,1989,159,34,334,17.56,20.55,16.41
hoodie,premium,10.0,premium,MX,199,12,20,294,30.22,33.81,31.41
hoodie,mid,8.5,standard,US,620,35,8,71,21.26,25.87,20.26
hoodie,basic,7.0,standard,US,1238,152,8,266,13.78,14.98,12.92
hoodie,basic,7.0,budget,CN,1490,200,29,92,10.21,12.92,10.42
hoodie,mid,8.5,budget,CN,832,45,19,353,15.93,18.76,15.41
hoodie,basic,7.0,premium,CN,1400,200,10,175,12.92,12.89,12.19
hoodie,basic,7.0,premium,CN,1278,160,20,44,12.79,12.69,12.03
hoodie,basic,7.0,standard,CN,849,197,32,217,12.34,12.66,11.44
hoodie,mid,8.5,budget,CN,1034,74,27,281,17.91,20.15,17.03
hoodie,premium,10.0,budget,US,1368,81,33,115,25.51,32.71,26.74
hoodie,basic,7.0,standard,CN,1030,111,41,283,12.16,14.15,11.79
hoodie,basic,7.0,standard,US,1524,77,43,266,12.76,14.84,11.94
hoodie,basic,7.0,standard,US,1961,200,24,196,13.34,13.79,12.55
hoodie,mid,8.5,premium,MX,1980,200,8,123,20.58,22.56,19.64
hoodie,mid,8.5,premium,MX,1146,200,19,216,21.74,22.45,20.52
hoodie,premium,10.0,standard,US,91,12,22,224,30.31,37.23,30.17
hoodie,mid,8.5,standard,US,1957,200,13,215,21.28,21.89,20.27
hoodie,basic,7.0,budget,CN,706,84,17,308,9.97,11.19,10.0
hoodie,mid,8.5,budget,CN,1614,167,12,203,16.15,19.18,15.82
hoodie,mid,8.5,standard,CN,1851,117,33,289,17.4,19.98,18.24
hoodie,basic,7.0,budget,US,1269,105,8,184,12.12,12.93,11.63
hoodie,premium,10.0,premium,CN,384,76,39,140,32.17,38.19,29.99
hoodie,premium,10.0,standard,US,208,51,8,115,28.69,30.29,27.22
hoodie,mid,8.5,budget,CN,717,157,29,359,17.36,20.04,16.09
hoodie,basic,7.0,premium,CN,1342,200,16,268,13.43,15.91,12.5
hoodie,basic,7.0,standard,CN,1882,194,15,64,11.45,13.51,10.94
hoodie,basic,7.0,standard,US,1120,138,10,311,12.28,13.65,11.83
hoodie,premium,10.0,standard,US,554,30,45,307,28.03,31.61,29.37
hoodie,basic,7.0,premium,US,1644,167,8,137,13.18,14.34,12.94
hoodie,basic,7.0,premium,US,1993,200,36,31,14.43,15.18,13.48
hoodie,mid,8.5,standard,MX,1478,110,18,318,18.58,22.51,18.9
hoodie,basic,7.0,standard,CN,626,48,12,257,11.2,12.9,11.13
hoodie,basic,7.0,budget,MX,49,12,11,345,10.48,12.02,10.73
hoodie,mid,8.5,standard,US,1452,200,44,108,20.65,23.31,19.81
hoodie,mid,8.5,standard,CN,1887,200,45,263,17.37,20.17,16.71
hoodie,basic,7.0,budget,CN,51,12,13,78,10.18,11.71,10.24
hoodie,basic,7.0,standard,CN,108,23,43,168,11.12,14.59,11.56
hoodie,basic,7.0,standard,CN,1849,200,22,174,11.98,14.12,11.25
hoodie,basic,7.0,budget,MX,371,68,37,197,10.56,12.06,10.2
hoodie,mid,8.5,standard,CN,123,28,33,180,17.69,21.7,17.49
hoodie,basic,7.0,standard,MX,1834,200,11,282,11.43,13.51,10.63
hoodie,mid,8.5,standard,CN,1242,131,7,263,18.23,21.13,18.88
hoodie,basic,7.0,budget,MX,1484,200,13,312,11.06,13.8,11.27
hoodie,mid,8.5,premium,US,378,74,26,264,23.4,27.05,23.01
hoodie,mid,8.5,standard,CN,1479,128,38,356,16.44,20.05,16.64
hoodie,premium,10.0,standard,MX,34,12,42,300,27.83,36.18,28.62
hoodie,basic,7.0,standard,MX,1514,200,8,295,11.73,12.79,11.19
hoodie,mid,8.5,standard,CN,1283,169,32,224,19.5,22.7,18.25
hoodie,mid,8.5,budget,US,1194,200,30,249,18.71,23.14,18.9
hoodie,mid,8.5,budget,US,247,50,7,21,20.4,23.57,19.28
hoodie,mid,8.5,budget,CN,120,25,38,280,17.19,19.71,16.88
hoodie,mid,8.5,premium,US,1468,200,44,129,22.21,22.43,21.2
hoodie,premium,10.0,premium,US,505,52,24,318,34.84,38.52,33.49
hoodie,mid,8.5,standard,CN,1796,200,18,329,17.94,22.69,18.17
hoodie,mid,8.5,standard,CN,929,71,37,216,18.05,22.48,18.31
hoodie,mid,8.5,standard,CN,939,200,24,269,17.88,18.55,16.95
hoodie,basic,7.0,budget,CN,330,20,34,105,12.06,12.32,11.18
hoodie,basic,7.0,premium,US,821,149,23,190,15.43,16.58,15.76
hoodie,premium,10.0,standard,CN,970,194,23,34,24.16,26.39,24.67
hoodie,mid,8.5,budget,CN,329,34,32,259,16.8,21.08,17.21
hoodie,mid,8.5,premium,CN,151,29,29,121,23.21,24.81,21.69
hoodie,premium,10.0,budget,US,1033,141,20,146,25.48,31.22,25.43
hoodie,mid,8.5,budget,CN,311,71,21,268,15.77,19.8,16.19
hoodie,basic,7.0,budget,US,1683,161,37,41,11.88,12.72,11.48
hoodie,premium,10.0,budget,US,937,48,19,111,26.82,30.86,25.57
hoodie,mid,8.5,standard,CN,1685,200,41,157,16.06,19.91,16.61
hoodie,premium,10.0,standard,US,50,12,21,239,29.26,34.88,28.74
hoodie,mid,8.5,standard,CN,1432,200,37,229,19.12,21.2,17.75
hoodie,basic,7.0,premium,CN,755,84,16,63,13.14,14.89,12.68
hoodie,basic,7.0,standard,US,347,47,8,179,13.23,17.26,13.56
hoodie,premium,10.0,standard,CN,1109,135,20,148,26.29,34.74,27.18
hoodie,basic,7.0,premium,MX,102,12,36,328,13.25,15.94,12.77
hoodie,mid,8.5,budget,CN,787,42,17,62,16.2,19.2,16.22
hoodie,mid,8.5,premium,CN,1659,200,12,362,20.15,23.14,20.12
hoodie,premium,10.0,standard,CN,854,151,9,220,25.15,28.73,25.69
hoodie,basic,7.0,budget,CN,634,136,43,361,10.43,12.48,10.47
hoodie,premium,10.0,budget,MX,1105,129,26,89,25.48,27.66,25.49
hoodie,basic,7.0,standard,US,845,83,35,165,13.19,14.24,12.84
hoodie,basic,7.0,standard,US,39,12,43,192,14.13,15.46,13.5
hoodie,basic,7.0,standard,CN,778,69,37,43,12.06,12.35,11.53
hoodie,mid,8.5,standard,CN,1960,200,20,208,17.29,21.56,17.66
hoodie,basic,7.0,standard,US,1370,200,20,109,12.9,14.12,12.7
hoodie,basic,7.0,premium,CN,897,164,7,63,11.51,12.69,12.06
hoodie,mid,8.5,standard,US,1499,200,8,240,19.86,25.33,20.06
hoodie,basic,7.0,standard,CN,1840,200,19,354,10.86,12.36,10.9
hoodie,premium,10.0,budget,US,907,189,8,320,28.91,33.19,27.04
hoodie,mid,8.5,standard,CN,1969,200,7,160,17.85,19.49,17.61
hoodie,basic,7.0,standard,CN,1201,200,23,266,11.02,13.25,10.8
hoodie,premium,10.0,standard,CN,1635,200,27,80,23.7,27.79,23.13
hoodie,basic,7.0,standard,CN,204,32,35,291,11.19,13.63,11.63
hoodie,mid,8.5,standard,US,936,97,23,195,22.29,24.62,21.1
hoodie,mid,8.5,standard,US,834,68,27,43,22.69,27.23,21.95
hoodie,basic,7.0,standard,MX,1270,200,17,149,11.78,14.9,11.91
hoodie,basic,7.0,standard,CN,1243,144,14,109,11.58,12.78,10.96
hoodie,basic,7.0,standard,CN,117,12,26,228,11.39,11.96,11.39
hoodie,basic,7.0,premium,US,459,66,23,239,13.02,16.45,13.48
hoodie,basic,7.0,budget,MX,388,28,28,36,11.05,13.32,11.27
hoodie,mid,8.5,standard,CN,744,119,33,271,18.9,18.78,17.71
hoodie,mid,8.5,standard,US,667,102,21,124,18.63,22.63,19.26
hoodie,mid,8.5,standard,US,27,12,21,277,20.68,25.7,21.69
hoodie,mid,8.5,standard,US,1642,200,13,29,19.61,22.85,18.48
hoodie,premium,10.0,budget,US,1134,77,30,300,25.57,29.72,26.59
hoodie,mid,8.5,standard,MX,413,96,30,32,17.76,21.13,17.87
hoodie,mid,8.5,standard,CN,1239,117,43,224,19.35,19.94,18.68
hoodie,basic,7.0,budget,MX,662,113,16,319,11.29,13.25,10.84
hoodie,premium,10.0,premium,CN,1882,200,30,22,29.3,31.65,29.16
hoodie,mid,8.5,budget,CN,312,20,19,157,15.66,17.43,16.12
hoodie,mid,8.5,premium,US,1605,200,9,354,24.18,24.26,22.74
hoodie,premium,10.0,standard,CN,1094,176,31,93,25.47,27.25,25.91
hoodie,basic,7.0,budget,CN,1905,200,18,226,10.27,12.52,9.93
hoodie,premium,10.0,standard,US,1725,200,11,233,27.93,29.31,26.92
hoodie,basic,7.0,standard,MX,1727,200,41,55,12.16,14.06,11.73
hoodie,basic,7.0,standard,US,1753,200,21,114,12.37,14.77,12.47
hoodie,mid,8.5,standard,CN,1214,200,15,44,17.49,21.31,17.72
hoodie,mid,8.5,standard,CN,1433,200,45,67,19.46,22.15,18.28
hoodie,mid,8.5,standard,CN,853,189,10,161,16.84,18.46,17.39
hoodie,basic,7.0,standard,MX,1087,80,24,66,12.72,14.65,11.94
hoodie,basic,7.0,standard,CN,1678,200,9,291,10.42,11.46,10.82
hoodie,mid,8.5,premium,US,584,78,27,148,23.4,23.25,22.0
hoodie,basic,7.0,standard,US,1687,200,28,270,13.29,14.86,13.17
hoodie,basic,7.0,standard,CN,1426,200,41,192,10.3,11.96,10.78
hoodie,mid,8.5,budget,CN,649,51,8,162,15.17,18.45,14.66
hoodie,basic,7.0,premium,CN,1406,200,41,161,13.69,15.53,13.06
hoodie,premium,10.0,premium,CN,424,25,32,160,27.06,35.78,28.01
hoodie,mid,8.5,standard,MX,1087,123,7,82,19.37,20.53,18.02
hoodie,mid,8.5,standard,US,819,54,31,212,19.33,22.23,20.33
hoodie,mid,8.5,budget,MX,1679,200,42,318,17.41,19.43,16.12
hoodie,mid,8.5,budget,CN,835,103,17,268,15.68,20.3,16.16
hoodie,mid,8.5,standard,US,295,26,16,179,19.46,21.92,19.99
hoodie,basic,7.0,premium,US,824,178,7,280,14.67,16.89,14.82
hoodie,basic,7.0,budget,CN,766,184,10,187,8.96,10.67,9.42
hoodie,mid,8.5,budget,CN,432,87,19,74,15.6,19.97,15.71
hoodie,mid,8.5,budget,US,330,32,15,77,18.3,20.64,19.04
hoodie,premium,10.0,budget,CN,553,125,21,69,24.46,25.87,23.21
hoodie,basic,7.0,premium,US,1921,200,39,127,16.38,19.13,15.34
hoodie,mid,8.5,standard,US,1818,200,44,292,19.95,26.0,20.58
hoodie,basic,7.0,standard,MX,492,33,38,332,12.77,15.11,12.02
hoodie,mid,8.5,standard,CN,1362,72,9,362,19.08,20.01,17.72
hoodie,mid,8.5,standard,US,1570,200,20,361,20.87,23.71,20.55
hoodie,basic,7.0,premium,CN,735,164,33,123,12.89,13.85,12.65
hoodie,mid,8.5,standard,CN,1308,104,26,165,17.88,20.79,18.5
hoodie,basic,7.0,budget,CN,979,200,42,109,9.6,11.08,9.77
hoodie,mid,8.5,standard,MX,1071,200,17,17,20.37,23.43,20.22
hoodie,basic,7.0,standard,MX,115,17,41,293,13.0,14.17,12.29
hoodie,mid,8.5,budget,CN,1306,188,20,50,17.72,20.37,16.77
hoodie,basic,7.0,standard,US,413,29,15,216,13.7,15.69,12.93
hoodie,premium,10.0,budget,CN,1980,200,7,339,21.25,25.43,22.32
hoodie,basic,7.0,budget,MX,316,53,45,209,10.63,11.84,10.79
hoodie,basic,7.0,standard,MX,1766,200,14,363,11.7,14.79,11.94
hoodie,premium,10.0,standard,CN,1935,200,34,329,28.43,33.45,27.15
hoodie,basic,7.0,budget,CN,1253,200,30,291,11.14,12.82,10.55
hoodie,mid,8.5,standard,CN,1097,165,37,276,21.31,21.82,20.2
hoodie,basic,7.0,standard,CN,1047,179,20,247,11.51,12.57,10.76
hoodie,mid,8.5,budget,US,1801,106,20,123,18.71,20.22,18.2
hoodie,basic,7.0,premium,US,53,12,20,365,15.49,19.81,15.64
hoodie,mid,8.5,premium,US,472,98,42,251,21.27,25.0,21.63
hoodie,basic,7.0,standard,US,1785,200,29,219,13.47,14.97,12.98
hoodie,premium,10.0,budget,MX,1775,200,16,75,24.87,26.28,24.38
hoodie,mid,8.5,budget,CN,1778,200,41,98,17.83,20.76,16.94
hoodie,basic,7.0,budget,MX,1643,152,20,115,10.97,13.05,11.01
hoodie,mid,8.5,standard,CN,1381,200,32,219,17.17,21.5,17.14
hoodie,mid,8.5,premium,MX,218,18,23,348,22.79,24.05,21.59
hoodie,premium,10.0,standard,CN,255,62,26,235,26.71,30.57,27.54
hoodie,basic,7.0,premium,US,1559,151,42,363,14.9,17.73,14.57
hoodie,basic,7.0,standard,CN,1306,200,13,56,11.51,13.04,11.02
hoodie,premium,10.0,standard,MX,1704,200,30,307,27.96,33.71,27.55
hoodie,premium,10.0,budget,CN,1772,200,32,186,23.61,27.7,24.26
hoodie,basic,7.0,standard,CN,1024,126,20,198,11.53,11.74,10.97
hoodie,basic,7.0,standard,MX,1222,145,42,26,12.52,14.93,12.1
hoodie,basic,7.0,standard,CN,1775,134,19,325,10.91,12.33,10.88
hoodie,basic,7.0,budget,US,192,18,13,185,12.23,12.74,11.37
hoodie,basic,7.0,budget,US,539,80,17,52,11.03,14.13,11.61
hoodie,premium,10.0,budget,CN,1937,200,23,249,21.73,28.37,22.82
hoodie,premium,10.0,standard,US,1193,200,28,260,29.6,37.13,29.33
hoodie,basic,7.0,standard,CN,817,114,9,313,10.71,13.69,11.09
hoodie,mid,8.5,standard,CN,910,101,18,43,18.08,19.5,17.95
hoodie,basic,7.0,standard,MX,985,69,30,199,11.37,12.35,11.28
hoodie,mid,8.5,standard,CN,39,12,28,171,21.42,22.65,20.64
hoodie,mid,8.5,standard,CN,1765,200,44,231,18.99,22.29,18.94
hoodie,mid,8.5,standard,MX,1152,154,11,31,17.35,21.72,17.15
hoodie,mid,8.5,premium,CN,1005,200,44,164,21.56,25.33,20.09
hoodie,premium,10.0,standard,CN,581,131,10,100,26.72,30.24,26.35
hoodie,mid,8.5,premium,CN,1242,159,23,185,21.13,23.25,20.41
hoodie,mid,8.5,premium,US,1321,136,35,54,23.26,29.55,23.71
hoodie,premium,10.0,premium,US,1351,77,15,143,30.44,35.15,30.52
hoodie,basic,7.0,standard,CN,1170,200,40,326,11.72,14.91,11.91
hoodie,basic,7.0,premium,CN,740,78,9,260,12.02,14.12,12.04
hoodie,basic,7.0,standard,CN,1919,200,19,109,11.41,14.55,11.42
hoodie,mid,8.5,standard,US,591,125,8,257,20.25,26.37,20.72
hoodie,premium,10.0,budget,US,27,12,31,125,28.21,31.76,29.58
hoodie,mid,8.5,premium,CN,859,104,21,286,20.35,21.77,19.84
hoodie,premium,10.0,premium,CN,981,104,34,150,32.16,36.92,32.12
hoodie,basic,7.0,budget,CN,1780,200,38,114,10.42,11.79,10.17
hoodie,basic,7.0,standard,CN,1627,98,43,159,11.66,14.62,12.24
hoodie,basic,7.0,standard,US,1117,80,45,181,13.44,15.89,13.59
hoodie,mid,8.5,standard,US,1183,200,19,279,20.33,22.46,20.22
hoodie,basic,7.0,standard,CN,1790,200,24,256,11.73,13.54,12.0
hoodie,premium,10.0,premium,US,1394,200,18,223,32.68,38.19,32.6
hoodie,basic,7.0,standard,MX,148,21,41,362,13.23,14.66,12.34
hoodie,basic,7.0,standard,US,1914,132,20,305,12.85,15.43,12.88
hoodie,mid,8.5,budget,CN,1401,98,20,141,17.63,18.96,16.45
hoodie,basic,7.0,standard,US,1619,200,38,310,13.88,16.57,13.84
hoodie,basic,7.0,budget,MX,900,93,38,32,11.2,13.48,11.0
hoodie,mid,8.5,standard,CN,1112,200,39,114,19.0,20.93,18.1
hoodie,basic,7.0,premium,MX,1376,147,7,163,13.92,15.67,13.51
hoodie,mid,8.5,standard,MX,412,30,35,297,18.64,21.88,17.72
hoodie,basic,7.0,standard,CN,194,26,40,180,12.01,13.15,11.83
hoodie,basic,7.0,budget,MX,110,17,43,175,12.11,14.29,11.22
hoodie,basic,7.0,standard,CN,786,107,28,93,11.7,12.06,11.35
hoodie,mid,8.5,budget,CN,1731,200,9,80,14.84,16.34,14.85
hoodie,premium,10.0,premium,CN,363,84,29,218,30.9,36.62,28.72
hoodie,basic,7.0,standard,CN,1239,91,29,154,12.21,12.9,11.75
hoodie,basic,7.0,budget,US,1799,200,45,196,11.24,13.87,10.99
hoodie,basic,7.0,budget,CN,435,28,41,85,10.55,12.33,10.55
hoodie,mid,8.5,budget,US,1107,200,9,304,18.09,21.18,16.82
hoodie,basic,7.0,standard,CN,1476,200,40,197,12.42,13.82,11.66
hoodie,mid,8.5,standard,CN,579,125,28,340,16.82,21.28,17.15
hoodie,basic,7.0,budget,MX,346,50,19,277,10.13,11.85,10.47
hoodie,premium,10.0,standard,CN,403,90,30,345,26.91,31.38,26.79
hoodie,mid,8.5,standard,US,714,164,44,35,21.31,25.8,21.2
hoodie,mid,8.5,standard,CN,646,66,39,246,18.72,20.35,18.04
hoodie,mid,8.5,standard,MX,1074,172,44,72,19.88,21.15,19.56
hoodie,basic,7.0,standard,CN,619,36,28,27,11.5,12.87,10.84
hoodie,basic,7.0,standard,MX,1256,200,20,202,11.02,14.08,11.5
hoodie,basic,7.0,budget,CN,923,189,26,242,10.28,11.86,10.19
hoodie,mid,8.5,standard,US,1814,155,25,74,19.34,23.2,19.58
hoodie,mid,8.5,standard,US,987,170,8,266,19.64,22.41,19.9
hoodie,basic,7.0,premium,CN,1146,200,43,227,13.62,14.7,12.78
hoodie,basic,7.0,standard,US,723,150,38,74,13.96,15.41,14.0
hoodie,premium,10.0,premium,CN,1615,200,35,148,28.24,31.73,29.23
hoodie,mid,8.5,budget,US,327,60,32,198,17.34,20.18,18.1
hoodie,basic,7.0,budget,MX,1310,118,13,268,10.29,13.15,10.35
hoodie,basic,7.0,budget,MX,618,74,28,200,11.23,13.53,10.65
hoodie,basic,7.0,standard,CN,1383,128,30,350,12.09,12.79,12.04
hoodie,mid,8.5,standard,US,1578,81,44,60,20.3,24.56,20.21
hoodie,basic,7.0,budget,CN,206,25,28,362,10.76,12.34,10.43
hoodie,mid,8.5,budget,CN,1163,147,9,329,15.72,17.07,16.02
hoodie,mid,8.5,budget,CN,1204,200,40,273,15.46,18.25,16.08
hoodie,mid,8.5,standard,CN,1248,81,13,203,16.87,18.86,17.35
hoodie,basic,7.0,budget,MX,1475,129,22,125,9.6,12.66,10.05
hoodie,mid,8.5,premium,US,1137,184,35,279,24.14,29.59,23.32
hoodie,mid,8.5,standard,US,1106,121,35,280,20.62,22.69,20.49
hoodie,premium,10.0,premium,US,1672,128,7,292,30.39,32.02,29.89
hoodie,basic,7.0,standard,US,853,116,37,156,14.08,14.73,13.28
hoodie,mid,8.5,budget,CN,1426,200,38,320,15.62,17.94,15.58
hoodie,mid,8.5,standard,CN,215,40,42,256,19.46,21.32,19.01
hoodie,mid,8.5,standard,CN,651,153,23,210,17.06,21.49,17.44
hoodie,mid,8.5,standard,CN,213,45,28,237,17.87,22.95,18.12
hoodie,mid,8.5,standard,CN,1219,200,42,303,17.33,22.35,17.6
hoodie,basic,7.0,standard,MX,1679,200,14,352,12.25,12.62,11.65
hoodie,mid,8.5,standard,CN,1829,200,24,210,17.31,22.49,17.88
hoodie,basic,7.0,budget,MX,1020,195,24,41,10.71,12.25,10.53
hoodie,basic,7.0,premium,US,1091,200,38,270,15.44,17.75,14.42
hoodie,basic,7.0,standard,CN,1663,200,27,359,11.27,13.39,10.87
hoodie,basic,7.0,premium,MX,1053,133,7,41,12.24,15.34,12.32
hoodie,basic,7.0,standard,CN,1558,200,34,147,12.51,14.66,11.63
hoodie,basic,7.0,budget,US,866,61,34,195,11.42,12.88,11.62
hoodie,basic,7.0,budget,CN,204,50,39,234,10.45,11.12,10.47
hoodie,basic,7.0,standard,CN,214,35,40,191,12.32,14.7,11.9
hoodie,basic,7.0,standard,US,507,48,42,177,13.31,14.93,13.66
hoodie,basic,7.0,standard,CN,1802,200,34,224,11.18,14.27,11.45
hoodie,mid,8.5,standard,US,122,25,15,120,23.16,26.44,21.65
hoodie,mid,8.5,premium,CN,1533,200,9,33,19.19,21.23,19.86
hoodie,basic,7.0,standard,CN,1742,200,25,311,10.16,13.27,10.66
hoodie,mid,8.5,standard,MX,744,128,34,62,20.45,21.33,19.4
hoodie,premium,10.0,standard,CN,421,24,7,335,25.58,28.22,25.64
hoodie,basic,7.0,budget,CN,1563,126,15,69,9.58,10.41,9.33
hoodie,mid,8.5,budget,MX,966,69,35,136,16.5,18.53,17.17
hoodie,basic,7.0,standard,CN,392,52,33,193,11.4,13.13,11.93
hoodie,basic,7.0,premium,CN,753,88,8,228,12.44,14.36,12.52
hoodie,premium,10.0,premium,US,1406,138,37,43,35.89,36.98,34.37
hoodie,basic,7.0,premium,CN,1875,200,34,295,12.71,13.43,12.58
hoodie,basic,7.0,budget,MX,1454,200,31,246,10.91,13.12,10.61
hoodie,premium,10.0,standard,US,1654,144,21,132,29.29,35.15,29.69
hoodie,basic,7.0,budget,MX,1808,200,37,42,10.63,11.33,10.36
hoodie,premium,10.0,standard,CN,490,27,24,104,27.39,31.1,26.04
hoodie,mid,8.5,standard,US,1199,65,9,169,22.28,26.68,21.2
hoodie,basic,7.0,standard,US,1058,59,27,64,13.65,15.8,12.99
hoodie,basic,7.0,standard,CN,1589,155,27,260,11.56,12.97,11.58
hoodie,mid,8.5,premium,US,30,12,41,158,25.05,28.65,24.84
hoodie,mid,8.5,budget,US,1635,200,24,239,18.48,19.74,17.49
hoodie,mid,8.5,standard,MX,1155,200,21,122,17.95,20.47,17.75
hoodie,mid,8.5,standard,CN,804,125,36,207,17.35,19.66,17.37
hoodie,basic,7.0,premium,US,509,123,43,136,14.97,17.52,14.41
hoodie,premium,10.0,standard,US,1611,200,42,110,27.43,30.81,26.51
hoodie,basic,7.0,premium,CN,613,109,8,279,12.33,14.58,12.9
hoodie,mid,8.5,standard,MX,1925,200,29,90,17.18,18.96,17.29
hoodie,mid,8.5,standard,US,1384,200,31,202,19.25,23.74,20.23
hoodie,mid,8.5,standard,US,1361,200,18,244,21.25,22.29,20.51
hoodie,basic,7.0,budget,US,1934,200,31,47,10.17,11.5,10.68
hoodie,premium,10.0,premium,CN,1638,154,7,314,29.78,36.09,29.01
hoodie,basic,7.0,standard,MX,1363,195,10,114,10.77,11.7,11.08
hoodie,premium,10.0,premium,CN,1390,200,36,252,30.83,35.77,29.07
hoodie,basic,7.0,standard,US,975,74,31,273,13.15,15.86,13.23
hoodie,mid,8.5,standard,CN,846,94,8,265,18.01,22.17,17.44
hoodie,basic,7.0,standard,US,1177,200,44,99,13.27,15.94,12.52
hoodie,basic,7.0,budget,CN,1924,200,43,353,10.67,12.67,10.81
hoodie,mid,8.5,budget,CN,116,12,29,68,17.49,19.19,16.75
hoodie,mid,8.5,standard,CN,272,43,14,264,16.3,19.1,16.56
hoodie,premium,10.0,standard,CN,1268,123,28,349,25.96,30.7,25.95
hoodie,mid,8.5,budget,CN,743,58,9,55,15.61,18.53,16.29
hoodie,basic,7.0,standard,CN,277,22,38,71,10.93,11.72,10.67
hoodie,basic,7.0,budget,CN,1309,85,42,258,9.41,11.8,9.85
hoodie,mid,8.5,standard,US,1536,200,37,205,20.09,21.78,19.99
hoodie,basic,7.0,standard,CN,1613,200,38,143,11.3,12.79,11.7
hoodie,basic,7.0,standard,US,1385,200,25,202,13.68,14.04,12.98
hoodie,basic,7.0,standard,CN,967,147,28,18,12.86,13.99,12.56
hoodie,mid,8.5,premium,US,789,171,10,175,22.11,26.03,21.17
hoodie,mid,8.5,standard,US,442,28,15,356,20.33,23.09,20.55
hoodie,basic,7.0,standard,CN,1449,94,28,267,12.28,12.39,11.41
hoodie,mid,8.5,standard,CN,1526,200,31,316,17.38,20.86,17.41
hoodie,premium,10.0,budget,US,1277,129,19,309,25.37,30.72,24.1
hoodie,mid,8.5,standard,US,689,36,43,153,21.84,24.45,20.41
hoodie,basic,7.0,premium,US,148,30,11,22,15.88,17.16,15.46
hoodie,basic,7.0,budget,MX,1222,97,7,68,10.35,11.45,9.82
hoodie,premium,10.0,standard,MX,1276,200,14,123,27.41,30.32,26.71
hoodie,premium,10.0,standard,US,1107,123,39,338,26.41,33.37,27.47
hoodie,basic,7.0,budget,US,963,119,10,343,12.63,14.93,11.92
hoodie,basic,7.0,budget,CN,1729,200,27,159,9.73,12.62,10.02
hoodie,premium,10.0,premium,CN,724,138,31,332,30.88,31.69,30.15
hoodie,mid,8.5,budget,US,935,92,25,131,19.22,20.46,19.22
hoodie,premium,10.0,standard,CN,722,156,23,255,24.79,31.92,25.91
hoodie,premium,10.0,standard,US,182,12,43,197,29.91,33.17,30.69
hoodie,basic,7.0,standard,US,199,39,7,101,12.71,14.44,12.69
hoodie,basic,7.0,standard,CN,918,92,12,284,11.53,12.01,10.8
hoodie,basic,7.0,standard,CN,915,117,7,85,12.54,13.19,11.72
hoodie,basic,7.0,standard,CN,679,108,35,345,11.86,13.92,11.44
hoodie,mid,8.5,standard,US,1466,169,26,317,20.32,25.43,21.06
hoodie,mid,8.5,budget,US,1218,200,24,271,17.98,19.61,18.65
hoodie,basic,7.0,premium,CN,1994,200,32,309,11.87,13.72,12.21
hoodie,basic,7.0,budget,CN,357,76,8,69,10.72,10.92,10.06
hoodie,mid,8.5,standard,MX,644,122,34,330,18.01,21.45,17.97
hoodie,mid,8.5,standard,US,325,46,45,77,21.08,26.43,21.08
hoodie,basic,7.0,standard,CN,233,54,26,153,11.06,11.25,10.28
hoodie,basic,7.0,budget,US,1365,75,13,64,10.88,13.41,10.7
hoodie,basic,7.0,standard,US,1722,200,17,134,12.4,14.02,11.52
hoodie,basic,7.0,standard,MX,1529,200,32,103,11.62,12.27,11.48
hoodie,basic,7.0,standard,MX,45,12,27,140,13.2,15.96,13.6
hoodie,basic,7.0,budget,CN,942,136,8,173,10.15,12.0,9.85
hoodie,mid,8.5,standard,CN,1378,200,41,266,18.6,21.5,18.57
hoodie,basic,7.0,standard,MX,1820,200,38,263,11.08,13.31,11.54
hoodie,basic,7.0,standard,CN,1751,200,8,137,10.68,11.41,10.7
hoodie,mid,8.5,premium,US,1569,200,38,88,21.21,26.76,21.0
hoodie,basic,7.0,budget,CN,734,79,11,237,10.22,11.69,9.85
hoodie,mid,8.5,premium,CN,1566,200,21,311,19.57,20.69,18.8
hoodie,mid,8.5,premium,US,371,77,39,309,23.91,25.08,23.05
hoodie,mid,8.5,standard,US,898,137,37,34,21.65,23.09,20.93
hoodie,premium,10.0,standard,CN,1357,130,40,328,24.69,29.52,25.71
hoodie,mid,8.5,budget,US,190,34,27,141,18.98,19.97,18.78
hoodie,basic,7.0,standard,CN,1775,200,7,267,12.33,14.5,11.53
hoodie,mid,8.5,standard,CN,1273,200,32,115,18.01,20.8,17.84
hoodie,mid,8.5,standard,CN,1599,102,41,19,18.99,22.87,18.45
hoodie,mid,8.5,standard,CN,594,118,17,203,17.35,19.12,17.46
hoodie,mid,8.5,budget,US,95,18,11,193,19.15,19.81,18.42
hoodie,mid,8.5,premium,US,228,12,33,268,22.44,25.68,23.28
hoodie,premium,10.0,premium,US,494,64,29,323,34.38,40.68,34.98
hoodie,mid,8.5,premium,CN,316,24,23,82,20.08,23.98,19.28
hoodie,mid,8.5,standard,US,1992,200,19,361,18.59,20.51,19.2
hoodie,basic,7.0,standard,CN,1102,200,43,131,11.74,13.33,11.06
hoodie,mid,8.5,premium,MX,680,153,14,50,20.54,22.16,20.03
hoodie,premium,10.0,premium,CN,470,30,26,324,29.11,38.08,29.8
hoodie,basic,7.0,budget,US,1120,168,17,137,11.34,12.76,10.78
hoodie,basic,7.0,premium,CN,79,12,41,62,13.26,16.87,13.92
hoodie,basic,7.0,premium,US,1489,102,9,36,14.19,14.38,13.62
hoodie,basic,7.0,budget,CN,1085,111,34,46,10.47,12.02,10.25
hoodie,mid,8.5,standard,CN,401,80,25,304,15.71,19.86,16.51
hoodie,premium,10.0,budget,US,1344,150,38,144,26.42,30.3,27.05
hoodie,basic,7.0,standard,CN,160,35,8,164,11.47,12.72,11.61
hoodie,basic,7.0,standard,US,1991,200,43,169,13.52,15.86,12.95
hoodie,premium,10.0,standard,CN,286,53,45,196,27.18,30.07,28.11
hoodie,basic,7.0,standard,MX,1480,200,45,300,11.62,13.81,11.37
hoodie,premium,10.0,premium,MX,1030,138,35,203,31.86,33.22,30.77
hoodie,basic,7.0,standard,CN,1116,200,21,328,12.12,12.76,11.74
hoodie,basic,7.0,standard,US,104,12,14,314,13.94,16.09,13.02
hoodie,basic,7.0,standard,US,959,200,21,157,13.67,16.15,13.37
hoodie,mid,8.5,premium,US,1371,178,26,360,21.36,24.92,21.46
hoodie,basic,7.0,standard,CN,419,96,13,290,10.59,12.31,10.8
hoodie,basic,7.0,standard,CN,596,128,45,111,11.64,12.6,11.22
hoodie,basic,7.0,standard,US,1082,122,33,247,13.68,15.49,12.7
hoodie,premium,10.0,budget,US,752,67,42,350,29.23,35.17,29.33
hoodie,mid,8.5,standard,CN,1404,159,25,32,19.46,21.21,18.15
hoodie,mid,8.5,standard,CN,983,186,39,283,18.03,22.54,18.56
hoodie,mid,8.5,premium,CN,1661,118,9,33,17.14,21.3,17.7
hoodie,premium,10.0,budget,MX,1573,200,38,48,23.63,28.25,24.52
hoodie,mid,8.5,standard,MX,56,12,24,62,18.09,22.96,18.98
hoodie,basic,7.0,standard,MX,1015,67,33,145,12.8,13.64,12.19
hoodie,premium,10.0,standard,CN,1449,147,42,226,26.03,28.43,26.98
hoodie,basic,7.0,standard,US,1619,85,22,94,13.33,14.18,12.87
hoodie,mid,8.5,standard,CN,300,33,31,351,17.54,22.0,17.21
hoodie,premium,10.0,standard,CN,550,93,10,123,26.94,35.09,27.5
hoodie,mid,8.5,standard,CN,1243,200,39,316,18.08,22.86,18.38
hoodie,basic,7.0,standard,MX,603,133,14,67,11.91,14.38,11.72
hoodie,basic,7.0,budget,CN,196,41,29,208,10.04,12.84,10.43
hoodie,basic,7.0,standard,US,190,43,37,43,13.48,14.62,13.35
hoodie,mid,8.5,standard,US,805,170,37,165,23.62,28.48,22.38
hoodie,mid,8.5,budget,US,307,34,16,119,19.4,20.21,18.78
hoodie,mid,8.5,premium,CN,1335,103,31,19,19.01,22.11,19.35
hoodie,mid,8.5,budget,US,92,12,15,104,19.33,21.45,18.69
hoodie,premium,10.0,standard,CN,1962,193,30,116,25.81,27.94,24.89
hoodie,basic,7.0,budget,CN,863,61,27,356,9.58,10.52,9.72
hoodie,mid,8.5,budget,US,588,129,28,175,18.96,23.12,18.07
hoodie,basic,7.0,premium,CN,847,132,30,44,13.39,15.23,12.68
hoodie,premium,10.0,budget,CN,417,31,29,298,24.58,28.34,25.08
hoodie,basic,7.0,budget,US,1396,200,28,344,11.93,12.98,11.15
hoodie,basic,7.0,standard,MX,1388,200,44,365,12.27,13.72,11.89
hoodie,basic,7.0,budget,US,1642,200,15,197,11.38,12.45,11.23
hoodie,mid,8.5,budget,US,824,84,44,139,17.96,22.07,17.86
hoodie,basic,7.0,budget,CN,1188,185,39,83,10.55,11.64,10.08
hoodie,mid,8.5,premium,CN,1042,148,21,301,20.37,21.99,19.69
hoodie,mid,8.5,budget,US,231,18,8,144,19.91,21.35,18.87
hoodie,basic,7.0,standard,CN,214,43,10,307,12.21,15.14,11.86
hoodie,basic,7.0,premium,CN,1547,155,8,239,12.57,15.21,12.12
hoodie,basic,7.0,standard,US,437,32,32,43,13.37,16.06,13.39
hoodie,basic,7.0,standard,CN,1443,200,26,140,10.2,11.53,10.37
hoodie,basic,7.0,standard,US,757,61,22,232,12.99,14.53,12.25
hoodie,basic,7.0,standard,CN,562,65,26,323,11.98,13.89,12.03
hoodie,mid,8.5,budget,CN,943,183,13,266,15.02,18.52,15.21
hoodie,mid,8.5,budget,MX,1518,108,21,81,16.16,18.64,16.96
hoodie,premium,10.0,standard,US,1388,200,37,212,29.34,36.2,29.25
hoodie,mid,8.5,standard,US,591,145,24,213,20.7,22.35,20.26
hoodie,basic,7.0,budget,CN,57,12,15,81,11.11,11.43,10.8
hoodie,mid,8.5,budget,CN,1328,156,29,100,18.84,20.22,17.56
hoodie,premium,10.0,standard,CN,1011,200,18,119,24.28,27.21,24.49
hoodie,premium,10.0,budget,CN,1333,200,36,113,25.86,28.62,24.05
hoodie,mid,8.5,standard,US,188,40,29,75,21.04,22.83,21.74
hoodie,basic,7.0,budget,CN,552,48,23,281,10.72,13.2,10.72
hoodie,mid,8.5,budget,US,1042,66,29,257,18.88,19.86,17.55
hoodie,basic,7.0,standard,US,423,26,36,127,13.26,16.54,13.86
hoodie,mid,8.5,standard,MX,1765,200,21,67,16.71,20.73,16.23
hoodie,premium,10.0,budget,US,200,39,40,188,29.62,34.3,28.49
hoodie,premium,10.0,standard,US,1723,200,8,283,29.17,30.13,28.58
hoodie,mid,8.5,standard,MX,378,20,37,57,20.02,23.86,19.51
hoodie,basic,7.0,budget,CN,1246,200,27,305,9.63,11.13,10.08
hoodie,basic,7.0,standard,MX,1296,200,40,251,12.89,12.95,12.25
hoodie,basic,7.0,budget,CN,1941,200,41,43,11.1,13.1,10.45
hoodie,basic,7.0,budget,MX,713,37,24,76,10.98,12.7,10.8
hoodie,mid,8.5,standard,CN,1459,200,27,188,17.46,22.45,17.57
hoodie,mid,8.5,standard,CN,223,24,9,165,18.08,21.08,18.41
hoodie,basic,7.0,standard,US,937,80,34,187,13.74,14.35,12.86
hoodie,mid,8.5,budget,CN,1649,200,21,347,15.12,20.08,15.82
hoodie,basic,7.0,standard,CN,242,35,31,147,12.1,13.44,11.3
hoodie,basic,7.0,standard,US,611,43,31,243,14.3,16.59,13.77
hoodie,mid,8.5,standard,US,1531,200,30,286,20.11,21.78,20.41
hoodie,mid,8.5,budget,CN,1347,200,34,248,15.93,19.09,16.56
hoodie,basic,7.0,standard,CN,1126,193,27,124,10.76,14.31,11.25
hoodie,basic,7.0,budget,CN,1752,125,24,196,9.49,9.84,8.87
hoodie,basic,7.0,premium,US,1144,60,35,15,13.53,15.84,13.36
hoodie,basic,7.0,budget,CN,1067,200,30,215,10.82,12.33,10.4
hoodie,mid,8.5,premium,MX,1609,200,21,356,22.2,24.62,21.26
hoodie,basic,7.0,standard,MX,1041,76,30,213,12.87,14.69,13.27
hoodie,basic,7.0,standard,CN,962,175,43,192,11.03,12.62,11.43
hoodie,mid,8.5,budget,CN,1613,200,8,17,16.84,17.84,15.83
hoodie,mid,8.5,standard,US,859,155,9,119,19.72,20.55,18.48
hoodie,mid,8.5,premium,US,1708,200,28,348,22.84,25.64,21.85
hoodie,mid,8.5,standard,CN,1784,200,35,28,18.34,19.98,17.4
hoodie,basic,7.0,budget,US,797,55,24,136,10.81,12.53,10.28
hoodie,basic,7.0,premium,CN,1024,200,25,114,13.29,15.86,13.2
hoodie,mid,8.5,premium,US,806,78,36,237,24.12,27.71,23.83
hoodie,basic,7.0,budget,CN,690,69,30,270,10.13,11.37,10.49
hoodie,mid,8.5,standard,CN,654,41,17,264,18.2,22.54,18.52
hoodie,mid,8.5,standard,CN,379,50,23,365,16.72,18.91,17.4
hoodie,basic,7.0,budget,US,1805,200,40,95,11.66,14.31,11.55
hoodie,basic,7.0,premium,MX,1380,200,25,153,12.87,16.08,13.08
hoodie,basic,7.0,premium,CN,1014,65,24,70,11.9,13.3,11.89
hoodie,basic,7.0,standard,CN,497,82,13,219,12.02,13.04,11.49
hoodie,mid,8.5,standard,MX,1636,200,35,218,19.01,23.73,19.01
hoodie,mid,8.5,standard,CN,1176,141,7,270,17.54,20.4,16.38
hoodie,basic,7.0,standard,CN,699,158,18,50,12.1,13.8,11.86
hoodie,basic,7.0,standard,US,1023,200,36,198,13.11,14.47,13.3
hoodie,basic,7.0,standard,MX,1159,141,9,226,12.12,14.46,11.99
hoodie,mid,8.5,standard,CN,1429,150,10,208,17.92,21.2,18.51
hoodie,premium,10.0,budget,US,101,12,12,145,27.21,32.95,27.92
hoodie,premium,10.0,budget,CN,65,14,13,71,25.83,30.6,25.42
hoodie,basic,7.0,budget,US,1114,127,40,269,11.66,13.71,12.02
hoodie,basic,7.0,budget,CN,868,149,23,191,11.21,11.47,10.44
hoodie,basic,7.0,standard,CN,1196,200,19,346,10.94,12.6,11.15
hoodie,basic,7.0,standard,MX,1289,175,22,350,12.13,13.51,11.5
hoodie,mid,8.5,standard,US,1837,200,34,354,18.62,24.37,19.23
hoodie,basic,7.0,budget,CN,276,46,44,70,11.5,12.37,10.76
hoodie,basic,7.0,standard,CN,1259,140,37,229,12.17,13.93,11.54
hoodie,mid,8.5,budget,MX,1100,200,14,262,17.01,19.37,16.85
hoodie,mid,8.5,premium,US,1840,200,12,16,24.1,25.37,23.76
hoodie,mid,8.5,standard,US,1295,145,15,18,21.33,22.93,19.86
hoodie,basic,7.0,budget,US,1613,200,30,340,11.86,14.69,11.91
hoodie,basic,7.0,standard,US,1505,156,18,91,12.82,14.7,12.81
hoodie,basic,7.0,standard,CN,1257,116,29,32,11.13,12.51,11.13
hoodie,mid,8.5,budget,CN,591,31,10,343,16.77,21.11,16.93
hoodie,mid,8.5,premium,US,159,29,17,45,24.34,26.24,23.23
hoodie,mid,8.5,standard,CN,1581,200,45,122,18.21,20.25,18.54
hoodie,basic,7.0,standard,US,1950,200,45,252,13.89,14.22,12.97
hoodie,basic,7.0,standard,US,983,144,42,103,13.07,15.92,13.17
hoodie,premium,10.0,budget,CN,1806,200,21,264,21.41,24.11,22.34
hoodie,basic,7.0,premium,US,716,81,42,68,16.43,16.73,15.33
hoodie,basic,7.0,standard,US,720,164,22,311,12.63,14.52,13.07
hoodie,mid,8.5,budget,MX,309,74,29,44,15.44,20.11,16.04
hoodie,mid,8.5,budget,CN,536,87,34,94,17.34,21.11,16.84
hoodie,mid,8.5,premium,CN,1688,200,19,124,19.89,20.04,18.8
hoodie,basic,7.0,premium,CN,1795,105,35,71,13.71,15.24,13.78
hoodie,mid,8.5,standard,CN,971,178,12,161,18.12,23.01,18.86
hoodie,basic,7.0,standard,CN,388,22,32,348,10.95,12.83,11.52
hoodie,basic,7.0,standard,US,1820,169,24,162,13.67,15.8,12.93
hoodie,mid,8.5,standard,CN,1229,84,16,94,19.23,21.55,18.63
hoodie,basic,7.0,premium,US,1986,200,39,136,14.48,15.21,14.34
hoodie,mid,8.5,premium,CN,1909,200,41,177,20.35,24.43,20.8
hoodie,basic,7.0,budget,CN,114,19,10,354,11.18,11.72,10.83
hoodie,mid,8.5,premium,US,1346,200,35,183,22.42,26.07,22.15
hoodie,basic,7.0,standard,CN,81,12,24,229,11.98,14.86,12.24
hoodie,mid,8.5,standard,US,1640,200,33,284,20.13,23.3,20.36
hoodie,basic,7.0,budget,CN,665,99,27,48,10.32,10.91,10.15
hoodie,mid,8.5,premium,CN,835,136,31,197,18.53,22.75,18.47
hoodie,basic,7.0,standard,CN,1336,200,21,126,10.69,11.78,10.79
hoodie,mid,8.5,standard,US,1081,109,15,59,20.48,22.7,21.19
hoodie,basic,7.0,standard,CN,1904,200,30,115,11.82,14.19,12.22
hoodie,basic,7.0,budget,US,608,47,34,171,11.66,13.03,12.2
hoodie,mid,8.5,budget,CN,1234,199,14,22,16.47,20.19,16.87
hoodie,basic,7.0,premium,CN,1399,123,16,99,13.29,14.83,12.32
hoodie,premium,10.0,standard,CN,1863,142,23,27,25.94,30.9,25.78
hoodie,mid,8.5,standard,CN,1260,76,41,253,18.36,21.64,18.58
hoodie,mid,8.5,standard,US,128,30,35,272,24.12,28.02,24.38
hoodie,basic,7.0,standard,CN,1433,200,34,364,10.96,12.94,11.07
hoodie,mid,8.5,premium,US,1547,187,8,285,21.62,23.77,21.09
hoodie,mid,8.5,budget,CN,1001,200,31,208,17.47,17.7,16.35
hoodie,basic,7.0,premium,MX,1024,101,26,225,13.66,15.38,12.93
hoodie,basic,7.0,premium,US,1515,200,36,104,14.75,17.87,14.28
hoodie,premium,10.0,standard,CN,240,14,13,166,26.79,27.39,25.6
hoodie,basic,7.0,standard,CN,1076,138,39,295,11.61,13.22,11.41
hoodie,premium,10.0,premium,MX,581,141,45,144,31.07,35.77,29.65
hoodie,mid,8.5,standard,MX,1886,200,12,280,18.55,19.41,17.6
hoodie,basic,7.0,budget,US,1174,200,21,349,10.84,12.45,11.25
hoodie,basic,7.0,standard,CN,1542,135,37,229,12.17,12.68,11.56
hoodie,premium,10.0,standard,US,1632,162,42,15,29.13,30.5,28.08
hoodie,premium,10.0,budget,US,814,75,39,201,28.36,31.36,27.66
hoodie,basic,7.0,premium,CN,521,110,32,340,12.66,13.79,12.94
hoodie,mid,8.5,standard,US,388,25,38,37,21.88,23.79,21.76
hoodie,mid,8.5,budget,CN,737,125,22,64,16.8,19.9,16.64
hoodie,basic,7.0,standard,CN,1436,75,7,67,10.13,12.2,10.55
hoodie,premium,10.0,premium,CN,1834,169,18,164,27.44,29.87,26.93
hoodie,basic,7.0,premium,MX,1888,200,14,204,12.45,15.0,12.58
hoodie,basic,7.0,premium,US,144,33,42,245,16.4,18.98,16.19
hoodie,basic,7.0,budget,MX,546,33,22,350,11.39,13.54,10.71
hoodie,basic,7.0,standard,US,1188,200,18,118,12.69,15.32,12.7
hoodie,basic,7.0,premium,CN,1807,200,18,149,12.72,13.75,12.16
hoodie,mid,8.5,standard,US,764,60,9,97,19.23,22.94,19.94
hoodie,mid,8.5,standard,MX,364,56,20,99,19.54,19.95,18.66
hoodie,basic,7.0,budget,CN,1669,200,36,288,9.85,12.09,10.18
hoodie,basic,7.0,budget,CN,411,62,23,100,10.06,12.33,10.35
hoodie,basic,7.0,standard,CN,1677,200,28,120,10.77,14.32,11.3
hoodie,basic,7.0,standard,US,183,31,24,52,13.73,13.69,13.03
hoodie,basic,7.0,standard,US,1146,124,38,242,14.21,15.75,13.51
hoodie,basic,7.0,standard,CN,126,24,42,349,12.7,15.25,12.69
hoodie,mid,8.5,standard,US,1069,103,27,17,21.62,23.33,20.26
hoodie,mid,8.5,standard,US,931,91,15,294,22.1,23.9,21.64
hoodie,basic,7.0,budget,US,1563,127,19,144,12.35,14.42,11.58
hoodie,mid,8.5,budget,US,1290,200,30,29,18.08,21.84,18.86
hoodie,mid,8.5,budget,CN,1972,200,11,59,16.27,17.45,15.69
hoodie,basic,7.0,premium,CN,925,151,39,298,12.74,16.66,13.12
hoodie,mid,8.5,premium,US,942,186,45,26,24.19,29.55,24.47
hoodie,premium,10.0,standard,MX,1371,200,43,45,30.47,35.62,28.75
hoodie,basic,7.0,standard,CN,1654,200,36,238,11.28,14.68,11.76
hoodie,basic,7.0,standard,CN,1536,85,37,33,11.34,12.23,11.46
hoodie,premium,10.0,premium,MX,980,197,9,80,29.52,33.54,28.48
hoodie,basic,7.0,premium,MX,1985,190,35,272,12.34,13.6,12.44
hoodie,basic,7.0,standard,US,748,132,18,286,13.48,15.27,13.17
hoodie,basic,7.0,standard,CN,1046,88,36,101,12.0,13.12,11.63
hoodie,mid,8.5,standard,MX,57,12,23,29,19.81,22.75,19.24
hoodie,basic,7.0,standard,CN,1487,200,40,171,10.93,13.05,11.3
hoodie,mid,8.5,budget,CN,1505,200,29,81,16.9,19.34,16.43
hoodie,mid,8.5,standard,US,854,71,16,256,23.02,27.14,21.76
hoodie,premium,10.0,premium,CN,1316,107,13,224,27.55,34.49,28.06
hoodie,basic,7.0,standard,US,297,20,32,114,14.14,15.05,13.14
hoodie,basic,7.0,standard,US,1106,178,18,125,12.47,13.77,12.35
hoodie,basic,7.0,standard,US,1492,109,26,118,12.23,14.75,12.74
hoodie,basic,7.0,standard,CN,625,155,28,258,11.37,14.47,11.7
hoodie,mid,8.5,standard,US,637,54,26,207,20.48,22.68,21.09
hoodie,premium,10.0,standard,CN,1565,200,18,142,25.71,30.86,26.04
hoodie,premium,10.0,premium,US,380,38,20,179,37.36,39.87,35.09
hoodie,mid,8.5,premium,CN,762,74,7,45,20.1,21.15,19.05
hoodie,premium,10.0,standard,MX,1657,200,24,259,26.85,30.89,27.38
hoodie,mid,8.5,premium,US,376,38,19,53,24.67,26.3,24.3
hoodie,basic,7.0,budget,CN,1970,192,37,287,10.05,11.35,10.34
hoodie,basic,7.0,premium,CN,170,39,33,20,13.35,15.14,12.77
hoodie,basic,7.0,budget,CN,1681,200,33,138,11.31,11.51,10.62
hoodie,premium,10.0,budget,US,1894,200,9,211,25.18,31.2,25.05
hoodie,basic,7.0,budget,US,1215,62,13,98,11.84,13.07,12.33
hoodie,premium,10.0,standard,CN,408,94,37,98,30.76,34.22,29.14
hoodie,mid,8.5,premium,MX,1072,200,15,71,20.45,26.01,21.29
hoodie,mid,8.5,budget,CN,786,45,36,330,16.48,19.61,16.49
hoodie,mid,8.5,premium,MX,1059,200,17,30,19.89,22.43,20.17
hoodie,basic,7.0,budget,US,999,94,38,100,12.14,14.45,11.46
hoodie,basic,7.0,premium,CN,1210,149,40,178,12.74,14.19,12.62
hoodie,mid,8.5,standard,CN,1858,200,38,325,17.3,17.79,16.84
hoodie,basic,7.0,standard,CN,985,179,45,342,11.84,13.62,11.76
hoodie,mid,8.5,budget,CN,780,130,45,153,16.14,17.77,15.83
hoodie,mid,8.5,premium,MX,495,81,22,188,20.15,23.57,20.83
hoodie,mid,8.5,standard,MX,1320,200,34,21,18.75,21.14,18.67
hoodie,mid,8.5,premium,CN,829,44,38,181,19.56,22.72,20.34
hoodie,basic,7.0,standard,CN,802,89,25,67,11.88,12.06,11.17
hoodie,basic,7.0,standard,US,149,22,45,338,12.96,14.87,13.35
hoodie,basic,7.0,standard,US,1589,200,44,183,13.35,16.63,13.24
hoodie,premium,10.0,premium,CN,1609,200,36,128,31.34,36.42,29.92
hoodie,mid,8.5,standard,MX,701,45,17,183,18.63,22.09,17.8
hoodie,basic,7.0,standard,CN,1756,200,12,351,10.59,12.66,10.91
hoodie,mid,8.5,premium,MX,1297,135,34,181,20.8,25.41,21.29
hoodie,mid,8.5,standard,US,1222,200,43,329,21.46,23.46,21.1
hoodie,basic,7.0,budget,CN,562,113,28,306,11.2,11.64,10.44
hoodie,basic,7.0,standard,US,987,200,21,292,13.69,15.97,12.77
hoodie,basic,7.0,budget,US,354,61,33,50,12.16,14.24,11.65
hoodie,basic,7.0,budget,US,750,58,32,139,12.13,13.87,11.91
hoodie,mid,8.5,standard,MX,1092,93,31,192,19.64,20.14,18.42
hoodie,basic,7.0,standard,US,612,43,11,260,14.28,14.51,13.23
hoodie,mid,8.5,premium,US,498,30,30,163,22.97,25.24,22.55
hoodie,basic,7.0,premium,US,905,55,18,360,13.78,17.73,14.08
hoodie,mid,8.5,standard,US,1426,200,9,311,19.57,23.71,19.49
hoodie,mid,8.5,standard,US,1949,200,36,246,19.21,21.34,19.03
hoodie,basic,7.0,standard,US,1838,113,23,272,13.06,16.41,13.15
hoodie,basic,7.0,standard,US,1538,200,13,39,12.15,13.44,12.17
hoodie,basic,7.0,standard,CN,1563,120,22,110,11.45,11.81,10.76
hoodie,mid,8.5,premium,US,662,162,40,175,22.74,26.01,23.48
hoodie,basic,7.0,premium,CN,890,47,35,158,12.16,15.69,12.26
hoodie,mid,8.5,budget,US,1694,200,34,94,21.57,23.67,20.07
hoodie,basic,7.0,premium,US,1378,106,44,246,13.62,15.61,14.0
hoodie,basic,7.0,standard,CN,1003,200,29,99,12.36,13.33,11.76
hoodie,mid,8.5,standard,US,1598,115,30,293,20.96,27.18,21.29
hoodie,mid,8.5,premium,CN,1236,200,44,167,20.74,22.51,19.98
hoodie,mid,8.5,standard,CN,1459,200,27,215,17.68,20.01,17.89
hoodie,basic,7.0,standard,US,512,110,7,29,14.0,16.78,13.16
hoodie,premium,10.0,standard,US,794,118,30,183,31.59,36.49,29.64
hoodie,mid,8.5,standard,US,1024,173,29,37,21.48,24.49,20.04
hoodie,mid,8.5,standard,CN,892,132,28,36,18.4,20.86,17.23
hoodie,basic,7.0,standard,CN,1389,90,37,30,11.67,11.66,11.0
hoodie,basic,7.0,standard,CN,478,87,7,263,10.91,13.63,11.29
hoodie,basic,7.0,premium,US,741,108,18,263,14.48,16.71,13.89
hoodie,basic,7.0,budget,MX,1175,200,38,365,10.11,10.89,10.17
hoodie,basic,7.0,budget,US,1883,200,40,274,11.75,12.81,11.3
hoodie,basic,7.0,standard,MX,1785,200,42,312,13.22,14.48,12.27
hoodie,basic,7.0,standard,CN,819,82,7,188,11.04,13.73,11.0
hoodie,basic,7.0,budget,US,709,94,19,109,12.6,14.92,11.8
hoodie,mid,8.5,standard,US,1268,165,44,79,22.79,24.63,21.35
hoodie,mid,8.5,standard,CN,1744,200,31,310,18.36,21.53,18.55
hoodie,mid,8.5,standard,CN,1267,200,19,57,17.28,21.26,17.8
hoodie,basic,7.0,budget,CN,1193,200,18,106,10.57,12.2,10.01
hoodie,basic,7.0,budget,US,33,12,15,261,11.07,13.53,11.64
hoodie,basic,7.0,budget,US,1265,86,39,231,12.23,13.59,11.33
hoodie,mid,8.5,standard,CN,733,69,31,16,18.34,20.65,18.27
hoodie,mid,8.5,standard,CN,747,110,30,214,18.12,22.5,18.35
hoodie,mid,8.5,premium,US,28,12,7,32,22.77,29.24,23.91
hoodie,basic,7.0,standard,CN,1477,200,31,119,10.7,13.01,10.78
hoodie,basic,7.0,standard,CN,871,57,42,277,12.95,14.36,12.23
hoodie,mid,8.5,standard,CN,1713,200,44,182,20.92,24.7,19.41
hoodie,mid,8.5,standard,US,434,101,11,66,20.37,24.63,21.21
hoodie,mid,8.5,premium,CN,453,80,34,211,20.02,24.31,20.0
hoodie,mid,8.5,standard,CN,1063,68,22,95,17.99,19.19,18.24
hoodie,basic,7.0,standard,CN,1276,76,18,355,10.54,13.67,10.69
hoodie,mid,8.5,standard,CN,472,56,19,355,17.4,19.99,17.71
hoodie,mid,8.5,standard,CN,1435,166,35,64,17.36,21.6,17.46
hoodie,mid,8.5,standard,CN,136,16,39,246,19.25,22.7,18.49
hoodie,basic,7.0,budget,US,1774,200,41,323,11.67,14.45,11.71
hoodie,mid,8.5,standard,MX,1064,160,17,16,19.19,21.53,18.7
hoodie,basic,7.0,standard,MX,528,68,12,223,12.0,14.8,11.91
hoodie,basic,7.0,premium,CN,366,88,31,69,13.11,14.84,12.58
hoodie,mid,8.5,premium,MX,1984,151,26,301,20.0,21.8,19.5
hoodie,mid,8.5,standard,CN,549,108,27,248,18.31,22.24,18.29
hoodie,basic,7.0,standard,CN,1754,200,28,22,11.58,13.59,10.78
hoodie,mid,8.5,standard,CN,210,39,45,191,18.09,20.51,18.68
hoodie,mid,8.5,premium,CN,1631,200,44,110,18.18,20.57,19.1
hoodie,mid,8.5,budget,US,1329,188,33,210,18.52,22.38,18.46
hoodie,mid,8.5,budget,US,1942,200,7,356,17.75,20.92,16.63
hoodie,premium,10.0,standard,US,1152,200,13,48,29.3,36.31,29.14
hoodie,basic,7.0,budget,CN,360,85,19,345,9.68,10.84,9.79
hoodie,basic,7.0,premium,CN,765,102,7,249,11.77,14.22,11.83
hoodie,basic,7.0,premium,CN,1743,200,19,315,12.23,13.57,12.08
hoodie,basic,7.0,standard,CN,1255,123,32,142,13.42,13.82,12.43
hoodie,basic,7.0,standard,US,1115,166,22,352,12.83,16.39,12.88
hoodie,basic,7.0,budget,US,1765,145,20,62,11.84,12.82,11.18
hoodie,basic,7.0,premium,US,1617,200,10,365,13.81,14.77,13.91
hoodie,basic,7.0,budget,CN,626,79,27,325,9.82,12.99,10.3
hoodie,mid,8.5,premium,CN,1919,109,20,279,19.25,22.13,19.41
hoodie,premium,10.0,standard,US,1316,147,38,158,30.05,34.02,28.44
hoodie,basic,7.0,standard,US,239,22,43,285,14.28,16.22,13.93
hoodie,mid,8.5,budget,US,436,105,29,164,18.7,21.92,18.07
hoodie,basic,7.0,budget,US,202,49,44,349,12.2,13.83,11.64
hoodie,premium,10.0,budget,US,626,52,43,158,28.73,34.0,27.87
hoodie,mid,8.5,standard,CN,492,99,15,140,19.48,22.54,18.69
hoodie,premium,10.0,standard,CN,906,51,31,98,25.19,29.35,23.62
hoodie,premium,10.0,standard,CN,1727,193,20,302,26.99,29.5,25.07
hoodie,mid,8.5,budget,CN,1395,200,19,24,14.7,18.53,15.14
hoodie,mid,8.5,standard,US,1812,200,35,18,21.13,22.3,20.17
hoodie,basic,7.0,budget,US,275,32,26,300,12.45,12.65,11.78
hoodie,mid,8.5,standard,CN,140,16,35,221,19.42,22.72,19.15
hoodie,premium,10.0,standard,US,1689,200,42,324,32.63,35.75,30.5
hoodie,premium,10.0,standard,CN,1671,200,9,197,26.52,27.66,25.31
hoodie,mid,8.5,budget,CN,880,46,35,264,16.72,21.07,17.2
hoodie,mid,8.5,premium,US,799,91,36,46,24.33,28.7,24.27
hoodie,basic,7.0,premium,US,1454,178,26,175,14.24,15.81,14.13
hoodie,mid,8.5,standard,MX,1968,200,41,88,18.79,23.02,18.94
hoodie,mid,8.5,premium,CN,1199,200,14,280,22.22,23.6,21.03
hoodie,basic,7.0,premium,US,1637,157,29,52,15.25,18.48,15.16
hoodie,mid,8.5,budget,US,779,48,33,286,18.94,23.15,18.11
hoodie,premium,10.0,budget,CN,913,104,10,104,22.38,28.65,22.57
hoodie,basic,7.0,premium,US,637,126,29,206,14.97,15.91,14.67
hoodie,basic,7.0,premium,US,761,59,27,245,14.36,18.68,14.96
hoodie,premium,10.0,standard,US,1772,200,15,220,26.16,29.15,26.79
hoodie,basic,7.0,standard,CN,1814,200,36,59,11.46,13.51,11.06
hoodie,basic,7.0,budget,MX,1928,200,31,310,10.9,13.4,10.85
hoodie,premium,10.0,premium,CN,1320,189,20,364,29.4,31.65,28.41
hoodie,mid,8.5,standard,US,1807,200,33,283,20.01,24.65,20.71
hoodie,basic,7.0,standard,US,599,40,18,128,13.55,13.58,12.93
hoodie,premium,10.0,premium,CN,827,72,22,364,29.77,32.64,29.32
hoodie,basic,7.0,budget,MX,1129,194,27,289,11.15,13.2,10.47
hoodie,basic,7.0,standard,US,129,29,29,219,14.08,15.93,13.86
hoodie,basic,7.0,standard,CN,1808,200,26,242,12.71,15.39,12.13
hoodie,basic,7.0,budget,CN,1721,200,44,237,10.93,11.85,10.45
hoodie,mid,8.5,budget,CN,1130,148,41,174,17.64,18.02,16.41
hoodie,basic,7.0,budget,US,1417,200,41,103,11.13,11.89,10.9
hoodie,mid,8.5,standard,US,617,79,20,215,19.67,21.72,19.64
hoodie,premium,10.0,budget,MX,110,12,17,215,25.66,28.73,26.17
hoodie,premium,10.0,standard,CN,125,19,25,355,29.16,34.03,28.47
hoodie,basic,7.0,premium,US,545,120,21,362,15.86,15.84,14.77
hoodie,basic,7.0,standard,US,908,77,16,282,13.5,14.28,12.75
hoodie,basic,7.0,budget,US,1326,154,31,91,12.12,13.69,11.45
hoodie,mid,8.5,standard,CN,188,12,33,36,19.37,20.09,18.4
hoodie,basic,7.0,budget,US,882,148,13,240,12.0,13.54,11.34
hoodie,premium,10.0,standard,US,1850,200,26,156,27.15,32.46,28.49
hoodie,mid,8.5,standard,MX,679,167,21,89,17.9,22.2,18.39
hoodie,basic,7.0,budget,CN,1099,180,29,150,10.88,10.81,10.26
hoodie,basic,7.0,budget,CN,1919,101,36,101,10.33,10.53,9.97
hoodie,basic,7.0,premium,US,87,18,34,241,15.9,17.2,15.58
hoodie,basic,7.0,budget,CN,274,41,12,144,10.81,11.01,10.34
hoodie,mid,8.5,standard,US,1156,200,25,310,18.5,23.94,19.46
hoodie,mid,8.5,standard,CN,1149,74,18,38,17.69,22.73,18.27
hoodie,premium,10.0,standard,CN,271,66,17,227,24.4,31.94,25.11
hoodie,premium,10.0,standard,CN,1002,197,15,156,25.69,27.61,24.99
hoodie,basic,7.0,premium,CN,1561,130,9,100,12.48,15.02,12.14
hoodie,mid,8.5,budget,US,496,74,25,165,21.59,24.94,20.06
hoodie,mid,8.5,standard,US,551,50,44,317,21.03,23.41,19.85
hoodie,basic,7.0,standard,CN,416,39,8,281,11.56,13.58,11.31
hoodie,mid,8.5,standard,MX,120,18,8,184,20.3,21.55,19.37
hoodie,mid,8.5,premium,CN,1378,98,44,28,19.99,23.77,20.45
hoodie,basic,7.0,standard,CN,1014,102,23,254,11.21,12.29,11.44
hoodie,basic,7.0,budget,US,1949,195,7,29,11.66,13.09,11.23
hoodie,basic,7.0,premium,CN,836,96,38,120,14.08,15.9,13.39
hoodie,basic,7.0,premium,CN,931,71,32,207,13.57,14.3,12.88
hoodie,basic,7.0,standard,CN,1137,57,34,278,10.66,11.4,10.5
hoodie,mid,8.5,budget,US,1117,200,44,334,19.14,19.62,18.22
hoodie,basic,7.0,standard,CN,1610,200,37,239,12.36,13.66,11.89
hoodie,mid,8.5,premium,US,1940,116,13,232,21.6,24.2,21.8
hoodie,mid,8.5,budget,US,717,70,31,151,19.61,23.5,18.54
hoodie,basic,7.0,standard,CN,48,12,29,137,13.32,13.31,12.56
hoodie,mid,8.5,premium,MX,410,35,42,253,22.23,28.11,22.51
hoodie,basic,7.0,budget,MX,1683,200,26,247,10.84,12.54,10.45
hoodie,premium,10.0,budget,MX,1583,200,9,308,24.98,26.36,24.74
hoodie,basic,7.0,premium,CN,822,200,28,308,11.63,15.28,12.09
hoodie,mid,8.5,standard,MX,538,29,37,119,19.36,24.3,19.32
hoodie,mid,8.5,budget,CN,129,19,8,164,17.23,18.59,16.18
hoodie,mid,8.5,premium,MX,89,12,17,67,20.98,25.46,20.66
hoodie,mid,8.5,standard,CN,164,30,34,309,17.46,20.52,17.93
hoodie,basic,7.0,budget,MX,90,12,28,239,12.33,13.22,11.53
hoodie,premium,10.0,budget,CN,322,40,37,95,27.98,31.3,26.41
hoodie,basic,7.0,premium,CN,1577,200,41,274,13.75,14.74,13.29
hoodie,premium,10.0,standard,CN,1304,200,8,340,27.54,31.28,26.53
hoodie,basic,7.0,standard,US,977,188,10,156,14.06,14.45,13.18
hoodie,mid,8.5,standard,CN,851,200,8,266,16.35,19.56,16.63
hoodie,premium,10.0,budget,CN,1560,173,7,44,22.79,28.46,23.13
hoodie,basic,7.0,budget,CN,513,105,14,40,10.02,12.7,9.94
hoodie,mid,8.5,standard,CN,1098,200,18,301,19.99,22.91,18.74
hoodie,basic,7.0,standard,CN,447,88,23,315,10.47,13.49,10.8
hoodie,basic,7.0,premium,CN,1908,200,19,224,12.74,13.54,12.05
hoodie,basic,7.0,standard,CN,775,117,36,300,12.38,15.17,12.61
hoodie,premium,10.0,premium,CN,1744,200,19,314,26.48,32.78,27.34
hoodie,mid,8.5,standard,CN,1444,200,36,75,18.97,19.42,18.07
hoodie,basic,7.0,budget,CN,66,12,17,193,11.66,11.74,11.07
hoodie,basic,7.0,premium,CN,862,160,38,252,10.9,13.84,10.83
hoodie,premium,10.0,standard,CN,1472,200,36,66,25.84,33.57,26.43
hoodie,basic,7.0,premium,CN,1583,172,36,94,12.44,14.7,12.59
hoodie,mid,8.5,standard,MX,1498,196,32,83,17.89,23.07,18.41
hoodie,basic,7.0,standard,CN,663,65,11,216,11.73,13.26,11.83
hoodie,basic,7.0,premium,CN,283,33,10,158,12.91,16.03,12.77
hoodie,basic,7.0,standard,CN,1421,129,8,214,12.06,12.25,11.58
hoodie,mid,8.5,standard,MX,157,15,8,333,19.89,21.08,19.67
hoodie,basic,7.0,standard,CN,1401,85,34,210,11.39,12.37,11.0
hoodie,mid,8.5,budget,MX,346,60,14,224,16.96,19.39,17.2
hoodie,mid,8.5,premium,CN,1050,200,11,252,19.75,26.25,20.6
hoodie,mid,8.5,premium,CN,952,90,14,128,20.86,24.67,19.78
hoodie,mid,8.5,premium,CN,1172,148,29,184,19.47,23.22,20.17
hoodie,premium,10.0,standard,MX,773,190,7,200,26.21,34.24,27.01
hoodie,basic,7.0,standard,US,1034,200,24,162,13.44,15.33,12.95
hoodie,premium,10.0,standard,CN,1231,168,18,176,25.31,30.81,24.63
hoodie,basic,7.0,standard,CN,96,12,18,185,12.61,15.18,11.96
hoodie,premium,10.0,standard,CN,1974,200,44,116,26.59,30.97,26.13
hoodie,basic,7.0,premium,CN,378,53,19,150,13.07,13.53,12.83
hoodie,basic,7.0,premium,MX,891,167,14,115,14.22,15.16,14.16
hoodie,basic,7.0,standard,US,680,54,34,185,13.73,14.69,13.23
hoodie,premium,10.0,standard,US,1543,200,13,15,28.85,30.44,28.32
hoodie,mid,8.5,standard,CN,1285,200,24,36,16.87,18.03,16.29
hoodie,mid,8.5,premium,MX,1159,200,14,83,20.24,23.13,19.9
hoodie,premium,10.0,budget,CN,1515,80,8,179,21.98,28.79,23.1
hoodie,premium,10.0,standard,US,1144,84,8,112,28.6,28.96,27.43
hoodie,premium,10.0,standard,CN,1542,111,10,187,27.84,30.29,25.91
hoodie,mid,8.5,standard,US,1667,200,9,338,18.86,21.61,19.57
hoodie,basic,7.0,standard,MX,874,143,33,25,12.94,15.17,12.11
hoodie,premium,10.0,premium,CN,1723,200,23,87,27.58,34.36,28.45
hoodie,mid,8.5,standard,CN,1794,157,17,40,18.77,21.85,17.76
hoodie,basic,7.0,premium,CN,1508,172,11,102,12.47,12.73,11.74
hoodie,basic,7.0,budget,CN,1752,178,34,203,10.63,10.73,9.96
hoodie,basic,7.0,standard,US,1767,200,39,337,11.79,15.78,12.37
hoodie,mid,8.5,premium,CN,645,62,39,305,19.46,21.97,19.43
hoodie,mid,8.5,budget,US,1507,200,43,179,20.32,23.4,19.07
hoodie,mid,8.5,budget,CN,327,81,42,264,16.36,18.69,16.99
hoodie,premium,10.0,standard,US,1744,200,30,264,30.34,32.02,29.72
hoodie,mid,8.5,standard,US,1776,200,43,139,21.32,25.54,21.36
hoodie,premium,10.0,premium,CN,1408,200,39,285,29.43,33.65,28.83
hoodie,mid,8.5,budget,US,1278,161,31,327,17.22,18.57,17.15
hoodie,mid,8.5,standard,US,309,30,41,134,21.85,25.35,22.47
hoodie,premium,10.0,budget,MX,446,76,45,190,24.98,29.84,24.42
hoodie,premium,10.0,budget,US,1994,200,15,277,26.58,29.14,25.03
hoodie,mid,8.5,budget,US,291,47,30,23,17.62,20.61,17.85
hoodie,mid,8.5,standard,CN,593,40,25,140,17.89,20.62,18.75
hoodie,premium,10.0,standard,CN,278,59,34,353,29.78,36.16,28.83
hoodie,basic,7.0,standard,CN,1550,157,37,344,11.68,13.53,11.15
hoodie,basic,7.0,standard,CN,150,16,42,131,12.23,13.64,11.96
hoodie,mid,8.5,standard,CN,940,135,37,331,19.45,20.57,18.81
hoodie,premium,10.0,premium,US,316,24,20,316,32.02,41.52,33.12
hoodie,mid,8.5,standard,CN,396,55,23,199,17.71,19.39,17.82
hoodie,basic,7.0,premium,US,1101,200,18,61,15.04,15.82,14.95
hoodie,mid,8.5,budget,CN,496,82,32,287,16.91,19.99,15.98
hoodie,basic,7.0,standard,US,1577,200,25,250,12.82,14.72,12.49
hoodie,basic,7.0,standard,MX,1241,139,37,42,11.49,14.23,11.21
hoodie,mid,8.5,standard,CN,388,60,22,80,21.59,22.6,20.15
hoodie,basic,7.0,standard,MX,1387,200,37,317,12.39,15.77,12.35
hoodie,mid,8.5,standard,CN,1649,104,43,278,19.32,22.59,18.06
hoodie,premium,10.0,standard,US,1496,161,27,313,32.82,32.82,30.49
hoodie,mid,8.5,standard,US,379,36,28,336,20.36,23.71,20.07
hoodie,basic,7.0,standard,MX,1059,200,44,208,11.6,14.28,11.65
hoodie,mid,8.5,standard,CN,1035,192,43,57,18.06,21.09,17.11
hoodie,basic,7.0,standard,CN,1345,100,8,63,10.55,13.42,10.84
hoodie,mid,8.5,standard,CN,834,72,12,178,18.41,21.24,17.32
hoodie,mid,8.5,standard,CN,839,116,7,353,16.48,19.26,17.34
hoodie,premium,10.0,standard,CN,1015,200,24,94,25.08,30.38,24.27
hoodie,mid,8.5,standard,US,832,112,15,331,20.63,25.27,20.28
hoodie,premium,10.0,standard,CN,960,71,36,93,29.27,30.55,27.55
hoodie,mid,8.5,budget,CN,500,119,36,205,17.41,19.53,16.77
hoodie,basic,7.0,premium,CN,1636,200,31,185,12.9,13.1,12.45
hoodie,mid,8.5,standard,MX,1252,85,7,254,17.42,22.8,18.15
hoodie,mid,8.5,premium,MX,86,20,33,57,23.47,25.75,23.18
hoodie,basic,7.0,premium,US,869,148,38,356,14.2,18.22,14.64
hoodie,premium,10.0,budget,CN,270,54,17,162,23.84,25.48,23.03
hoodie,premium,10.0,budget,MX,339,40,19,212,26.96,30.05,25.43
hoodie,mid,8.5,premium,US,692,108,31,264,23.41,24.53,22.89
hoodie,basic,7.0,standard,CN,1095,200,45,166,11.64,12.22,10.99
hoodie,mid,8.5,standard,US,1949,125,31,59,19.2,22.47,19.66
hoodie,premium,10.0,budget,CN,1198,154,35,184,21.59,24.05,21.84
hoodie,premium,10.0,budget,CN,677,42,45,186,23.41,29.51,24.59
hoodie,basic,7.0,budget,CN,1920,141,10,197,9.88,10.49,9.87
hoodie,mid,8.5,premium,CN,1991,200,10,167,19.87,21.53,18.99
hoodie,premium,10.0,standard,MX,1814,200,37,337,27.81,32.04,26.95
hoodie,basic,7.0,budget,US,1913,200,17,318,11.47,13.75,11.36
hoodie,basic,7.0,budget,US,1238,200,9,256,10.63,12.94,10.92
hoodie,mid,8.5,standard,CN,1256,200,27,163,18.48,19.38,18.26
hoodie,basic,7.0,budget,MX,1614,200,13,122,11.1,13.1,11.09
hoodie,mid,8.5,budget,CN,65,12,22,236,17.09,19.91,17.15
hoodie,mid,8.5,standard,CN,163,25,18,334,17.07,21.12,17.81
hoodie,mid,8.5,standard,CN,993,136,30,186,18.1,22.73,18.14
hoodie,mid,8.5,standard,US,1029,188,34,113,21.7,25.67,20.93
hoodie,mid,8.5,premium,CN,388,66,21,134,21.58,24.68,21.19
hoodie,basic,7.0,premium,CN,743,156,45,346,13.98,14.99,13.8
hoodie,mid,8.5,standard,CN,1535,200,33,155,16.88,20.36,17.41
hoodie,basic,7.0,budget,US,276,68,29,364,12.71,15.75,12.45
hoodie,mid,8.5,standard,CN,660,141,29,27,16.95,20.87,17.81
hoodie,basic,7.0,standard,CN,1339,200,33,263,12.14,12.77,11.51
hoodie,mid,8.5,budget,CN,459,63,42,232,16.88,20.93,17.08
hoodie,basic,7.0,budget,CN,640,136,35,155,9.76,10.73,9.73
hoodie,premium,10.0,standard,CN,1787,142,34,101,24.19,28.01,25.46
hoodie,basic,7.0,standard,US,1333,199,25,174,13.65,13.66,12.69
hoodie,basic,7.0,standard,CN,1322,67,37,80,12.7,14.03,11.89
hoodie,basic,7.0,budget,US,752,180,38,244,12.83,13.55,11.92
hoodie,mid,8.5,standard,CN,1941,200,14,324,18.08,18.52,16.79
hoodie,basic,7.0,budget,CN,928,166,40,193,11.04,12.21,10.47
hoodie,mid,8.5,standard,US,1874,200,30,245,21.39,26.66,20.98
hoodie,basic,7.0,standard,US,1255,200,11,236,13.44,14.33,13.13
hoodie,mid,8.5,standard,US,1014,107,35,341,21.45,24.3,21.09
hoodie,basic,7.0,premium,CN,1633,200,12,294,13.58,14.86,12.83
hoodie,basic,7.0,standard,CN,1394,200,21,78,11.81,14.16,11.23
hoodie,basic,7.0,budget,US,612,73,14,238,11.39,13.02,11.48
hoodie,basic,7.0,standard,MX,162,26,24,169,12.6,15.21,12.17
hoodie,basic,7.0,budget,US,1274,123,10,222,11.33,14.53,11.61
hoodie,basic,7.0,standard,CN,1279,200,27,313,12.37,13.66,11.72
hoodie,mid,8.5,budget,CN,851,198,40,264,17.18,18.41,16.37
hoodie,mid,8.5,standard,CN,1155,91,37,111,18.92,21.34,18.43
hoodie,basic,7.0,standard,CN,1080,200,34,211,11.53,13.53,11.26
hoodie,premium,10.0,standard,CN,692,163,7,42,25.57,28.43,24.68
hoodie,basic,7.0,standard,US,1960,200,8,365,15.11,16.8,14.11
hoodie,mid,8.5,standard,CN,327,42,16,243,16.77,21.02,17.62
hoodie,mid,8.5,standard,CN,896,134,11,248,17.7,21.33,18.13
hoodie,mid,8.5,standard,US,1639,200,24,340,22.56,26.69,21.44
hoodie,mid,8.5,budget,CN,1061,195,26,17,17.41,20.47,16.7
hoodie,mid,8.5,premium,CN,771,68,32,187,18.87,23.0,19.29
hoodie,basic,7.0,standard,US,1542,200,8,192,12.33,13.41,12.65
hoodie,mid,8.5,standard,US,157,32,41,68,21.41,25.26,20.36
hoodie,basic,7.0,premium,CN,1091,200,21,244,13.09,15.22,12.4
hoodie,basic,7.0,premium,US,1509,200,26,57,15.61,16.85,14.68
hoodie,basic,7.0,budget,US,1985,200,40,124,12.1,14.28,11.83
hoodie,mid,8.5,premium,CN,895,184,40,77,20.88,24.99,20.77
hoodie,basic,7.0,standard,CN,1009,125,29,302,12.45,14.42,11.83
hoodie,mid,8.5,standard,CN,230,48,27,341,16.31,21.51,16.87
hoodie,basic,7.0,budget,CN,1434,200,41,347,10.74,11.27,10.58
hoodie,mid,8.5,premium,US,1675,192,35,91,21.87,25.42,21.94
hoodie,basic,7.0,standard,CN,338,36,14,22,11.02,12.2,11.47
hoodie,mid,8.5,premium,CN,1587,175,22,73,20.94,25.12,20.82
hoodie,basic,7.0,standard,US,776,136,34,59,12.99,15.95,13.16
hoodie,basic,7.0,standard,CN,117,12,26,185,12.81,13.48,12.48
hoodie,mid,8.5,standard,CN,1851,200,9,347,17.98,19.58,17.47
hoodie,basic,7.0,standard,MX,738,145,39,34,11.88,13.37,12.15
hoodie,basic,7.0,budget,MX,362,40,27,275,11.06,12.17,11.49
hoodie,mid,8.5,budget,CN,157,32,25,343,17.59,19.7,16.54
hoodie,mid,8.5,standard,CN,1463,145,45,32,19.86,21.1,19.01
hoodie,basic,7.0,premium,MX,1479,200,24,295,12.45,13.35,12.27
hoodie,basic,7.0,standard,US,1432,200,14,238,12.76,15.77,12.44
hoodie,basic,7.0,standard,MX,53,12,39,73,14.9,14.98,13.95
hoodie,premium,10.0,budget,US,1308,200,31,322,25.36,27.93,26.05
hoodie,basic,7.0,standard,MX,691,70,33,211,11.4,13.28,11.75
hoodie,basic,7.0,budget,US,849,143,35,216,12.77,14.8,12.02
hoodie,premium,10.0,standard,CN,1925,200,44,172,25.91,30.11,25.11
hoodie,mid,8.5,standard,CN,979,200,21,59,19.32,19.71,18.39
hoodie,basic,7.0,premium,CN,378,47,12,149,13.67,14.44,12.82
hoodie,mid,8.5,budget,US,239,29,34,147,18.05,21.8,18.14
hoodie,mid,8.5,budget,CN,1874,200,45,160,16.51,18.8,15.91
hoodie,premium,10.0,premium,US,1933,200,36,299,34.26,38.74,33.35
hoodie,basic,7.0,budget,US,412,87,19,241,11.1,14.36,11.43
hoodie,mid,8.5,standard,CN,29,12,38,158,19.06,22.71,19.74
hoodie,mid,8.5,premium,US,31,12,34,77,24.66,28.19,24.76
hoodie,mid,8.5,budget,US,1959,200,16,59,17.91,19.65,18.22
hoodie,mid,8.5,standard,MX,1750,90,29,153,20.07,23.87,19.11
hoodie,basic,7.0,standard,MX,1873,200,10,275,11.38,12.88,11.0
hoodie,basic,7.0,budget,US,345,49,16,214,11.21,13.72,11.51
hoodie,mid,8.5,premium,CN,1526,200,16,222,20.85,22.86,20.67
hoodie,premium,10.0,budget,US,940,200,34,238,27.98,32.14,27.54
hoodie,basic,7.0,standard,CN,624,126,41,242,11.43,12.65,11.32
hoodie,mid,8.5,premium,US,617,63,19,51,21.82,27.47,21.51
hoodie,mid,8.5,standard,MX,850,112,23,323,17.72,22.52,18.64
hoodie,basic,7.0,standard,CN,1863,200,39,121,11.1,13.95,11.49
hoodie,mid,8.5,premium,US,1015,142,7,188,21.37,24.56,22.37
hoodie,mid,8.5,budget,MX,433,30,27,354,16.29,19.31,16.9
hoodie,mid,8.5,budget,MX,536,72,41,43,17.4,18.01,16.36
hoodie,mid,8.5,standard,US,1897,200,30,113,19.98,21.3,19.27
hoodie,mid,8.5,premium,MX,761,111,23,58,22.55,23.52,21.99
hoodie,mid,8.5,standard,CN,50,12,18,134,17.53,19.87,18.36
hoodie,premium,10.0,standard,CN,1683,132,38,296,25.71,33.61,26.58
hoodie,premium,10.0,budget,MX,1626,200,16,232,24.72,26.69,25.18
hoodie,basic,7.0,budget,MX,1109,119,11,179,11.53,13.65,10.88
hoodie,mid,8.5,standard,US,833,64,40,46,21.51,26.99,21.6
hoodie,basic,7.0,standard,CN,1935,200,41,123,10.9,12.92,11.33
hoodie,premium,10.0,standard,MX,360,26,9,240,26.88,33.63,26.4
hoodie,basic,7.0,budget,US,429,71,19,330,12.58,12.81,11.8
hoodie,premium,10.0,standard,CN,1643,200,32,104,25.18,31.05,25.88
hoodie,basic,7.0,budget,CN,1715,197,35,333,10.37,11.92,10.17
hoodie,basic,7.0,budget,MX,970,92,14,183,10.68,11.82,10.93
hoodie,mid,8.5,standard,US,1999,200,23,33,21.66,26.28,21.09
hoodie,basic,7.0,standard,US,1757,200,38,202,12.56,14.05,12.53
hoodie,mid,8.5,standard,CN,131,12,43,102,17.89,20.86,18.16
hoodie,basic,7.0,premium,CN,1736,200,37,193,11.77,15.34,12.36
hoodie,basic,7.0,budget,CN,1034,126,7,269,10.44,11.56,9.7
hoodie,basic,7.0,budget,MX,933,193,13,336,11.54,12.97,10.7
hoodie,basic,7.0,budget,CN,509,36,30,358,9.74,10.22,9.69
hoodie,basic,7.0,standard,US,88,12,19,120,14.32,16.07,14.74
hoodie,premium,10.0,budget,US,1186,108,31,155,26.73,33.21,26.72
hoodie,basic,7.0,budget,US,218,23,42,93,13.25,13.73,12.74
hoodie,mid,8.5,budget,US,977,200,23,37,17.61,21.97,18.26
hoodie,mid,8.5,budget,CN,175,29,7,16,17.12,20.11,16.3
hoodie,basic,7.0,standard,CN,1668,200,21,200,10.32,13.25,10.74
hoodie,basic,7.0,budget,CN,249,24,8,90,11.23,12.14,10.68
hoodie,premium,10.0,budget,US,873,100,34,25,24.78,30.74,24.16
hoodie,basic,7.0,standard,US,933,100,26,310,12.03,13.32,12.34
hoodie,mid,8.5,standard,CN,1929,200,38,360,17.38,22.85,17.9
hoodie,basic,7.0,standard,CN,1894,200,40,318,12.21,13.23,11.95
hoodie,mid,8.5,budget,US,1798,200,12,48,19.48,20.09,18.66
hoodie,basic,7.0,premium,CN,663,164,26,227,13.15,14.37,13.47
hoodie,mid,8.5,premium,MX,1837,200,12,307,19.74,23.78,20.78
hoodie,mid,8.5,standard,CN,1958,200,10,291,16.96,21.65,17.25
hoodie,mid,8.5,standard,US,1936,200,12,250,18.94,23.58,19.66
hoodie,basic,7.0,budget,MX,282,39,41,127,11.42,11.56,10.8
hoodie,basic,7.0,premium,CN,2000,200,44,208,12.91,13.53,12.19
hoodie,basic,7.0,standard,MX,1388,200,27,162,12.39,14.87,11.89
hoodie,mid,8.5,premium,MX,1769,191,14,229,18.58,23.31,19.02
hoodie,basic,7.0,premium,US,1473,200,11,76,14.45,16.69,14.63
hoodie,basic,7.0,budget,MX,1566,200,15,131,9.97,11.95,10.41
hoodie,premium,10.0,budget,MX,1545,99,12,230,24.13,30.08,23.72
hoodie,mid,8.5,standard,US,1310,200,16,135,21.05,23.08,20.25
hoodie,basic,7.0,premium,US,1039,111,23,180,14.74,18.3,14.65
hoodie,mid,8.5,standard,CN,905,51,27,344,17.04,21.39,17.69
hoodie,basic,7.0,premium,CN,1926,200,21,342,12.55,14.25,11.92
hoodie,mid,8.5,budget,CN,1041,165,9,341,15.0,18.53,14.92
hoodie,mid,8.5,standard,US,794,48,42,283,21.9,25.24,21.11
hoodie,premium,10.0,standard,US,1025,114,38,137,31.14,33.96,29.91
hoodie,mid,8.5,standard,CN,1271,182,34,322,19.39,20.05,18.46
hoodie,premium,10.0,premium,US,181,33,37,177,38.19,43.68,35.43
hoodie,basic,7.0,budget,CN,1892,200,40,181,9.46,10.12,9.6
hoodie,mid,8.5,budget,CN,68,12,29,30,16.79,19.58,16.58
hoodie,mid,8.5,standard,CN,940,184,31,217,18.63,20.82,17.51
hoodie,premium,10.0,budget,CN,897,200,13,60,24.86,24.77,23.41
hoodie,mid,8.5,standard,CN,1865,200,31,104,16.64,18.87,16.16
hoodie,mid,8.5,standard,US,1368,83,39,117,19.6,25.78,20.29
hoodie,mid,8.5,standard,US,1218,141,15,297,19.83,21.6,20.21
hoodie,basic,7.0,standard,MX,305,36,20,279,12.63,14.79,11.78
hoodie,basic,7.0,budget,US,968,183,23,61,12.23,12.84,11.74
hoodie,basic,7.0,standard,MX,501,95,23,106,10.98,14.32,11.4
hoodie,mid,8.5,budget,US,542,47,35,318,18.94,21.14,18.31
hoodie,mid,8.5,standard,US,318,37,28,304,22.43,25.72,20.87
hoodie,basic,7.0,premium,CN,1337,200,7,308,12.32,14.03,12.06
hoodie,mid,8.5,standard,US,483,62,18,264,19.7,22.16,19.2
hoodie,basic,7.0,standard,CN,228,30,11,79,11.4,14.85,11.84
hoodie,basic,7.0,standard,US,128,12,37,182,14.87,16.71,13.86
hoodie,basic,7.0,budget,CN,1206,127,40,161,10.14,12.75,10.47
hoodie,basic,7.0,premium,CN,1881,106,37,141,12.33,15.06,12.43
hoodie,mid,8.5,budget,US,1598,200,43,169,18.8,23.7,18.57
hoodie,premium,10.0,standard,CN,925,200,20,259,24.47,32.13,25.33
hoodie,basic,7.0,premium,CN,1541,200,15,206,12.39,12.89,11.74
hoodie,basic,7.0,budget,US,499,32,35,292,12.34,13.9,11.83
hoodie,mid,8.5,premium,US,1131,57,35,340,22.94,25.56,21.75
hoodie,basic,7.0,standard,US,937,58,23,308,11.68,14.95,12.02
hoodie,basic,7.0,budget,US,1778,200,7,21,11.71,13.21,11.32
hoodie,basic,7.0,budget,US,565,90,13,355,12.24,14.49,12.04
hoodie,mid,8.5,standard,CN,1552,149,27,43,18.41,21.66,18.66
hoodie,premium,10.0,standard,US,1994,200,38,195,30.13,35.66,31.41
hoodie,mid,8.5,budget,CN,1835,200,22,124,15.69,18.87,15.64
hoodie,mid,8.5,standard,US,1381,200,20,133,20.58,25.65,20.09
hoodie,mid,8.5,standard,US,238,58,44,184,21.78,26.15,21.49
hoodie,mid,8.5,budget,US,141,13,38,332,20.47,24.87,20.25
hoodie,basic,7.0,standard,CN,1360,125,33,63,11.21,11.73,10.51
hoodie,premium,10.0,standard,US,117,17,13,214,28.79,37.23,29.22
hoodie,basic,7.0,budget,US,1169,121,37,138,11.95,14.32,12.48
hoodie,basic,7.0,budget,CN,1377,200,28,126,10.17,10.95,9.51
hoodie,mid,8.5,budget,CN,1692,200,17,31,15.66,15.35,14.55
hoodie,basic,7.0,standard,CN,1462,166,41,64,12.07,14.19,11.52
hoodie,mid,8.5,standard,US,1664,200,23,156,21.0,23.75,19.45
hoodie,mid,8.5,standard,MX,1713,200,23,164,18.43,21.67,19.31
hoodie,basic,7.0,premium,US,765,176,30,354,12.26,15.87,12.89
hoodie,basic,7.0,standard,CN,1347,200,27,321,11.83,12.05,11.39
hoodie,premium,10.0,budget,MX,1835,186,12,169,21.89,27.34,22.88
hoodie,basic,7.0,budget,CN,546,112,24,235,10.96,11.32,10.77
hoodie,basic,7.0,budget,US,626,35,25,225,11.31,13.94,11.31
hoodie,basic,7.0,premium,CN,1683,200,17,198,12.8,16.29,12.97
hoodie,mid,8.5,budget,CN,602,77,15,175,17.88,21.24,17.55
hoodie,mid,8.5,standard,CN,207,51,14,101,18.17,23.32,18.85
hoodie,basic,7.0,standard,CN,788,48,14,202,10.54,13.84,10.93
hoodie,basic,7.0,premium,US,1766,113,38,145,14.26,15.77,14.17
hoodie,premium,10.0,standard,CN,1594,200,31,110,24.83,33.04,25.99
hoodie,basic,7.0,premium,CN,1459,145,44,248,12.06,14.28,12.6
hoodie,premium,10.0,budget,CN,1069,107,25,156,24.1,26.18,22.45
hoodie,premium,10.0,budget,US,1424,159,41,130,29.08,29.06,27.27
hoodie,basic,7.0,standard,MX,520,115,15,153,11.84,14.18,11.68
hoodie,mid,8.5,budget,US,1209,171,27,308,18.77,22.29,17.68
hoodie,basic,7.0,standard,MX,1910,200,26,24,11.22,13.83,11.29
hoodie,mid,8.5,premium,CN,505,114,44,93,20.0,24.72,20.25
hoodie,mid,8.5,standard,CN,62,12,37,138,18.66,22.77,18.44
hoodie,premium,10.0,standard,US,446,62,9,178,29.71,31.65,27.99
hoodie,mid,8.5,premium,CN,955,71,15,289,19.61,22.3,19.43
hoodie,premium,10.0,standard,CN,1442,200,44,75,28.98,29.56,27.18
hoodie,mid,8.5,budget,CN,1206,200,20,71,17.49,17.22,16.34
hoodie,mid,8.5,standard,US,1780,200,43,73,19.65,23.62,19.68
hoodie,mid,8.5,budget,US,1849,200,33,262,18.11,22.86,17.97
hoodie,premium,10.0,premium,MX,581,33,35,253,30.43,40.47,31.79
hoodie,premium,10.0,standard,US,1452,97,30,158,30.59,35.16,29.08
hoodie,premium,10.0,standard,MX,1688,193,30,213,27.69,31.41,28.31
hoodie,premium,10.0,premium,CN,1150,119,28,186,29.95,34.62,28.3
hoodie,basic,7.0,budget,CN,717,134,18,15,10.61,10.39,9.84
hoodie,mid,8.5,standard,CN,466,96,35,96,18.76,22.01,18.19
hoodie,basic,7.0,standard,US,694,128,42,268,13.5,15.32,12.94
hoodie,basic,7.0,premium,US,347,68,34,220,14.8,15.2,14.38
hoodie,mid,8.5,standard,CN,916,170,26,149,18.83,22.36,18.22
hoodie,premium,10.0,premium,US,609,54,30,37,32.71,35.67,31.03
hoodie,basic,7.0,standard,US,1624,200,40,145,13.26,15.0,13.08
hoodie,basic,7.0,premium,CN,1225,88,19,362,12.51,14.87,12.04
hoodie,basic,7.0,budget,US,98,12,45,51,13.65,15.54,13.26
hoodie,mid,8.5,standard,CN,451,27,9,24,19.03,22.53,18.17
hoodie,mid,8.5,budget,US,1964,200,26,132,20.65,22.64,19.15
hoodie,mid,8.5,standard,US,595,103,13,296,20.51,24.99,19.85
hoodie,mid,8.5,budget,MX,1446,122,26,229,14.94,16.67,15.64
hoodie,basic,7.0,budget,CN,971,200,13,148,10.59,11.8,9.83
hoodie,basic,7.0,budget,CN,497,80,10,202,10.46,12.02,10.46
hoodie,basic,7.0,standard,CN,340,31,25,110,12.45,14.1,11.7
hoodie,premium,10.0,budget,US,350,54,26,211,29.58,31.34,28.35
hoodie,mid,8.5,standard,CN,689,41,22,18,17.89,19.12,17.68
hoodie,mid,8.5,premium,US,1203,109,11,219,19.61,25.5,20.51
hoodie,basic,7.0,budget,MX,933,161,16,156,10.86,12.07,10.34
hoodie,mid,8.5,budget,CN,1979,200,36,263,15.2,18.08,15.49
hoodie,mid,8.5,standard,MX,574,127,12,101,19.61,22.4,19.3
hoodie,mid,8.5,standard,US,1907,200,10,164,19.53,24.44,19.54
hoodie,mid,8.5,standard,US,1798,200,31,174,19.97,22.18,20.15
hoodie,mid,8.5,budget,CN,62,12,23,53,15.76,20.47,16.57
hoodie,mid,8.5,budget,CN,1613,200,22,141,16.14,18.96,16.18
hoodie,basic,7.0,standard,US,479,100,27,29,12.8,14.38,13.1
hoodie,basic,7.0,budget,US,1831,133,27,275,11.59,11.56,10.79
hoodie,basic,7.0,budget,CN,119,23,11,354,10.81,12.0,10.97
hoodie,premium,10.0,standard,US,874,200,38,133,33.02,40.58,31.72
hoodie,premium,10.0,budget,CN,461,44,45,260,24.42,25.21,23.58
hoodie,premium,10.0,budget,US,1377,200,25,303,29.59,32.74,27.47
hoodie,basic,7.0,premium,MX,1969,200,23,21,13.87,15.16,13.81
hoodie,basic,7.0,budget,US,1443,200,32,41,11.92,12.31,11.07
hoodie,basic,7.0,standard,US,1734,182,37,56,12.36,15.07,12.09
hoodie,premium,10.0,budget,CN,645,75,12,175,25.05,27.52,24.45
hoodie,premium,10.0,premium,CN,1911,200,33,43,27.09,31.95,27.94
hoodie,mid,8.5,standard,CN,1464,200,38,262,16.37,19.41,16.65
hoodie,premium,10.0,standard,US,673,97,7,153,30.03,37.88,30.33
hoodie,mid,8.5,standard,CN,1820,186,39,226,17.91,19.99,18.02
hoodie,basic,7.0,standard,US,1046,200,13,73,12.16,14.64,11.89
hoodie,basic,7.0,standard,CN,1164,63,11,304,11.97,11.87,11.2
hoodie,basic,7.0,standard,US,1148,144,27,37,13.01,13.32,12.44
hoodie,basic,7.0,premium,CN,1554,120,23,88,12.04,12.58,11.82
hoodie,basic,7.0,budget,CN,697,149,21,238,10.59,13.05,10.23
hoodie,premium,10.0,standard,US,541,122,35,36,30.83,35.14,30.13
hoodie,basic,7.0,premium,CN,1923,98,31,351,13.17,13.77,13.08
hoodie,basic,7.0,budget,CN,567,53,30,309,10.69,12.57,10.21
hoodie,basic,7.0,standard,MX,1424,84,23,76,11.98,12.8,11.39
hoodie,basic,7.0,standard,CN,53,12,36,192,13.56,13.39,12.74
hoodie,basic,7.0,standard,CN,537,46,25,202,12.02,13.99,11.94
hoodie,basic,7.0,standard,US,1661,98,34,263,14.31,14.81,13.58
hoodie,mid,8.5,budget,MX,1794,131,20,19,17.44,18.42,16.98
hoodie,basic,7.0,standard,US,386,76,38,287,13.29,13.86,12.44
hoodie,mid,8.5,premium,CN,1413,200,17,365,20.19,24.03,20.29
hoodie,basic,7.0,budget,CN,977,171,32,316,9.02,10.32,9.46
hoodie,mid,8.5,standard,US,854,178,10,286,18.97,20.76,19.71
hoodie,mid,8.5,budget,CN,757,112,9,49,15.39,19.33,16.1
hoodie,mid,8.5,standard,CN,488,112,28,330,18.93,19.1,17.78
hoodie,basic,7.0,standard,US,800,160,34,225,13.04,14.24,12.12
hoodie,basic,7.0,premium,CN,419,53,10,81,12.02,15.28,12.24
hoodie,mid,8.5,budget,US,320,67,16,105,18.88,23.42,18.48
hoodie,basic,7.0,standard,CN,62,12,42,251,13.01,15.49,12.31
hoodie,premium,10.0,standard,CN,223,47,41,116,25.8,28.61,26.95
hoodie,basic,7.0,standard,MX,1130,122,25,137,12.58,14.78,12.0
hoodie,basic,7.0,budget,CN,36,12,10,129,10.51,12.7,10.47
hoodie,mid,8.5,premium,US,1312,195,9,210,24.86,28.26,23.41
hoodie,mid,8.5,standard,MX,35,12,36,326,19.65,23.24,18.76
hoodie,basic,7.0,standard,US,284,41,40,309,13.21,14.3,12.46
hoodie,basic,7.0,premium,MX,33,12,10,178,13.77,17.02,14.26
hoodie,premium,10.0,standard,MX,1030,119,37,121,25.44,26.29,25.04
hoodie,basic,7.0,standard,CN,74,12,39,98,12.13,13.43,12.19
hoodie,basic,7.0,standard,CN,1995,200,11,177,11.22,11.33,10.52
hoodie,basic,7.0,budget,CN,190,12,35,297,10.02,12.24,10.07
hoodie,basic,7.0,premium,CN,1299,200,14,285,10.79,11.84,11.22
hoodie,mid,8.5,premium,US,233,17,7,266,26.39,28.67,25.24
hoodie,basic,7.0,standard,CN,1897,200,20,92,10.98,11.43,10.55
hoodie,mid,8.5,standard,US,1854,200,23,243,18.07,23.93,18.91
hoodie,mid,8.5,budget,CN,442,75,31,40,16.15,20.47,16.55
hoodie,basic,7.0,budget,CN,1723,200,14,118,9.31,11.61,9.69
hoodie,mid,8.5,premium,CN,1187,112,34,213,20.81,22.5,19.58
hoodie,basic,7.0,standard,US,1413,200,12,350,13.58,16.08,12.62
hoodie,basic,7.0,premium,CN,1155,200,30,30,12.57,15.66,12.25
hoodie,premium,10.0,standard,CN,501,104,13,287,24.86,27.32,24.78
hoodie,premium,10.0,standard,CN,288,25,24,93,25.52,32.3,26.11
hoodie,mid,8.5,standard,US,1579,154,43,211,21.47,24.7,20.56
hoodie,mid,8.5,budget,MX,74,15,22,293,18.91,20.28,17.66
hoodie,basic,7.0,budget,CN,1048,189,31,35,9.92,11.2,9.77
hoodie,basic,7.0,standard,CN,84,12,38,113,12.88,14.93,12.16
hoodie,premium,10.0,budget,CN,413,93,9,302,25.33,26.9,24.7
hoodie,mid,8.5,budget,CN,1432,200,13,282,16.32,17.51,16.3
hoodie,mid,8.5,standard,CN,1819,200,33,110,15.23,18.78,15.66
hoodie,basic,7.0,standard,CN,1965,200,7,21,11.43,12.25,10.73
hoodie,mid,8.5,standard,CN,1097,68,17,263,17.03,20.05,17.06
hoodie,basic,7.0,standard,CN,1927,105,41,52,12.51,13.22,12.17
hoodie,basic,7.0,standard,US,1273,200,45,240,13.83,15.07,13.57
hoodie,mid,8.5,standard,MX,1897,200,23,145,20.39,22.25,18.91
hoodie,basic,7.0,premium,US,1961,200,41,140,13.85,17.13,13.58
hoodie,mid,8.5,standard,US,302,38,18,65,22.17,24.93,21.38
hoodie,basic,7.0,standard,US,1556,200,26,42,12.26,14.63,12.12
hoodie,basic,7.0,budget,CN,1046,200,7,122,9.09,11.92,9.35
hoodie,mid,8.5,standard,CN,1747,171,13,78,18.22,20.04,17.96
hoodie,premium,10.0,standard,US,1980,200,41,339,29.45,32.84,28.53
hoodie,mid,8.5,budget,CN,367,89,14,258,16.08,18.87,15.88
hoodie,premium,10.0,budget,US,427,92,38,292,27.18,34.29,27.75
hoodie,basic,7.0,premium,CN,1003,132,15,30,13.14,14.53,13.05
hoodie,premium,10.0,budget,CN,52,12,28,240,22.82,25.92,22.76
hoodie,basic,7.0,standard,US,1019,155,27,232,14.21,15.34,13.71
hoodie,basic,7.0,standard,US,889,115,18,326,14.02,17.43,13.63
hoodie,basic,7.0,premium,CN,885,127,24,36,13.78,14.09,13.12
hoodie,mid,8.5,standard,CN,1917,200,42,222,18.25,22.89,17.92
hoodie,mid,8.5,premium,CN,1733,200,45,282,20.37,24.85,20.72
hoodie,mid,8.5,budget,US,869,198,12,44,18.97,22.04,18.93
hoodie,mid,8.5,budget,MX,1896,200,38,347,16.74,18.69,16.33
hoodie,mid,8.5,standard,CN,33,12,9,40,16.82,19.93,17.35
hoodie,premium,10.0,premium,US,1328,200,44,236,35.43,35.48,33.18
hoodie,basic,7.0,budget,US,828,100,44,179,12.66,14.93,11.8
hoodie,basic,7.0,budget,US,996,200,24,218,11.42,14.15,11.55
hoodie,mid,8.5,premium,CN,33,12,27,106,19.68,24.48,20.35
hoodie,mid,8.5,standard,CN,1853,200,19,42,17.89,20.35,17.83
hoodie,mid,8.5,premium,US,1191,200,9,243,22.55,26.64,22.13
hoodie,mid,8.5,budget,CN,266,56,12,123,16.14,20.55,16.2
hoodie,basic,7.0,budget,US,963,200,23,139,12.56,13.74,12.26
hoodie,mid,8.5,standard,CN,1904,200,29,45,19.36,21.89,18.17
hoodie,basic,7.0,budget,CN,867,45,39,205,10.95,11.26,10.29
hoodie,mid,8.5,premium,CN,1150,181,38,189,20.8,22.93,19.44
hoodie,mid,8.5,budget,US,1507,96,29,179,18.37,20.45,17.45
hoodie,mid,8.5,premium,MX,1587,151,13,218,21.61,22.39,20.23
hoodie,premium,10.0,budget,CN,1990,200,24,164,23.26,25.97,23.56
hoodie,mid,8.5,budget,CN,1463,163,36,282,17.26,18.62,16.7
hoodie,mid,8.5,budget,US,1779,200,36,80,18.39,20.31,17.81
hoodie,basic,7.0,standard,CN,332,68,39,122,11.0,13.34,11.56
hoodie,premium,10.0,standard,CN,177,12,45,307,28.3,36.57,28.65
hoodie,mid,8.5,budget,US,1192,118,31,339,19.02,22.07,18.92
hoodie,premium,10.0,standard,CN,1611,96,18,159,25.17,29.62,26.24
hoodie,basic,7.0,standard,US,1188,80,40,147,12.83,16.32,12.84
hoodie,mid,8.5,premium,US,481,51,23,154,23.64,26.89,22.24
hoodie,mid,8.5,budget,CN,1772,200,11,136,15.06,17.51,15.18
hoodie,mid,8.5,standard,US,576,127,8,255,20.53,24.51,19.74
hoodie,basic,7.0,budget,CN,1329,93,11,107,10.21,10.53,9.86
hoodie,basic,7.0,standard,CN,1158,174,20,251,11.16,12.85,11.06
hoodie,basic,7.0,budget,CN,76,13,8,340,10.69,12.54,10.97
hoodie,premium,10.0,standard,CN,1813,200,19,80,26.71,27.81,26.47
hoodie,mid,8.5,standard,CN,132,13,38,34,18.86,19.67,17.79
hoodie,mid,8.5,standard,US,1038,189,17,347,19.63,21.99,19.12
hoodie,mid,8.5,standard,CN,1674,120,40,167,18.65,20.78,17.68
hoodie,basic,7.0,standard,CN,767,107,43,92,12.52,13.55,12.5
hoodie,mid,8.5,budget,CN,1670,200,13,175,16.38,17.64,15.3
hoodie,mid,8.5,premium,US,1036,200,30,343,22.08,28.66,22.55
hoodie,basic,7.0,standard,CN,1200,200,21,50,11.47,14.21,11.31
hoodie,premium,10.0,standard,CN,891,178,36,208,25.88,29.1,27.05
hoodie,basic,7.0,budget,US,113,12,40,231,12.6,14.66,11.83
hoodie,mid,8.5,standard,US,1822,200,7,193,18.38,21.4,19.02
hoodie,mid,8.5,standard,US,1816,200,33,112,19.52,23.23,19.96
hoodie,premium,10.0,premium,CN,451,37,42,253,30.86,34.89,28.9
hoodie,mid,8.5,premium,US,1044,112,31,109,24.27,26.26,23.99
hoodie,basic,7.0,premium,CN,359,65,20,289,13.23,13.16,12.46
hoodie,basic,7.0,standard,CN,1525,105,26,142,10.74,13.5,11.13
hoodie,basic,7.0,budget,CN,1414,200,31,104,11.27,12.8,10.87
hoodie,basic,7.0,standard,CN,1934,200,16,266,10.71,13.41,10.62
hoodie,mid,8.5,standard,US,703,35,35,44,18.57,22.62,19.26
hoodie,basic,7.0,standard,CN,267,55,19,59,10.78,12.81,11.32
hoodie,basic,7.0,budget,CN,1544,192,34,53,10.82,12.49,10.26
hoodie,mid,8.5,standard,US,213,41,10,152,20.93,24.07,22.03
hoodie,mid,8.5,standard,CN,800,151,36,203,18.61,22.1,18.01
hoodie,premium,10.0,standard,CN,962,200,15,315,25.97,27.91,24.75
hoodie,basic,7.0,standard,US,68,14,16,137,13.96,15.16,13.56
hoodie,premium,10.0,standard,US,405,29,38,339,29.92,37.2,29.96
hoodie,basic,7.0,premium,US,972,91,7,178,15.24,16.02,14.33
hoodie,mid,8.5,budget,MX,1030,197,11,339,15.03,18.55,15.69
hoodie,mid,8.5,budget,CN,1801,110,14,39,15.48,19.06,16.03
hoodie,basic,7.0,premium,US,966,59,43,44,15.73,19.14,15.35
hoodie,mid,8.5,standard,MX,1406,127,45,308,19.6,20.65,19.53
hoodie,premium,10.0,standard,CN,124,19,24,329,28.28,34.75,27.49
hoodie,basic,7.0,standard,CN,1562,200,40,173,11.58,13.54,11.48
hoodie,mid,8.5,standard,CN,549,112,36,192,19.77,22.27,19.38
hoodie,basic,7.0,premium,MX,1910,200,21,20,13.85,15.25,12.91
hoodie,basic,7.0,premium,MX,552,81,28,316,14.03,17.63,14.39
hoodie,premium,10.0,standard,CN,1781,142,12,47,25.38,31.13,25.39
hoodie,mid,8.5,budget,MX,61,12,41,107,19.23,21.49,17.94
hoodie,mid,8.5,premium,CN,268,47,35,54,19.66,23.39,19.81
hoodie,mid,8.5,budget,MX,1684,200,13,205,17.15,17.02,15.91
hoodie,basic,7.0,premium,CN,1724,200,30,68,12.26,14.13,12.78
hoodie,mid,8.5,premium,US,78,12,35,318,24.05,24.89,23.4
hoodie,basic,7.0,premium,CN,157,18,45,128,14.52,15.83,13.6
hoodie,mid,8.5,budget,MX,1797,200,11,332,17.2,17.92,16.87
hoodie,mid,8.5,premium,CN,897,200,10,341,22.27,22.21,20.82
hoodie,premium,10.0,budget,US,1786,118,34,213,24.53,30.1,25.29
hoodie,basic,7.0,budget,MX,1844,200,10,299,10.33,12.15,10.39
hoodie,premium,10.0,standard,CN,598,149,7,144,24.69,29.14,24.05
hoodie,mid,8.5,budget,US,38,12,10,115,18.54,23.82,19.35
hoodie,premium,10.0,budget,US,736,123,45,236,27.5,35.12,27.79
hoodie,basic,7.0,standard,MX,230,39,44,191,13.65,13.91,12.74
hoodie,basic,7.0,standard,US,102,12,15,220,12.89,14.43,13.32
hoodie,premium,10.0,standard,CN,1581,200,41,181,29.12,29.88,27.46
hoodie,mid,8.5,budget,US,1374,200,30,149,17.58,19.96,18.06
hoodie,mid,8.5,budget,CN,666,119,28,258,16.73,18.21,16.97
hoodie,premium,10.0,premium,MX,235,21,41,199,34.1,35.04,31.94
hoodie,basic,7.0,standard,CN,466,80,22,74,11.87,13.77,11.13
hoodie,basic,7.0,premium,CN,476,37,22,142,13.05,16.0,13.11
hoodie,mid,8.5,premium,US,692,165,17,296,22.49,25.38,23.05
hoodie,basic,7.0,standard,CN,555,122,27,180,13.04,13.51,12.4
hoodie,premium,10.0,budget,CN,1782,200,17,279,23.27,26.36,23.33
hoodie,basic,7.0,budget,CN,412,92,35,25,10.99,13.3,10.64
hoodie,premium,10.0,standard,CN,804,43,10,202,24.34,30.33,25.16
hoodie,basic,7.0,standard,MX,1944,200,12,223,10.97,12.51,11.42
hoodie,basic,7.0,premium,CN,1555,85,20,167,13.29,15.71,12.56
hoodie,premium,10.0,standard,CN,1919,200,31,292,25.67,27.97,25.33
hoodie,basic,7.0,standard,MX,1125,162,40,29,12.11,14.51,11.65
hoodie,basic,7.0,budget,CN,1939,200,11,104,10.25,11.89,9.51
hoodie,basic,7.0,premium,CN,952,178,30,113,12.17,14.71,12.01
hoodie,basic,7.0,budget,US,258,21,27,210,12.9,14.41,12.0
hoodie,mid,8.5,standard,CN,1727,174,24,81,18.33,20.09,17.64
hoodie,basic,7.0,budget,MX,178,28,31,36,10.89,12.51,10.52
hoodie,basic,7.0,budget,CN,1972,200,40,116,10.1,11.27,10.41
hoodie,basic,7.0,premium,US,1082,200,31,21,15.4,18.23,14.79
hoodie,basic,7.0,budget,CN,888,160,7,198,10.39,13.28,10.46
hoodie,mid,8.5,premium,CN,672,117,44,210,20.36,24.55,20.95
hoodie,mid,8.5,standard,CN,1710,86,42,277,18.41,20.59,18.09
hoodie,basic,7.0,budget,US,1836,200,36,64,11.29,13.2,11.56
hoodie,basic,7.0,premium,CN,1072,59,28,299,11.41,14.22,11.56
hoodie,basic,7.0,premium,US,1024,78,14,115,15.07,17.3,14.86
hoodie,basic,7.0,premium,US,1625,200,11,314,14.36,14.26,13.42
hoodie,basic,7.0,standard,MX,633,120,9,316,12.07,12.76,11.23
hoodie,mid,8.5,budget,US,265,42,42,30,19.04,22.85,18.7
hoodie,basic,7.0,budget,US,212,40,21,67,12.87,13.88,12.38
hoodie,basic,7.0,budget,CN,1430,132,15,50,9.57,12.21,9.92
hoodie,basic,7.0,budget,CN,525,117,38,175,9.83,11.48,9.64
hoodie,basic,7.0,standard,US,74,16,14,209,13.92,14.26,13.1
hoodie,basic,7.0,standard,US,1185,83,43,190,14.06,14.05,13.18
hoodie,mid,8.5,premium,MX,1576,180,21,217,19.85,22.36,20.42
hoodie,mid,8.5,budget,US,1381,193,9,104,17.55,17.64,16.47
hoodie,mid,8.5,budget,CN,1797,200,24,212,14.65,18.48,15.25
hoodie,mid,8.5,budget,US,978,145,38,94,19.22,21.82,18.47
hoodie,mid,8.5,standard,US,1750,200,29,131,18.91,20.45,19.36
hoodie,premium,10.0,standard,US,887,67,11,32,31.75,34.41,29.62
hoodie,basic,7.0,premium,US,1388,90,28,65,14.5,14.79,14.0
hoodie,basic,7.0,budget,US,1796,200,44,90,12.49,13.25,12.09
hoodie,mid,8.5,standard,US,874,102,22,302,21.36,22.34,20.28
hoodie,premium,10.0,premium,CN,766,111,19,127,25.65,28.35,26.93
hoodie,mid,8.5,budget,CN,827,64,31,263,14.87,17.34,15.46
hoodie,mid,8.5,standard,US,573,73,7,23,21.68,25.13,20.11
hoodie,basic,7.0,standard,MX,1512,200,25,212,12.2,13.44,12.36
hoodie,basic,7.0,budget,US,1347,200,8,85,11.73,14.01,11.79
hoodie,mid,8.5,standard,MX,856,170,45,71,19.92,20.07,18.98
hoodie,premium,10.0,budget,CN,1546,200,17,213,22.78,24.08,21.61
hoodie,basic,7.0,standard,MX,351,64,39,335,13.37,15.1,12.39
hoodie,mid,8.5,standard,CN,1126,200,42,341,19.31,20.1,18.12
hoodie,premium,10.0,standard,CN,1020,67,8,130,26.31,27.95,25.36
hoodie,mid,8.5,standard,US,206,20,16,254,23.99,25.23,22.38
hoodie,basic,7.0,budget,MX,1213,149,7,300,9.42,11.77,9.85
hoodie,premium,10.0,premium,US,1497,200,26,254,31.1,39.13,31.64
hoodie,mid,8.5,standard,MX,441,58,12,33,20.71,23.74,20.12
hoodie,premium,10.0,budget,CN,141,25,14,149,22.7,25.65,23.41
hoodie,basic,7.0,budget,US,1032,63,34,20,11.25,12.71,11.28
hoodie,premium,10.0,budget,CN,1373,90,23,61,22.21,27.54,23.29
hoodie,basic,7.0,budget,CN,782,80,9,63,11.09,11.88,10.3
hoodie,basic,7.0,standard,CN,574,92,42,72,12.08,13.91,11.39
hoodie,mid,8.5,premium,CN,78,15,41,97,21.01,25.12,20.9
hoodie,basic,7.0,premium,CN,304,64,31,159,13.9,14.63,12.87
hoodie,mid,8.5,premium,US,808,67,10,298,20.7,25.39,20.79
hoodie,basic,7.0,premium,CN,1838,200,22,307,12.17,15.12,12.78
hoodie,premium,10.0,standard,CN,270,13,40,190,29.33,30.04,27.95
hoodie,basic,7.0,standard,US,338,38,28,86,14.57,16.1,13.71
hoodie,basic,7.0,premium,CN,266,41,14,302,14.21,17.15,13.95
hoodie,basic,7.0,premium,US,1682,200,9,187,15.68,17.93,14.71
hoodie,mid,8.5,premium,US,489,79,40,162,24.26,27.76,23.2
hoodie,mid,8.5,standard,MX,316,59,11,311,17.91,21.88,18.82
hoodie,basic,7.0,standard,MX,1257,151,38,164,12.54,13.52,11.96
hoodie,mid,8.5,budget,US,918,154,14,172,16.94,20.77,17.34
hoodie,basic,7.0,standard,CN,1920,200,30,225,11.67,13.47,11.34
hoodie,mid,8.5,budget,US,797,68,33,130,17.76,19.89,18.04
hoodie,mid,8.5,budget,CN,1789,200,12,306,14.95,17.9,15.65
hoodie,mid,8.5,standard,CN,248,58,23,46,18.34,21.27,18.19
hoodie,premium,10.0,budget,CN,1207,200,35,210,24.08,28.24,23.58
hoodie,mid,8.5,budget,US,750,159,12,312,17.96,22.78,18.24
hoodie,basic,7.0,budget,US,537,105,20,250,10.94,12.59,11.44
hoodie,basic,7.0,premium,MX,419,45,19,190,13.2,15.46,13.11
hoodie,basic,7.0,budget,MX,1541,200,36,209,10.36,12.28,10.66
hoodie,basic,7.0,standard,US,1839,200,21,190,13.32,15.33,12.44
hoodie,basic,7.0,standard,CN,1873,200,19,46,12.85,14.27,12.22
hoodie,basic,7.0,budget,CN,849,81,8,21,9.39,11.21,9.53
hoodie,basic,7.0,budget,CN,1392,171,39,67,10.2,10.06,9.56
hoodie,mid,8.5,budget,CN,1413,200,23,49,15.64,16.81,15.08
hoodie,premium,10.0,premium,US,403,64,17,235,31.12,38.53,31.86
hoodie,basic,7.0,premium,US,1141,161,34,117,13.95,15.01,13.72
hoodie,premium,10.0,standard,US,1232,200,40,17,27.66,32.08,29.09
hoodie,mid,8.5,standard,US,1637,200,24,304,20.7,24.42,20.63
hoodie,mid,8.5,budget,US,1439,200,42,63,18.34,22.78,18.71
hoodie,mid,8.5,premium,CN,355,62,42,66,20.21,21.32,19.51
hoodie,mid,8.5,standard,CN,94,22,12,116,18.76,20.79,19.58
hoodie,basic,7.0,standard,CN,173,40,37,280,12.3,15.88,12.42
hoodie,mid,8.5,standard,US,1440,200,40,274,20.39,21.68,20.51
hoodie,mid,8.5,standard,CN,1124,72,40,275,17.51,20.0,17.03
hoodie,premium,10.0,standard,MX,1953,200,10,298,28.73,32.92,26.71
hoodie,mid,8.5,standard,US,1083,75,34,306,20.93,23.62,19.92
hoodie,mid,8.5,budget,CN,1614,136,35,99,16.6,18.0,15.72
hoodie,premium,10.0,budget,MX,909,190,17,132,25.06,26.11,24.52
hoodie,mid,8.5,standard,CN,101,25,24,53,18.33,22.92,17.92
hoodie,basic,7.0,standard,US,1841,200,9,301,12.28,14.2,12.18
hoodie,basic,7.0,budget,CN,943,149,42,231,10.66,11.59,10.53
hoodie,mid,8.5,standard,MX,965,200,8,226,19.54,22.51,18.8
hoodie,mid,8.5,standard,CN,1190,200,10,232,18.98,20.02,18.76
hoodie,basic,7.0,standard,MX,1344,126,33,221,12.38,14.69,11.83
hoodie,basic,7.0,budget,US,1787,200,29,127,11.98,14.41,11.87
hoodie,premium,10.0,standard,CN,307,57,24,187,26.31,31.28,25.33
hoodie,premium,10.0,budget,US,622,69,43,99,28.84,35.76,27.99
hoodie,basic,7.0,budget,CN,571,65,18,193,9.48,12.47,9.77
hoodie,mid,8.5,budget,CN,706,146,44,298,16.32,19.42,17.01
hoodie,basic,7.0,budget,CN,504,69,33,120,10.99,12.11,10.38
hoodie,mid,8.5,premium,CN,647,60,23,60,20.15,25.12,20.01
hoodie,mid,8.5,budget,US,1522,190,27,75,17.42,20.06,16.91
hoodie,premium,10.0,budget,CN,1040,200,39,119,23.95,26.2,24.52
hoodie,basic,7.0,standard,US,365,67,30,315,14.0,15.02,13.14
hoodie,basic,7.0,standard,CN,997,109,31,122,11.73,14.62,11.48
hoodie,mid,8.5,standard,CN,1396,200,7,188,17.6,19.51,17.76
hoodie,mid,8.5,standard,CN,1741,185,10,306,17.71,20.59,16.85
hoodie,premium,10.0,premium,US,860,194,11,351,34.17,42.09,34.08
hoodie,basic,7.0,budget,US,792,99,36,316,11.29,12.91,11.75
hoodie,mid,8.5,premium,CN,1697,200,35,182,20.33,21.4,20.31
hoodie,mid,8.5,budget,US,394,52,30,113,18.45,19.68,18.12
hoodie,mid,8.5,standard,CN,1230,200,44,218,20.27,23.24,19.1
hoodie,mid,8.5,standard,US,1576,179,42,32,20.56,21.96,20.82
hoodie,basic,7.0,budget,US,651,101,23,184,12.65,14.83,11.84
hoodie,premium,10.0,standard,MX,1798,149,45,120,26.88,31.59,26.15
hoodie,basic,7.0,premium,US,168,31,12,115,15.98,17.96,15.1
hoodie,mid,8.5,premium,CN,998,86,32,212,20.65,22.94,19.47
hoodie,basic,7.0,budget,CN,806,143,33,192,10.44,12.02,10.03
hoodie,basic,7.0,premium,CN,132,14,22,218,13.27,14.9,13.1
hoodie,mid,8.5,standard,CN,1212,200,19,79,18.55,20.41,18.55
hoodie,basic,7.0,standard,MX,667,77,35,312,13.44,13.47,12.74
hoodie,mid,8.5,standard,CN,1397,76,17,289,17.72,21.12,17.92
hoodie,mid,8.5,budget,US,1746,200,32,306,17.16,21.42,17.77
hoodie,basic,7.0,budget,MX,1143,176,39,323,10.24,11.67,10.06
hoodie,basic,7.0,standard,CN,186,46,26,76,12.08,14.58,12.31
hoodie,mid,8.5,premium,US,609,104,25,163,22.96,25.79,22.76
hoodie,basic,7.0,standard,CN,1008,163,11,45,11.43,14.42,11.63
hoodie,basic,7.0,standard,MX,1878,114,27,60,11.47,14.4,11.67
hoodie,basic,7.0,standard,US,1169,200,8,130,13.14,15.33,12.91
hoodie,mid,8.5,standard,CN,63,12,30,287,17.53,18.32,17.34
hoodie,basic,7.0,standard,US,1303,121,45,335,13.26,17.02,13.37
hoodie,mid,8.5,standard,CN,1004,189,26,360,19.3,22.01,17.91
hoodie,basic,7.0,standard,CN,857,112,35,284,11.3,12.44,11.27
hoodie,basic,7.0,standard,US,450,93,14,137,13.29,14.84,13.25
hoodie,mid,8.5,standard,CN,645,35,23,220,20.06,21.17,19.01
hoodie,mid,8.5,budget,MX,665,63,26,151,18.55,20.69,17.25
hoodie,basic,7.0,budget,MX,1361,194,17,38,10.08,12.13,9.74
hoodie,mid,8.5,premium,US,1286,128,23,273,23.61,24.74,22.75
hoodie,basic,7.0,budget,CN,814,93,25,338,10.42,12.2,10.23
hoodie,mid,8.5,budget,US,188,32,20,110,18.91,24.25,19.12
hoodie,premium,10.0,budget,CN,666,118,27,277,24.16,25.16,23.22
hoodie,basic,7.0,standard,CN,1756,120,18,259,12.35,15.02,12.06
hoodie,mid,8.5,budget,US,1722,199,26,93,17.54,19.04,17.17
hoodie,basic,7.0,standard,CN,799,53,18,308,11.43,13.69,11.95
hoodie,basic,7.0,budget,CN,1119,124,38,139,10.25,11.26,9.92
hoodie,basic,7.0,budget,CN,901,111,30,158,11.54,12.05,10.95
hoodie,mid,8.5,budget,US,867,122,18,237,19.41,19.96,18.7
hoodie,mid,8.5,premium,US,1075,186,39,322,22.65,25.05,22.8
hoodie,premium,10.0,standard,CN,1715,147,34,78,26.97,33.04,26.46
hoodie,mid,8.5,standard,CN,1041,196,39,57,18.31,22.94,18.02
hoodie,mid,8.5,standard,CN,174,17,23,36,19.93,21.64,20.22
hoodie,premium,10.0,standard,CN,791,150,41,84,29.26,33.5,27.31
hoodie,basic,7.0,standard,CN,293,18,8,352,11.6,12.36,11.53
hoodie,premium,10.0,standard,CN,1604,200,20,341,24.12,27.63,24.61
hoodie,basic,7.0,standard,MX,1589,200,23,152,12.99,14.57,12.39
hoodie,mid,8.5,budget,US,59,12,17,121,19.44,21.34,18.1
hoodie,basic,7.0,premium,CN,725,135,44,27,13.66,15.49,13.92
hoodie,mid,8.5,standard,US,1961,171,17,212,21.82,23.58,20.78
hoodie,basic,7.0,premium,CN,808,172,39,168,12.39,15.3,12.41
hoodie,mid,8.5,standard,US,1441,135,21,318,18.68,23.03,19.47
hoodie,basic,7.0,premium,CN,1058,160,35,294,13.45,15.47,12.57
hoodie,mid,8.5,premium,US,1415,200,28,260,24.02,27.3,23.35
hoodie,basic,7.0,premium,CN,1173,199,34,199,12.62,15.07,12.29
hoodie,mid,8.5,standard,CN,1650,200,8,244,17.52,20.37,16.89
hoodie,basic,7.0,standard,US,1859,170,17,243,13.33,15.66,13.08
hoodie,basic,7.0,standard,MX,1709,197,44,296,11.75,15.08,11.82
hoodie,premium,10.0,budget,MX,844,176,44,38,26.5,27.0,24.59
hoodie,basic,7.0,standard,MX,556,130,23,259,11.65,14.36,12.02
hoodie,basic,7.0,premium,CN,575,30,37,134,13.58,14.16,13.25
hoodie,mid,8.5,standard,US,1402,70,11,106,21.49,23.95,20.12
hoodie,premium,10.0,budget,MX,833,144,23,78,24.25,30.21,25.24
hoodie,premium,10.0,standard,CN,885,92,11,28,24.89,28.32,24.7
hoodie,basic,7.0,standard,MX,76,12,13,364,12.67,13.22,12.08
hoodie,mid,8.5,budget,US,816,53,40,127,18.77,18.64,17.52
hoodie,premium,10.0,budget,US,1678,200,31,151,27.88,33.2,29.2
hoodie,mid,8.5,budget,CN,1780,200,13,217,15.73,19.76,15.9
hoodie,basic,7.0,budget,US,261,15,10,215,12.76,15.16,12.65
hoodie,mid,8.5,standard,US,1113,200,17,51,20.04,24.52,19.85
hoodie,basic,7.0,standard,CN,989,172,41,37,11.85,13.22,11.45
hoodie,mid,8.5,standard,CN,580,82,34,183,17.44,18.24,17.29
hoodie,basic,7.0,standard,CN,841,147,27,338,12.46,13.29,11.93
hoodie,mid,8.5,standard,CN,195,42,8,312,18.42,21.8,17.86
hoodie,premium,10.0,standard,US,1130,200,32,175,29.5,32.97,28.09
hoodie,basic,7.0,premium,US,421,43,20,26,15.56,18.42,14.79
hoodie,basic,7.0,budget,US,1976,200,29,186,11.19,13.9,11.24
hoodie,mid,8.5,standard,US,620,128,12,231,20.66,25.3,20.43
hoodie,mid,8.5,standard,US,132,12,29,273,21.73,27.29,21.48
hoodie,premium,10.0,premium,CN,1428,142,8,292,32.97,36.3,30.83
hoodie,premium,10.0,premium,MX,1331,70,39,233,30.15,34.17,31.4
hoodie,basic,7.0,budget,CN,648,123,21,44,10.01,11.51,9.91
hoodie,basic,7.0,budget,US,244,46,40,68,13.21,13.89,12.96
hoodie,premium,10.0,standard,MX,954,200,34,133,29.91,32.42,27.92
hoodie,mid,8.5,standard,CN,173,12,7,216,18.9,21.34,18.56
hoodie,basic,7.0,standard,US,654,45,37,134,13.09,14.45,12.82
hoodie,mid,8.5,budget,CN,405,48,27,249,15.96,18.91,15.97
hoodie,mid,8.5,standard,CN,1494,200,21,362,18.2,18.05,17.06
hoodie,mid,8.5,premium,US,1357,135,37,29,24.37,24.75,23.48
hoodie,mid,8.5,standard,CN,151,28,11,193,19.66,22.31,18.32
hoodie,mid,8.5,budget,MX,482,29,26,263,15.53,19.47,16.02
hoodie,basic,7.0,standard,CN,765,135,45,190,11.99,13.26,11.37
hoodie,basic,7.0,standard,MX,1917,200,44,363,12.39,12.24,11.61
hoodie,basic,7.0,standard,US,1067,71,33,217,12.9,17.1,13.53
hoodie,mid,8.5,standard,MX,196,34,20,148,17.35,20.78,17.6
hoodie,basic,7.0,standard,CN,1105,68,40,269,11.68,12.18,10.92
hoodie,basic,7.0,premium,CN,558,38,34,251,11.84,14.43,12.3
hoodie,mid,8.5,budget,US,1289,169,38,168,18.47,22.08,18.13
hoodie,mid,8.5,budget,CN,1497,200,18,312,14.92,18.65,15.48
hoodie,mid,8.5,standard,CN,1164,130,23,283,18.29,18.87,17.13
hoodie,premium,10.0,budget,CN,1092,75,42,252,24.38,27.02,24.32
hoodie,basic,7.0,budget,MX,930,200,23,147,9.96,12.55,10.23
hoodie,basic,7.0,premium,CN,846,129,28,72,12.5,14.89,12.84
hoodie,basic,7.0,budget,CN,785,147,16,336,9.4,11.77,9.86
hoodie,basic,7.0,standard,CN,750,158,35,147,12.58,15.32,12.07
hoodie,mid,8.5,standard,US,1120,158,26,72,20.24,21.27,20.05
hoodie,mid,8.5,budget,CN,742,127,41,104,17.08,17.33,16.06
hoodie,basic,7.0,budget,US,1716,200,41,288,12.93,15.01,12.15
hoodie,basic,7.0,standard,US,1458,200,26,222,12.07,13.17,12.27
hoodie,mid,8.5,standard,CN,91,16,25,358,19.98,24.19,19.29
hoodie,mid,8.5,premium,CN,1062,200,22,174,18.79,24.3,19.04
hoodie,mid,8.5,standard,MX,300,42,11,83,21.26,22.65,19.89
hoodie,mid,8.5,standard,US,1719,200,7,316,19.71,21.74,19.54
hoodie,mid,8.5,premium,US,53,12,7,350,25.52,28.89,24.34
hoodie,basic,7.0,standard,CN,116,25,23,63,11.1,11.9,10.58
hoodie,mid,8.5,budget,US,1447,200,36,229,18.68,21.74,18.84
hoodie,basic,7.0,budget,CN,370,36,31,177,11.61,11.41,10.76
hoodie,basic,7.0,budget,CN,1212,192,14,283,9.8,10.48,9.98
hoodie,premium,10.0,standard,CN,339,53,32,282,27.45,32.74,26.6
hoodie,mid,8.5,standard,CN,129,29,19,19,18.93,24.22,19.76
hoodie,mid,8.5,budget,CN,365,33,44,253,17.72,18.65,17.13
hoodie,basic,7.0,budget,MX,1768,200,11,310,10.9,13.02,10.37
hoodie,mid,8.5,budget,CN,1383,115,45,171,17.37,19.5,16.22
hoodie,basic,7.0,standard,US,1599,200,26,312,13.38,16.38,13.04
hoodie,mid,8.5,standard,CN,1366,141,27,193,16.62,18.8,17.37
hoodie,mid,8.5,budget,US,516,62,40,272,19.34,20.94,19.02
hoodie,basic,7.0,budget,US,1081,200,13,236,11.55,12.71,11.24
hoodie,premium,10.0,standard,CN,773,70,16,314,26.51,27.17,25.56
hoodie,mid,8.5,standard,CN,1712,200,26,47,18.95,22.11,18.51
hoodie,basic,7.0,budget,CN,975,164,39,328,10.82,12.87,10.2
hoodie,basic,7.0,budget,CN,1975,200,14,256,9.79,10.86,9.63
hoodie,mid,8.5,standard,CN,1015,105,23,35,16.89,21.84,17.34
hoodie,mid,8.5,standard,CN,1530,200,8,266,18.46,21.24,17.12
hoodie,mid,8.5,standard,CN,753,106,8,55,17.39,19.42,16.17
hoodie,premium,10.0,standard,US,1429,113,15,183,30.66,35.13,29.02
hoodie,basic,7.0,standard,CN,1049,57,42,151,11.01,13.83,11.43
hoodie,mid,8.5,budget,CN,457,57,16,153,15.85,19.22,16.04
hoodie,mid,8.5,standard,US,1414,81,15,190,20.33,24.72,19.65
hoodie,basic,7.0,budget,CN,895,53,30,256,10.53,12.27,9.87
hoodie,mid,8.5,standard,CN,963,122,10,365,17.67,18.31,17.33
hoodie,mid,8.5,premium,US,1406,86,33,141,23.38,27.65,23.15
hoodie,mid,8.5,standard,CN,1704,175,15,37,18.36,20.6,17.46
hoodie,premium,10.0,standard,CN,464,114,34,298,27.92,33.69,26.65
hoodie,mid,8.5,standard,US,1986,200,29,191,20.43,23.84,19.05
hoodie,basic,7.0,standard,CN,897,181,24,270,10.97,12.9,11.29
hoodie,premium,10.0,standard,US,253,23,10,41,28.7,36.3,29.15
hoodie,basic,7.0,standard,CN,1068,127,44,149,12.79,13.26,11.88
hoodie,mid,8.5,budget,US,267,50,26,204,19.31,21.36,18.4
hoodie,basic,7.0,premium,US,1353,96,11,281,13.7,14.74,13.68
hoodie,mid,8.5,standard,CN,1816,200,29,180,19.39,21.76,18.09
hoodie,basic,7.0,premium,CN,335,36,36,250,13.14,14.38,13.68
hoodie,basic,7.0,standard,MX,929,175,36,164,11.81,14.32,12.0
hoodie,basic,7.0,standard,MX,704,120,35,64,11.9,13.92,12.15
hoodie,mid,8.5,standard,CN,1262,114,26,259,18.11,21.61,18.53
hoodie,basic,7.0,standard,CN,210,39,40,354,11.77,13.07,11.66
hoodie,mid,8.5,standard,CN,139,21,19,55,18.62,22.43,17.83
hoodie,basic,7.0,standard,US,99,17,8,178,12.97,17.3,13.53
hoodie,basic,7.0,standard,MX,1757,200,10,85,12.9,15.22,12.05
hoodie,mid,8.5,standard,CN,1955,200,43,178,18.94,19.09,17.81
hoodie,basic,7.0,standard,CN,490,27,40,137,12.33,13.1,11.85
hoodie,mid,8.5,standard,CN,375,73,23,181,18.79,21.07,19.32
hoodie,basic,7.0,standard,US,2000,200,25,191,12.15,14.81,11.58
hoodie,mid,8.5,standard,CN,1604,146,13,158,17.67,19.89,17.38
hoodie,basic,7.0,standard,CN,340,30,36,145,12.48,12.64,11.92
hoodie,basic,7.0,standard,US,1772,200,21,165,12.34,15.24,12.63
hoodie,basic,7.0,standard,CN,1840,200,20,139,11.0,11.97,10.97
hoodie,mid,8.5,standard,US,1039,59,17,183,20.23,24.67,20.29
hoodie,basic,7.0,standard,CN,1984,200,29,62,11.56,12.25,10.8
hoodie,basic,7.0,standard,CN,1374,154,30,100,11.1,13.14,10.75
hoodie,mid,8.5,premium,MX,708,76,37,92,22.58,26.67,21.09
hoodie,mid,8.5,premium,MX,118,23,11,73,23.87,24.36,23.18
hoodie,basic,7.0,standard,US,1262,97,30,338,12.26,14.59,12.84
hoodie,mid,8.5,premium,MX,1386,131,28,201,21.71,25.28,21.66
hoodie,mid,8.5,budget,CN,1602,129,23,121,16.74,18.82,15.9
hoodie,basic,7.0,premium,MX,1492,181,20,117,11.98,15.05,12.61
hoodie,mid,8.5,budget,US,1314,167,43,358,19.44,19.22,18.2
hoodie,mid,8.5,standard,CN,707,93,32,191,19.09,23.01,18.77
hoodie,mid,8.5,standard,MX,1347,174,41,217,18.14,18.8,17.4
hoodie,basic,7.0,budget,CN,111,12,8,45,10.89,12.38,10.47
hoodie,premium,10.0,premium,CN,1771,200,13,140,29.72,34.94,28.33
hoodie,basic,7.0,standard,CN,1496,118,10,92,11.22,14.41,11.64
hoodie,basic,7.0,standard,US,1416,200,14,152,13.68,14.28,12.77
hoodie,basic,7.0,standard,US,344,28,22,25,12.9,15.24,12.41
hoodie,basic,7.0,budget,US,415,31,40,323,12.28,13.35,11.85
hoodie,mid,8.5,premium,US,1186,82,21,185,21.45,24.83,22.09
hoodie,basic,7.0,standard,US,1017,200,18,315,12.8,14.83,12.76
hoodie,basic,7.0,budget,CN,1597,200,45,246,10.48,10.75,9.78
hoodie,basic,7.0,budget,CN,1155,101,36,34,9.4,10.18,9.58
hoodie,mid,8.5,budget,CN,274,53,28,230,18.12,19.9,17.35
hoodie,mid,8.5,premium,US,1623,145,18,314,22.27,25.26,21.81
hoodie,mid,8.5,standard,US,1138,200,18,167,21.38,22.42,21.06
hoodie,basic,7.0,standard,MX,364,31,17,285,11.72,14.21,12.2
hoodie,premium,10.0,budget,CN,359,33,45,28,26.03,27.14,25.69
hoodie,mid,8.5,standard,US,1907,200,9,365,19.44,24.79,19.63
hoodie,basic,7.0,premium,CN,540,114,31,240,13.33,16.24,13.1
hoodie,mid,8.5,standard,US,489,112,29,31,22.38,23.76,21.73
hoodie,mid,8.5,standard,CN,256,30,19,189,18.54,22.01,17.56
hoodie,premium,10.0,budget,CN,1094,152,44,200,27.25,26.86,25.46
hoodie,basic,7.0,budget,CN,1333,200,28,301,10.83,11.24,10.57
hoodie,mid,8.5,budget,US,1681,200,15,129,16.86,18.63,17.73
hoodie,basic,7.0,premium,CN,1166,159,26,271,12.33,14.23,12.32
hoodie,mid,8.5,standard,CN,741,61,13,151,17.54,19.89,17.55
hoodie,mid,8.5,standard,CN,1195,92,15,248,16.78,18.98,15.79
hoodie,mid,8.5,standard,CN,291,53,30,339,19.19,22.26,18.22
hoodie,basic,7.0,standard,CN,778,94,33,105,13.03,13.1,12.1
hoodie,mid,8.5,standard,MX,1860,200,8,345,19.68,22.21,18.81
hoodie,basic,7.0,budget,CN,435,58,24,101,10.01,10.63,9.45
hoodie,basic,7.0,standard,US,73,12,24,129,14.47,15.01,13.42
hoodie,basic,7.0,standard,US,1857,200,20,258,12.39,15.89,12.78
hoodie,basic,7.0,standard,CN,113,19,28,360,12.34,13.77,11.55
hoodie,premium,10.0,standard,US,1513,200,11,109,29.22,35.74,29.3
hoodie,mid,8.5,budget,US,934,99,42,251,17.61,19.64,17.62
hoodie,mid,8.5,standard,CN,1804,174,36,351,18.3,19.36,18.12
hoodie,basic,7.0,budget,CN,100,12,25,162,11.46,14.05,11.09
hoodie,basic,7.0,standard,US,1012,112,44,348,13.0,15.61,13.18
hoodie,mid,8.5,standard,CN,1620,200,35,100,18.28,21.85,17.33
hoodie,basic,7.0,budget,US,1189,200,8,226,11.39,11.43,10.69
hoodie,basic,7.0,standard,US,1399,200,20,52,11.96,13.87,12.23
hoodie,mid,8.5,standard,CN,673,38,33,21,19.24,23.6,19.09
hoodie,mid,8.5,budget,US,567,87,29,50,18.92,20.76,19.22
hoodie,mid,8.5,budget,CN,344,21,21,290,15.76,18.44,16.36
hoodie,basic,7.0,premium,US,914,77,37,63,14.43,15.51,14.66
hoodie,basic,7.0,premium,US,1998,200,23,269,13.31,14.77,13.43
hoodie,mid,8.5,budget,US,434,65,11,109,16.9,21.23,17.71
hoodie,basic,7.0,premium,CN,1556,132,8,294,13.04,13.22,12.5
hoodie,mid,8.5,standard,CN,287,32,21,134,19.56,22.26,18.26
hoodie,mid,8.5,budget,MX,177,38,44,64,18.42,19.66,17.68
hoodie,basic,7.0,premium,CN,1276,200,14,98,13.35,16.38,12.81
hoodie,mid,8.5,standard,CN,1756,200,18,278,17.89,18.88,16.85
hoodie,basic,7.0,standard,US,1793,200,16,196,13.65,14.01,12.92
hoodie,basic,7.0,standard,CN,1006,99,34,334,12.09,13.9,12.08
hoodie,basic,7.0,budget,CN,195,12,11,101,10.4,12.74,10.29
hoodie,basic,7.0,standard,CN,1034,149,40,133,10.86,12.55,10.76
hoodie,basic,7.0,budget,CN,1440,200,23,41,9.83,12.38,10.23
hoodie,premium,10.0,budget,CN,1585,110,29,246,20.93,23.87,21.87
hoodie,basic,7.0,standard,US,196,42,31,343,15.28,16.94,14.29
hoodie,premium,10.0,standard,MX,1416,110,32,43,28.61,34.91,27.96
hoodie,premium,10.0,standard,US,251,61,8,297,30.41,31.72,29.06
hoodie,mid,8.5,premium,CN,1002,128,37,124,18.23,22.42,19.14
hoodie,basic,7.0,premium,MX,472,100,45,345,14.25,18.18,14.21
hoodie,basic,7.0,standard,US,722,87,40,344,12.73,16.55,13.33
hoodie,basic,7.0,standard,CN,1148,107,33,334,11.21,12.73,10.92
hoodie,basic,7.0,premium,US,1997,200,34,165,14.45,17.79,15.05
hoodie,basic,7.0,budget,CN,284,29,33,47,10.35,12.31,10.07
hoodie,mid,8.5,premium,CN,926,120,44,74,21.55,25.9,21.22
hoodie,premium,10.0,standard,US,1123,103,38,281,32.66,35.11,30.44
hoodie,basic,7.0,premium,CN,1449,99,14,258,12.37,13.14,12.45
hoodie,mid,8.5,standard,CN,108,12,38,187,19.18,22.26,19.31
hoodie,mid,8.5,standard,CN,295,67,27,40,19.32,23.18,19.67
hoodie,basic,7.0,budget,US,1219,75,34,267,11.55,12.57,10.85
hoodie,basic,7.0,budget,US,1652,189,11,175,12.13,14.94,11.71
hoodie,mid,8.5,budget,US,1938,149,7,279,19.42,22.48,18.51
hoodie,basic,7.0,standard,CN,1778,89,7,141,11.77,11.73,11.16
hoodie,basic,7.0,budget,CN,1881,130,32,18,9.66,11.77,9.71
hoodie,mid,8.5,standard,CN,258,58,32,57,18.02,20.27,17.76
hoodie,basic,7.0,premium,CN,123,13,44,161,13.73,15.13,13.16
hoodie,mid,8.5,budget,CN,370,91,35,81,14.44,16.85,15.16
hoodie,mid,8.5,premium,CN,102,12,31,23,22.78,24.59,21.48
hoodie,mid,8.5,standard,US,1874,127,40,314,21.81,26.42,21.38
hoodie,premium,10.0,premium,CN,1304,200,20,112,27.07,33.03,27.77
hoodie,basic,7.0,budget,CN,502,79,42,239,11.15,11.87,10.6
hoodie,basic,7.0,standard,CN,1760,167,35,132,12.06,11.93,11.21
hoodie,basic,7.0,standard,CN,1618,200,45,170,11.86,12.16,11.32
hoodie,mid,8.5,standard,US,393,75,8,20,21.05,26.28,20.77
hoodie,basic,7.0,premium,US,629,81,12,176,15.36,18.12,14.26
hoodie,basic,7.0,premium,MX,1032,134,7,281,12.77,16.04,12.78
hoodie,premium,10.0,standard,US,1298,180,17,172,29.31,33.69,29.37
hoodie,mid,8.5,standard,CN,472,76,28,142,18.77,21.21,18.98
hoodie,basic,7.0,standard,CN,1829,200,32,113,11.67,13.35,10.93
hoodie,basic,7.0,premium,US,823,140,8,281,14.24,15.08,14.23
hoodie,mid,8.5,standard,CN,702,173,18,365,19.98,23.41,18.74
hoodie,basic,7.0,premium,CN,70,12,36,321,13.46,15.96,13.63
hoodie,mid,8.5,standard,CN,71,12,10,277,19.2,20.49,18.59
hoodie,premium,10.0,premium,CN,592,125,11,105,32.42,34.99,30.97
hoodie,mid,8.5,standard,US,433,89,42,280,23.87,28.22,23.07
hoodie,mid,8.5,budget,CN,741,40,26,127,17.37,20.97,16.91
hoodie,basic,7.0,standard,CN,138,19,34,242,12.45,13.16,12.53
hoodie,mid,8.5,budget,CN,1560,177,31,44,15.06,17.54,15.39
hoodie,basic,7.0,premium,CN,991,105,29,61,13.66,14.17,13.07
hoodie,basic,7.0,standard,MX,156,27,39,94,12.26,13.98,12.39
hoodie,basic,7.0,budget,US,945,175,38,256,12.73,12.93,12.13
hoodie,premium,10.0,standard,CN,188,27,23,58,24.8,32.1,25.89
hoodie,mid,8.5,standard,US,1410,200,19,360,22.23,27.28,21.62
hoodie,mid,8.5,standard,CN,535,93,42,256,17.3,20.0,17.88
hoodie,premium,10.0,standard,US,604,71,19,245,32.19,37.19,30.25
hoodie,mid,8.5,standard,US,881,188,34,189,20.97,23.61,20.72
hoodie,mid,8.5,standard,US,723,133,23,21,21.35,25.79,21.57
hoodie,mid,8.5,premium,CN,1197,118,35,198,19.42,24.86,19.64
hoodie,basic,7.0,budget,US,1209,123,9,183,11.6,14.73,11.79
hoodie,basic,7.0,premium,MX,1455,131,7,48,13.45,16.01,12.8
hoodie,basic,7.0,standard,US,583,129,39,290,13.2,15.79,12.64
hoodie,mid,8.5,budget,US,1819,200,40,133,19.13,21.11,19.54
hoodie,mid,8.5,standard,US,979,200,22,295,19.69,24.88,19.99
hoodie,mid,8.5,budget,CN,1285,200,23,288,15.95,18.97,15.66
hoodie,premium,10.0,standard,CN,1986,200,9,290,26.12,32.7,26.07
hoodie,mid,8.5,premium,CN,381,56,26,238,21.37,22.9,20.92
hoodie,mid,8.5,standard,US,724,164,14,220,21.61,22.69,20.65
hoodie,premium,10.0,premium,US,505,100,38,115,35.07,38.27,35.86
hoodie,mid,8.5,budget,US,895,119,14,231,19.08,21.9,18.22
hoodie,mid,8.5,standard,MX,1505,200,34,259,16.5,18.6,17.19
hoodie,basic,7.0,standard,CN,1313,200,15,145,12.19,14.78,11.78
hoodie,mid,8.5,standard,US,1431,200,32,240,20.07,23.97,20.14
hoodie,basic,7.0,standard,CN,1441,121,27,91,11.4,15.24,11.91
hoodie,mid,8.5,budget,US,1578,101,35,136,18.19,22.47,17.97
hoodie,mid,8.5,premium,MX,733,165,40,109,25.75,28.26,23.99
hoodie,mid,8.5,standard,CN,935,63,45,14,19.6,24.13,18.94
hoodie,mid,8.5,premium,US,264,24,32,166,24.19,25.91,23.67
hoodie,premium,10.0,budget,US,685,169,21,198,27.2,28.4,26.05
hoodie,mid,8.5,budget,CN,353,41,26,220,16.12,18.22,15.35
hoodie,basic,7.0,standard,CN,1264,153,43,243,11.67,13.06,11.53
hoodie,mid,8.5,standard,US,782,125,18,35,21.16,27.13,21.49
hoodie,basic,7.0,standard,MX,1672,200,19,216,11.8,14.25,11.19
hoodie,basic,7.0,standard,US,883,155,26,356,12.42,14.84,12.54
hoodie,premium,10.0,budget,CN,851,200,19,81,24.77,28.94,24.2
hoodie,basic,7.0,standard,US,72,12,44,164,13.52,14.22,13.14
hoodie,basic,7.0,standard,CN,383,39,23,122,11.69,13.97,11.62
hoodie,mid,8.5,budget,CN,1204,199,20,271,16.26,16.39,15.29
hoodie,premium,10.0,budget,CN,334,65,39,112,26.12,26.15,24.68
hoodie,basic,7.0,budget,US,1389,200,30,332,10.91,14.08,11.03
hoodie,basic,7.0,standard,US,1565,97,31,276,13.88,13.64,12.9
hoodie,premium,10.0,standard,US,1452,151,33,280,32.18,37.44,30.52
hoodie,basic,7.0,premium,US,586,54,22,227,13.92,17.42,14.29
hoodie,basic,7.0,premium,CN,729,75,28,331,13.56,15.63,13.1
hoodie,mid,8.5,standard,CN,995,168,13,319,20.05,20.18,19.02
hoodie,premium,10.0,budget,MX,624,39,33,176,25.18,25.92,24.59
hoodie,mid,8.5,standard,US,1200,132,20,217,21.21,21.27,19.93
hoodie,mid,8.5,budget,US,1573,104,20,227,17.92,19.68,17.92
hoodie,basic,7.0,standard,US,425,76,45,266,14.42,18.21,14.37
hoodie,basic,7.0,standard,US,1671,200,8,197,13.59,14.57,12.9
hoodie,basic,7.0,budget,CN,656,121,42,293,9.96,11.07,9.43
hoodie,premium,10.0,standard,US,1245,185,23,224,29.98,31.7,28.15
hoodie,basic,7.0,premium,CN,1424,186,20,97,13.59,16.26,12.95
hoodie,mid,8.5,standard,CN,1625,175,12,341,17.45,20.63,17.48
hoodie,mid,8.5,budget,CN,1343,200,11,216,14.42,18.89,15.12
hoodie,premium,10.0,budget,CN,1064,200,28,360,25.73,28.0,23.89
hoodie,mid,8.5,budget,US,412,70,16,316,20.0,22.88,19.31
hoodie,basic,7.0,standard,CN,1638,200,27,261,10.93,13.6,11.2
hoodie,premium,10.0,budget,US,1004,54,35,255,29.16,33.39,27.11
hoodie,basic,7.0,standard,CN,651,100,20,45,11.62,14.48,11.42
hoodie,basic,7.0,budget,US,70,13,29,348,12.81,14.41,12.24
hoodie,basic,7.0,premium,US,816,53,9,15,14.57,18.31,14.78
hoodie,basic,7.0,standard,US,1507,200,15,363,12.04,15.4,12.66
hoodie,basic,7.0,standard,CN,676,77,22,306,12.3,14.05,12.4
hoodie,basic,7.0,budget,CN,1943,157,43,291,11.26,13.15,10.94
hoodie,basic,7.0,budget,US,548,39,34,70,13.0,13.69,12.21
hoodie,premium,10.0,budget,CN,1561,200,45,221,24.87,29.64,23.96
hoodie,basic,7.0,standard,CN,1638,200,43,166,12.06,14.04,11.28
hoodie,basic,7.0,budget,US,362,69,21,25,10.89,12.44,10.96
hoodie,premium,10.0,standard,CN,1879,186,21,294,27.34,33.11,25.94
hoodie,basic,7.0,standard,MX,625,61,25,215,12.75,13.52,12.17
hoodie,mid,8.5,budget,US,434,66,43,342,20.58,22.35,19.7
hoodie,mid,8.5,premium,CN,1518,200,17,282,18.47,24.18,19.05
hoodie,mid,8.5,budget,US,1458,200,18,253,19.47,23.09,18.19
hoodie,mid,8.5,standard,MX,187,43,29,249,18.97,19.37,18.11
hoodie,basic,7.0,budget,CN,663,111,30,99,9.84,11.95,10.01
hoodie,basic,7.0,budget,US,431,32,26,86,11.16,12.7,10.76
hoodie,basic,7.0,budget,MX,1850,149,11,343,10.99,11.6,10.19
hoodie,mid,8.5,standard,US,524,101,16,30,20.83,25.39,19.88
hoodie,basic,7.0,budget,CN,1988,200,31,84,10.28,11.54,10.49
hoodie,premium,10.0,budget,US,158,14,7,73,29.75,30.71,28.11
hoodie,basic,7.0,standard,US,1004,151,8,204,13.78,13.95,12.9
hoodie,basic,7.0,standard,US,996,54,15,232,12.97,15.09,12.58
hoodie,mid,8.5,standard,CN,1086,200,18,193,18.85,22.01,18.36
hoodie,basic,7.0,budget,CN,737,39,35,236,9.76,11.57,10.04
hoodie,basic,7.0,budget,US,866,130,9,240,10.76,13.93,11.16
hoodie,mid,8.5,budget,US,1968,200,18,79,20.24,22.33,19.23
hoodie,mid,8.5,budget,CN,602,47,30,305,16.45,20.39,16.78
hoodie,basic,7.0,standard,US,200,42,21,122,14.4,16.36,14.31
hoodie,premium,10.0,premium,CN,990,110,26,225,26.02,29.32,27.24
hoodie,mid,8.5,standard,US,1494,200,11,70,17.52,21.46,18.12
hoodie,premium,10.0,standard,US,684,122,40,219,30.34,32.69,30.27
hoodie,basic,7.0,budget,CN,1746,192,39,289,10.37,11.1,10.11
hoodie,basic,7.0,budget,CN,1349,200,29,27,10.04,12.63,10.54
hoodie,mid,8.5,budget,US,1845,200,38,284,17.63,21.12,18.17
hoodie,basic,7.0,standard,CN,548,46,26,132,12.27,13.26,11.6
hoodie,basic,7.0,budget,US,658,103,32,248,11.13,12.64,11.61
hoodie,mid,8.5,standard,US,476,51,35,251,20.81,26.39,20.72
hoodie,mid,8.5,standard,CN,281,40,22,138,18.53,22.04,17.52
hoodie,basic,7.0,standard,CN,694,153,14,123,10.62,13.21,10.77
hoodie,mid,8.5,standard,CN,922,156,8,249,17.47,18.43,17.34
hoodie,basic,7.0,standard,US,715,174,8,24,11.9,14.99,12.2
hoodie,basic,7.0,budget,US,377,91,44,103,12.31,14.24,12.35
hoodie,basic,7.0,budget,MX,774,91,17,181,10.72,12.89,11.13
hoodie,mid,8.5,standard,MX,681,55,32,171,18.48,21.17,18.89
hoodie,mid,8.5,budget,US,340,18,15,40,16.4,19.27,17.25
hoodie,mid,8.5,budget,MX,356,44,17,45,16.9,19.82,17.14
hoodie,basic,7.0,standard,US,1971,189,17,205,12.76,15.91,12.45
hoodie,premium,10.0,standard,US,726,92,19,105,29.24,33.53,29.38
hoodie,mid,8.5,premium,CN,257,47,28,290,19.38,22.24,19.67
hoodie,basic,7.0,budget,CN,1882,193,13,27,9.63,11.92,10.09
hoodie,mid,8.5,standard,US,634,39,33,87,18.94,24.15,19.44
hoodie,basic,7.0,premium,CN,979,110,45,206,13.25,14.9,13.21
hoodie,basic,7.0,budget,MX,1969,200,20,152,9.31,11.14,9.57
hoodie,basic,7.0,budget,CN,186,38,9,247,10.45,13.44,10.63
hoodie,mid,8.5,standard,MX,1062,173,32,263,18.91,23.7,19.47
hoodie,basic,7.0,standard,MX,827,200,37,355,11.85,14.6,11.67
hoodie,basic,7.0,budget,CN,1676,153,29,102,10.45,12.91,10.19
hoodie,mid,8.5,standard,US,361,28,36,266,21.88,23.68,20.75
hoodie,basic,7.0,budget,US,595,95,32,295,12.08,15.75,12.66
hoodie,premium,10.0,standard,CN,881,62,30,180,26.33,31.99,26.99
hoodie,mid,8.5,budget,CN,1843,200,31,53,16.99,20.15,16.5
hoodie,basic,7.0,standard,MX,803,51,16,326,12.28,12.65,11.39
hoodie,basic,7.0,standard,CN,1576,200,19,264,10.11,12.62,10.59
hoodie,basic,7.0,premium,CN,92,12,20,178,14.35,16.55,13.37
hoodie,premium,10.0,budget,US,1392,144,27,217,26.36,32.48,25.85
hoodie,basic,7.0,budget,CN,1223,200,32,177,9.92,11.64,10.18
hoodie,mid,8.5,standard,US,182,38,39,186,20.66,25.19,20.76
hoodie,mid,8.5,budget,MX,1216,79,45,163,18.0,18.38,16.98
hoodie,basic,7.0,standard,MX,169,27,28,258,12.02,13.96,12.01
hoodie,basic,7.0,standard,MX,352,64,30,280,10.94,12.83,11.16
hoodie,mid,8.5,standard,CN,506,126,25,38,18.65,22.03,17.84
hoodie,mid,8.5,budget,CN,1766,200,29,338,16.3,19.48,16.26
hoodie,basic,7.0,premium,US,1010,169,33,185,13.42,15.39,14.08
hoodie,basic,7.0,premium,CN,52,12,33,351,13.74,15.71,13.33
hoodie,basic,7.0,budget,US,1666,112,16,363,12.97,13.73,12.3
hoodie,mid,8.5,standard,US,1189,113,18,337,19.28,21.16,18.99
hoodie,mid,8.5,budget,US,1046,200,15,326,19.53,20.68,18.69
hoodie,basic,7.0,standard,CN,1071,99,26,29,11.31,15.04,11.77
hoodie,mid,8.5,standard,CN,239,42,33,52,18.97,24.55,19.9
hoodie,mid,8.5,budget,US,1119,181,10,148,17.63,19.64,18.12
hoodie,basic,7.0,standard,CN,1722,129,37,198,11.37,13.66,11.75
hoodie,mid,8.5,standard,MX,1480,200,18,108,18.68,20.34,18.77
hoodie,basic,7.0,budget,CN,1291,200,19,109,10.97,11.38,10.27
hoodie,basic,7.0,standard,US,833,98,11,230,11.92,14.31,12.06
hoodie,basic,7.0,budget,MX,433,71,34,16,12.18,14.08,11.35
hoodie,basic,7.0,budget,US,1202,157,26,259,11.1,14.26,11.35
hoodie,mid,8.5,standard,CN,420,82,14,312,17.45,21.8,17.11
hoodie,basic,7.0,standard,CN,136,27,20,235,12.34,14.07,11.43
hoodie,premium,10.0,standard,CN,1535,200,30,195,26.47,29.22,24.69
hoodie,premium,10.0,standard,US,1714,200,35,221,29.34,33.36,29.77
hoodie,mid,8.5,standard,CN,736,137,25,134,17.41,20.37,18.32
hoodie,premium,10.0,budget,US,342,37,13,228,27.52,30.28,27.22
hoodie,premium,10.0,budget,US,322,22,18,362,30.31,30.29,28.18
hoodie,mid,8.5,standard,CN,1007,88,39,61,17.91,20.72,18.78
hoodie,basic,7.0,budget,MX,694,48,18,316,10.38,12.38,10.17
hoodie,basic,7.0,standard,US,446,43,37,65,12.84,16.46,12.94
hoodie,basic,7.0,standard,US,438,108,25,129,14.01,14.85,13.91
hoodie,mid,8.5,standard,MX,157,35,31,131,19.77,20.97,19.61
hoodie,basic,7.0,budget,US,457,45,39,99,11.94,15.29,12.39
hoodie,mid,8.5,premium,MX,1436,200,9,217,22.18,26.29,21.6
hoodie,basic,7.0,standard,US,110,12,39,169,14.16,17.28,14.67
hoodie,mid,8.5,standard,CN,229,46,39,57,19.89,21.2,19.36
hoodie,premium,10.0,standard,US,1519,200,13,116,31.89,36.04,31.35
hoodie,mid,8.5,standard,CN,1442,155,31,55,17.38,19.44,17.64
hoodie,mid,8.5,standard,CN,1393,200,22,209,17.05,21.37,17.64
hoodie,mid,8.5,standard,CN,1566,200,30,136,18.39,22.13,18.05
hoodie,basic,7.0,budget,MX,1432,182,35,85,11.12,14.12,11.06
hoodie,premium,10.0,budget,CN,1160,157,19,47,25.96,28.67,24.36
hoodie,premium,10.0,standard,CN,1547,200,42,211,26.2,28.67,25.84
hoodie,premium,10.0,premium,US,1269,200,30,190,35.37,37.43,35.64
hoodie,basic,7.0,budget,CN,254,27,21,291,11.95,12.46,11.2
hoodie,basic,7.0,premium,US,282,61,37,186,14.43,16.55,13.98
hoodie,basic,7.0,budget,CN,1937,200,10,329,9.91,12.25,10.16
hoodie,basic,7.0,standard,US,1348,154,39,281,13.67,16.96,13.27
hoodie,mid,8.5,budget,CN,1710,200,19,197,16.63,18.15,16.01
hoodie,mid,8.5,premium,US,973,200,36,223,22.5,25.95,21.6
hoodie,basic,7.0,standard,CN,1350,200,24,130,12.05,13.78,12.02
hoodie,basic,7.0,standard,CN,182,25,14,237,12.05,13.21,11.73
hoodie,premium,10.0,standard,CN,1919,200,10,231,26.97,29.88,26.5
hoodie,mid,8.5,budget,CN,564,88,22,45,16.29,18.01,16.01
hoodie,mid,8.5,budget,US,1213,110,26,126,18.21,20.69,17.07
hoodie,basic,7.0,premium,CN,754,75,9,310,13.56,14.93,12.69
hoodie,premium,10.0,standard,CN,92,12,30,95,27.81,31.99,26.74
hoodie,mid,8.5,premium,CN,65,12,23,250,21.91,28.44,22.36
hoodie,mid,8.5,standard,US,929,152,45,264,20.86,21.13,20.12
hoodie,basic,7.0,standard,MX,749,152,13,332,12.66,13.24,12.01
hoodie,premium,10.0,standard,CN,767,149,24,74,24.96,27.65,26.05
hoodie,basic,7.0,budget,CN,132,22,27,59,10.37,12.87,10.65
hoodie,basic,7.0,standard,CN,216,23,23,359,11.84,14.0,11.75
hoodie,basic,7.0,standard,CN,783,89,22,260,11.63,14.23,11.29
hoodie,basic,7.0,standard,US,624,70,41,158,13.87,14.48,13.12
hoodie,basic,7.0,premium,MX,1615,200,42,292,14.02,16.66,14.1
hoodie,basic,7.0,standard,US,1174,105,10,300,11.53,12.7,11.99
hoodie,basic,7.0,budget,MX,1380,200,23,352,10.23,12.54,10.48
hoodie,mid,8.5,premium,CN,620,145,14,262,21.88,24.97,20.92
hoodie,basic,7.0,budget,US,1432,200,9,246,12.16,13.48,11.29
hoodie,mid,8.5,budget,US,809,148,34,354,17.56,19.9,18.08
hoodie,mid,8.5,standard,US,1325,200,14,359,21.09,25.27,20.0
hoodie,basic,7.0,premium,MX,1905,200,22,218,13.37,16.22,12.88
hoodie,mid,8.5,budget,CN,1745,200,29,244,15.5,17.15,15.42
hoodie,basic,7.0,budget,MX,1367,200,29,163,11.37,12.31,11.27
hoodie,basic,7.0,standard,CN,1183,200,17,170,11.46,14.01,11.01
hoodie,basic,7.0,budget,US,997,176,11,147,11.49,13.27,11.17
hoodie,basic,7.0,budget,CN,1407,173,37,84,9.95,11.84,10.01
hoodie,mid,8.5,premium,US,1728,117,31,260,22.55,26.97,23.06
hoodie,basic,7.0,premium,CN,680,145,25,290,13.59,15.12,13.26
hoodie,mid,8.5,standard,US,507,122,30,294,19.55,21.5,19.69
hoodie,basic,7.0,standard,US,254,62,30,361,13.31,15.95,13.44
hoodie,basic,7.0,budget,US,775,55,42,252,10.99,12.19,11.28
hoodie,basic,7.0,standard,US,959,110,10,82,13.07,16.27,12.72
hoodie,basic,7.0,budget,CN,1993,200,18,17,10.42,11.48,10.81
hoodie,mid,8.5,budget,CN,1585,100,16,319,14.86,18.85,14.74
hoodie,premium,10.0,budget,US,908,84,10,343,26.34,28.83,25.11
hoodie,premium,10.0,standard,US,458,41,8,106,30.61,35.64,30.4
hoodie,mid,8.5,budget,US,361,53,33,96,18.8,21.54,19.24
hoodie,mid,8.5,standard,MX,1175,100,30,217,19.71,21.79,18.35
hoodie,mid,8.5,premium,MX,92,15,43,169,21.48,25.04,22.38
hoodie,basic,7.0,budget,CN,924,125,19,245,10.77,14.07,11.07
hoodie,premium,10.0,standard,CN,749,118,26,268,25.06,30.7,24.43
hoodie,basic,7.0,standard,CN,1505,76,14,301,10.55,12.51,10.53
hoodie,mid,8.5,standard,CN,598,133,11,64,19.33,20.99,18.71
hoodie,basic,7.0,premium,US,703,93,36,15,16.06,17.42,14.95
hoodie,basic,7.0,premium,CN,1142,67,26,217,12.34,16.47,12.98
hoodie,basic,7.0,standard,CN,1626,200,18,272,10.72,12.81,11.07
hoodie,basic,7.0,standard,US,1334,110,17,106,12.04,15.31,12.49
hoodie,mid,8.5,standard,CN,382,63,25,149,17.52,20.78,16.54
hoodie,basic,7.0,standard,CN,1497,103,25,275,12.43,14.03,12.11
hoodie,basic,7.0,standard,CN,294,54,28,155,12.37,13.92,11.84
hoodie,basic,7.0,standard,US,1797,171,39,352,12.63,15.24,12.27
hoodie,mid,8.5,premium,MX,161,22,29,128,23.38,25.65,22.74
hoodie,basic,7.0,standard,MX,1360,200,12,80,11.53,11.94,11.26
hoodie,mid,8.5,standard,CN,643,129,36,141,19.1,20.51,18.56
hoodie,basic,7.0,budget,US,1136,195,13,41,11.13,14.11,11.71
hoodie,mid,8.5,standard,CN,822,145,13,330,18.29,23.76,19.09
hoodie,basic,7.0,standard,MX,1615,200,23,358,10.92,13.36,10.96
hoodie,basic,7.0,budget,CN,638,52,39,164,10.94,13.46,10.61
hoodie,basic,7.0,standard,US,1731,200,35,103,12.07,14.37,12.65
hoodie,basic,7.0,premium,CN,272,46,43,118,14.75,17.47,13.69
hoodie,premium,10.0,premium,CN,1211,200,8,363,28.52,30.64,26.7
hoodie,basic,7.0,budget,US,772,164,17,291,12.5,13.23,11.79
hoodie,mid,8.5,standard,CN,1724,200,17,262,16.35,19.53,17.07
hoodie,mid,8.5,budget,CN,304,40,14,205,16.0,17.91,15.57
hoodie,basic,7.0,standard,US,389,58,14,23,12.55,13.62,12.04
hoodie,basic,7.0,budget,MX,1915,200,23,201,9.98,13.13,10.35
hoodie,mid,8.5,standard,US,1255,128,19,301,19.93,22.14,19.3
hoodie,basic,7.0,standard,CN,1799,200,24,317,11.31,13.56,11.18
hoodie,mid,8.5,budget,CN,1174,179,12,75,16.2,19.14,16.52
hoodie,basic,7.0,standard,US,352,32,13,150,13.01,15.54,12.91
hoodie,premium,10.0,standard,CN,321,47,38,322,27.78,33.02,28.29
hoodie,mid,8.5,standard,CN,108,23,11,112,19.99,23.91,18.89
hoodie,basic,7.0,budget,US,602,92,22,176,12.55,15.21,12.38
hoodie,mid,8.5,budget,US,1828,184,29,257,19.56,21.87,18.17
hoodie,basic,7.0,standard,US,59,12,18,275,12.18,15.43,12.59
hoodie,mid,8.5,standard,CN,1129,200,21,334,17.46,19.64,17.71
hoodie,basic,7.0,premium,US,146,31,37,307,16.59,19.06,15.92
hoodie,mid,8.5,budget,CN,1912,200,14,133,15.18,19.78,15.8
hoodie,premium,10.0,standard,CN,1924,200,33,297,25.89,28.59,26.22
hoodie,basic,7.0,premium,US,42,12,33,98,15.2,16.53,15.71
hoodie,mid,8.5,standard,CN,911,97,28,355,18.12,22.46,18.11
hoodie,basic,7.0,standard,CN,527,120,28,36,11.57,14.0,11.77
hoodie,mid,8.5,standard,CN,1831,200,27,27,18.9,19.12,17.89
hoodie,mid,8.5,budget,CN,1951,200,44,145,15.34,18.46,15.56
hoodie,basic,7.0,budget,CN,1750,138,10,161,9.85,10.49,9.36
hoodie,basic,7.0,budget,US,1738,200,21,305,11.79,12.65,11.79
hoodie,basic,7.0,budget,US,886,167,30,262,11.23,13.08,11.71
hoodie,basic,7.0,standard,CN,1465,200,39,287,11.71,13.81,11.02
hoodie,mid,8.5,premium,MX,537,52,12,257,21.01,22.7,21.26
hoodie,premium,10.0,budget,MX,1616,200,45,330,24.58,27.73,23.86
hoodie,mid,8.5,premium,MX,1557,200,35,76,21.27,23.48,21.64
hoodie,basic,7.0,budget,MX,674,164,7,118,9.98,11.58,10.37
hoodie,basic,7.0,budget,CN,1796,200,16,36,10.35,11.5,9.68
hoodie,basic,7.0,premium,US,125,29,10,233,15.41,18.02,14.98
hoodie,mid,8.5,standard,US,958,88,30,95,21.1,25.06,22.21
hoodie,mid,8.5,premium,MX,967,119,41,105,20.75,25.65,21.58
hoodie,mid,8.5,standard,CN,781,176,10,299,18.31,20.59,17.45
hoodie,mid,8.5,standard,MX,1479,200,40,76,18.69,22.37,18.97
hoodie,mid,8.5,premium,US,1172,113,15,342,20.89,23.29,21.25
hoodie,premium,10.0,standard,CN,1854,200,28,110,26.85,31.4,25.87
hoodie,mid,8.5,standard,CN,1305,68,10,303,17.55,20.04,17.94
hoodie,basic,7.0,budget,CN,1308,200,9,26,11.05,11.6,10.53
hoodie,basic,7.0,budget,CN,625,112,7,350,10.97,12.12,10.41
hoodie,premium,10.0,standard,MX,1008,151,43,28,29.79,30.34,27.88
hoodie,mid,8.5,premium,US,1955,200,45,53,22.93,24.93,23.18
hoodie,premium,10.0,premium,US,1374,117,17,157,30.54,36.4,31.98
hoodie,mid,8.5,premium,US,753,59,41,121,24.44,26.92,22.81
hoodie,mid,8.5,standard,MX,243,32,29,42,19.31,21.63,19.34
hoodie,basic,7.0,budget,MX,921,117,14,354,10.21,11.88,10.43
hoodie,basic,7.0,standard,US,213,12,9,23,13.6,17.05,13.66
hoodie,basic,7.0,standard,US,997,200,22,294,12.87,15.55,12.21
hoodie,mid,8.5,budget,US,1444,200,30,271,18.3,18.38,17.1
hoodie,mid,8.5,budget,MX,350,30,19,256,17.69,19.18,17.82
hoodie,basic,7.0,standard,US,1938,109,20,58,11.81,13.12,12.39
hoodie,mid,8.5,standard,CN,1165,200,18,360,19.06,19.47,17.94
hoodie,basic,7.0,budget,US,1847,200,28,358,10.97,11.68,10.9
hoodie,basic,7.0,premium,US,1975,200,20,211,14.85,18.22,14.91
hoodie,premium,10.0,budget,MX,1731,200,35,95,25.72,29.56,24.2
hoodie,basic,7.0,standard,US,1454,200,11,266,13.26,13.85,13.16
hoodie,mid,8.5,premium,CN,711,169,16,164,20.52,22.93,19.97
hoodie,premium,10.0,budget,CN,616,105,41,40,23.63,25.79,24.12
hoodie,mid,8.5,premium,MX,1923,200,19,162,22.16,22.84,20.74
hoodie,basic,7.0,budget,MX,737,92,28,134,10.39,11.52,10.15
hoodie,premium,10.0,budget,CN,1544,200,27,157,21.99,28.17,23.08
hoodie,basic,7.0,standard,CN,1276,200,10,282,11.52,13.22,11.28
hoodie,mid,8.5,standard,CN,1496,200,29,271,18.25,22.0,18.4
hoodie,basic,7.0,standard,US,944,155,37,147,13.49,16.28,12.9
hoodie,mid,8.5,standard,CN,143,28,26,123,18.97,20.98,18.92
hoodie,premium,10.0,premium,MX,1106,127,35,281,33.66,39.84,31.65
hoodie,mid,8.5,budget,US,675,65,39,68,21.64,23.56,20.13
hoodie,mid,8.5,premium,MX,560,69,13,322,21.62,25.96,20.82
hoodie,mid,8.5,standard,CN,170,30,43,329,18.43,19.66,18.3
hoodie,premium,10.0,standard,CN,1516,200,30,327,25.24,27.62,25.89
hoodie,mid,8.5,premium,CN,743,104,30,118,21.34,23.52,21.36
hoodie,mid,8.5,budget,CN,663,140,24,69,16.59,19.87,16.38
hoodie,mid,8.5,standard,CN,170,30,20,232,18.64,22.14,18.21
hoodie,basic,7.0,standard,US,1608,200,44,150,13.97,15.01,13.0
hoodie,mid,8.5,premium,CN,1561,155,38,28,21.68,24.29,20.48
hoodie,mid,8.5,standard,US,1454,140,20,340,20.47,24.09,20.39
hoodie,basic,7.0,standard,US,371,54,33,38,14.21,16.57,13.81
hoodie,basic,7.0,budget,US,28,12,36,42,12.38,14.37,12.66
hoodie,mid,8.5,standard,US,805,159,11,292,20.78,23.12,20.9
hoodie,mid,8.5,budget,MX,152,32,13,17,18.44,19.02,17.6
hoodie,basic,7.0,standard,US,1171,200,9,177,13.61,13.51,12.65
hoodie,premium,10.0,standard,CN,164,32,43,114,27.93,28.77,26.74
hoodie,mid,8.5,premium,US,918,158,37,47,23.52,25.4,23.77
hoodie,mid,8.5,standard,US,896,85,18,300,19.49,21.62,20.1
hoodie,basic,7.0,standard,CN,1892,200,44,182,10.66,11.71,11.0
hoodie,premium,10.0,budget,MX,1628,132,27,143,26.04,29.37,24.75
hoodie,basic,7.0,budget,CN,346,66,17,56,10.63,12.34,9.94
hoodie,basic,7.0,standard,CN,703,132,29,330,10.66,13.7,10.74
hoodie,basic,7.0,budget,US,540,97,15,228,11.51,13.8,11.93
hoodie,basic,7.0,standard,US,1044,200,19,92,12.14,13.65,12.75
hoodie,basic,7.0,premium,CN,291,15,13,282,12.77,13.47,12.09
hoodie,mid,8.5,budget,CN,1070,200,42,19,16.31,17.79,16.72
hoodie,premium,10.0,premium,MX,1278,174,9,310,28.84,31.65,27.51
hoodie,mid,8.5,budget,MX,345,82,45,236,17.92,21.53,18.09
hoodie,basic,7.0,premium,MX,110,12,38,76,13.32,14.88,13.42
hoodie,mid,8.5,standard,US,1053,200,26,222,23.21,29.13,22.98
hoodie,basic,7.0,premium,US,1321,184,29,115,13.19,16.78,13.49
hoodie,mid,8.5,premium,CN,1601,148,18,253,19.96,22.31,19.85
hoodie,mid,8.5,standard,CN,617,46,26,318,17.6,21.24,17.78
hoodie,mid,8.5,budget,CN,1519,85,8,93,17.2,17.9,16.22
hoodie,basic,7.0,standard,MX,1852,200,25,197,11.74,15.39,12.07
hoodie,basic,7.0,budget,US,1641,200,22,125,12.84,15.81,12.79
hoodie,premium,10.0,standard,CN,1097,186,33,200,27.3,27.73,25.58
hoodie,basic,7.0,standard,US,477,104,42,14,12.67,15.47,12.93
hoodie,mid,8.5,budget,CN,1277,83,30,358,16.12,17.43,16.28
hoodie,premium,10.0,standard,US,1606,200,31,92,29.16,34.85,29.28
hoodie,basic,7.0,budget,US,758,120,32,186,12.63,13.65,11.84
hoodie,mid,8.5,budget,US,1841,200,45,84,18.63,18.82,17.67
hoodie,mid,8.5,standard,CN,1723,118,8,343,16.44,19.9,17.22
hoodie,basic,7.0,standard,US,1412,176,32,303,13.37,15.18,13.26
hoodie,basic,7.0,budget,MX,1321,200,31,115,11.21,12.3,11.16
hoodie,mid,8.5,budget,US,529,34,10,248,18.33,20.12,17.26
hoodie,premium,10.0,premium,CN,185,19,24,109,29.79,37.52,30.44
hoodie,mid,8.5,premium,MX,1521,192,14,158,20.41,22.03,20.09
hoodie,premium,10.0,standard,CN,1552,97,38,167,27.53,30.07,26.8
hoodie,basic,7.0,budget,US,1115,119,37,146,12.8,13.59,12.16
hoodie,premium,10.0,budget,CN,1065,200,37,96,24.43,26.93,22.86
hoodie,mid,8.5,budget,CN,1920,200,28,190,15.8,19.88,16.57
hoodie,basic,7.0,budget,CN,44,12,44,326,11.81,13.68,11.68
hoodie,mid,8.5,standard,CN,1183,200,9,191,18.82,20.77,18.26
hoodie,premium,10.0,premium,CN,907,153,20,135,31.03,31.23,29.69
hoodie,mid,8.5,standard,CN,286,51,29,114,17.75,18.26,16.72
hoodie,mid,8.5,standard,CN,447,62,38,356,18.79,21.94,19.36
hoodie,mid,8.5,standard,US,90,12,13,73,21.89,25.57,21.99
hoodie,mid,8.5,standard,CN,426,56,25,302,18.4,20.52,18.3
hoodie,basic,7.0,standard,US,1146,166,36,49,14.14,16.51,13.17
hoodie,basic,7.0,premium,MX,1395,200,44,56,13.97,17.8,14.17
hoodie,mid,8.5,budget,CN,912,74,37,123,16.45,17.13,15.63
hoodie,mid,8.5,premium,CN,906,60,16,14,18.48,21.57,18.39
hoodie,mid,8.5,standard,US,625,50,37,260,19.25,22.18,19.43
hoodie,basic,7.0,budget,CN,1444,200,29,32,10.13,11.68,9.75
hoodie,premium,10.0,standard,CN,1776,200,40,182,26.52,28.73,26.9
hoodie,basic,7.0,standard,US,445,31,12,58,12.88,16.52,12.99
hoodie,basic,7.0,standard,CN,281,19,9,215,11.08,11.26,10.7
hoodie,basic,7.0,premium,CN,536,45,30,76,13.56,15.03,13.09
hoodie,basic,7.0,budget,CN,1448,200,35,137,10.2,11.54,10.03
hoodie,mid,8.5,budget,MX,617,114,24,171,17.43,20.74,16.86
hoodie,mid,8.5,standard,US,948,187,37,162,21.96,25.9,20.61
hoodie,mid,8.5,standard,US,1645,196,13,270,18.87,22.01,19.4
hoodie,premium,10.0,premium,US,521,99,19,34,35.34,39.09,33.8
hoodie,mid,8.5,standard,CN,1816,111,10,109,18.15,19.79,17.39
hoodie,basic,7.0,premium,CN,1203,200,29,23,12.54,13.64,12.58
hoodie,basic,7.0,budget,MX,1075,186,30,191,11.15,11.78,10.63
hoodie,basic,7.0,budget,US,1477,150,18,358,11.61,13.91,11.19
hoodie,basic,7.0,standard,CN,605,92,20,176,10.83,12.14,11.39
hoodie,mid,8.5,budget,CN,1871,200,13,212,15.69,18.12,15.4
hoodie,mid,8.5,standard,US,1216,200,16,258,22.05,24.63,20.9
hoodie,premium,10.0,premium,US,1119,162,45,79,34.4,37.14,34.63
hoodie,mid,8.5,budget,US,1534,187,33,18,19.91,23.06,19.1
hoodie,basic,7.0,budget,US,867,66,45,58,12.47,14.3,12.0
hoodie,basic,7.0,budget,US,1655,200,32,237,11.73,12.36,11.57
hoodie,basic,7.0,standard,US,1671,200,25,305,11.95,13.17,12.18
hoodie,premium,10.0,standard,US,1410,200,18,190,30.15,30.98,29.11
hoodie,premium,10.0,premium,CN,681,93,34,334,29.71,33.87,30.81
hoodie,basic,7.0,budget,CN,220,44,23,287,10.66,12.81,10.03
hoodie,basic,7.0,budget,US,1631,190,19,117,11.15,13.58,11.72
hoodie,premium,10.0,standard,CN,1324,200,35,180,26.46,28.47,25.42
hoodie,basic,7.0,budget,CN,1080,200,38,125,10.25,10.93,10.02
hoodie,mid,8.5,premium,MX,1879,200,41,264,21.85,22.1,20.78
hoodie,mid,8.5,standard,US,450,50,31,205,21.84,24.02,20.97
hoodie,mid,8.5,standard,CN,1908,200,21,293,17.62,19.16,17.38
hoodie,basic,7.0,standard,US,513,91,40,341,14.74,14.85,13.88
hoodie,basic,7.0,standard,CN,1718,200,35,229,11.57,13.24,10.78
hoodie,premium,10.0,premium,US,1318,78,22,324,37.06,39.61,34.4
hoodie,mid,8.5,standard,CN,662,145,9,364,17.26,21.94,17.87
hoodie,basic,7.0,budget,CN,1468,89,7,125,11.05,10.94,10.34
hoodie,mid,8.5,standard,US,1571,200,37,364,21.66,22.41,20.73
hoodie,premium,10.0,budget,CN,188,34,34,217,25.45,28.9,23.85
hoodie,basic,7.0,premium,CN,1933,199,39,274,13.49,15.47,13.25
hoodie,basic,7.0,premium,CN,1306,200,38,331,12.31,14.97,12.36
hoodie,mid,8.5,budget,CN,1814,200,36,322,15.62,19.18,15.17
hoodie,mid,8.5,premium,US,387,81,43,195,24.75,29.1,24.26
hoodie,premium,10.0,standard,CN,1892,171,15,266,27.84,30.81,26.23
hoodie,mid,8.5,standard,US,1100,121,8,24,21.14,24.95,19.71
hoodie,basic,7.0,standard,US,126,28,15,147,13.88,16.99,13.28
hoodie,basic,7.0,budget,CN,1676,158,28,105,10.2,11.75,10.34
hoodie,basic,7.0,budget,MX,1316,200,33,50,10.64,11.97,9.92
hoodie,basic,7.0,standard,CN,1003,60,27,119,11.19,12.82,11.13
hoodie,basic,7.0,standard,US,1187,165,38,206,13.85,15.89,14.2
hoodie,basic,7.0,standard,CN,599,116,14,190,11.75,13.83,10.97
hoodie,mid,8.5,standard,CN,647,104,43,314,16.22,21.15,16.92
hoodie,premium,10.0,budget,US,1593,185,9,173,29.51,35.08,28.07
hoodie,basic,7.0,premium,US,948,53,32,142,14.34,15.59,14.6
hoodie,basic,7.0,standard,CN,662,41,35,77,12.34,13.99,12.05
hoodie,mid,8.5,budget,MX,178,35,37,324,18.12,20.55,16.88
hoodie,premium,10.0,standard,US,388,27,13,267,29.94,33.0,28.09
hoodie,basic,7.0,standard,MX,1854,124,37,186,12.0,12.94,11.72
hoodie,basic,7.0,budget,CN,148,27,24,314,9.68,12.67,10.08
hoodie,mid,8.5,premium,US,678,46,32,214,22.74,27.28,23.77
hoodie,premium,10.0,standard,US,1436,196,39,237,31.81,37.71,30.29
hoodie,basic,7.0,standard,MX,1562,200,13,360,11.55,13.31,11.27
hoodie,basic,7.0,standard,CN,1810,200,12,266,11.61,11.65,11.09
hoodie,premium,10.0,premium,CN,1329,69,15,101,26.63,30.55,27.43
hoodie,basic,7.0,standard,CN,1761,190,19,14,10.36,12.95,10.89
hoodie,mid,8.5,standard,MX,106,14,25,230,19.73,20.18,18.86
hoodie,mid,8.5,standard,CN,1136,200,26,321,18.76,20.59,18.51
hoodie,mid,8.5,standard,US,40,12,44,86,20.41,21.23,20.11
hoodie,mid,8.5,standard,CN,787,192,38,286,18.62,19.74,17.54
hoodie,mid,8.5,premium,US,1841,200,7,310,21.5,27.72,22.01
hoodie,basic,7.0,budget,US,379,45,36,203,11.02,12.49,11.48
hoodie,basic,7.0,standard,US,1442,200,7,306,13.58,15.55,12.98
hoodie,basic,7.0,budget,US,1192,95,34,230,12.06,12.67,11.43
hoodie,basic,7.0,budget,CN,1162,93,39,44,10.22,12.18,10.4
hoodie,mid,8.5,standard,CN,1577,200,14,336,17.96,20.78,17.5
hoodie,mid,8.5,standard,CN,1260,124,21,327,17.19,20.31,17.62
hoodie,basic,7.0,standard,CN,1154,200,32,281,11.87,13.16,11.65
hoodie,basic,7.0,standard,US,1166,200,34,289,14.09,14.91,13.46
hoodie,basic,7.0,premium,CN,1325,200,22,259,12.72,15.29,12.55
hoodie,basic,7.0,budget,US,1261,194,31,278,12.47,15.2,12.03
hoodie,premium,10.0,budget,CN,1886,200,29,43,22.8,28.88,22.57
hoodie,basic,7.0,standard,CN,913,79,12,42,10.58,12.89,10.5
hoodie,premium,10.0,premium,US,1398,200,45,260,36.99,43.73,34.27
hoodie,basic,7.0,standard,MX,921,94,34,270,11.12,12.88,11.37
hoodie,mid,8.5,budget,CN,1394,188,23,85,14.82,17.09,15.48
hoodie,basic,7.0,premium,CN,1444,200,19,213,12.45,14.41,12.1
hoodie,mid,8.5,standard,US,191,17,44,168,20.85,24.09,21.25
hoodie,mid,8.5,budget,US,850,186,45,295,19.48,22.01,18.81
hoodie,basic,7.0,standard,CN,1157,200,26,130,10.92,11.85,10.47
hoodie,mid,8.5,standard,CN,80,13,44,275,20.97,25.2,20.48
hoodie,premium,10.0,standard,US,1820,200,8,181,26.65,28.59,27.06
hoodie,mid,8.5,standard,CN,482,57,45,263,19.48,20.41,18.49
hoodie,basic,7.0,budget,CN,1182,151,10,263,11.02,12.26,10.31
hoodie,basic,7.0,budget,MX,354,27,34,171,10.98,11.77,10.47
hoodie,basic,7.0,premium,CN,46,12,7,83,13.74,14.66,13.78
hoodie,mid,8.5,premium,CN,1673,200,37,237,19.07,22.43,19.97
hoodie,basic,7.0,budget,US,1159,145,45,360,13.28,14.49,12.4
hoodie,premium,10.0,budget,MX,1984,200,38,189,26.71,31.65,25.16
hoodie,mid,8.5,premium,US,774,120,29,305,23.85,27.94,23.24
hoodie,premium,10.0,premium,US,549,62,34,187,35.58,39.89,34.0
hoodie,mid,8.5,budget,CN,196,17,43,308,16.43,19.71,17.1
hoodie,mid,8.5,budget,US,1945,117,42,54,16.68,18.39,17.46
hoodie,mid,8.5,standard,CN,916,155,11,20,18.05,18.75,17.08
hoodie,premium,10.0,standard,US,155,32,40,262,29.6,35.41,30.68
hoodie,basic,7.0,budget,CN,794,131,45,131,9.65,11.09,9.96
hoodie,basic,7.0,standard,MX,1674,200,45,311,12.32,12.65,11.46
hoodie,mid,8.5,budget,CN,612,37,16,52,15.75,18.75,16.47
hoodie,basic,7.0,premium,CN,1548,110,13,90,13.41,16.03,13.13
hoodie,mid,8.5,standard,CN,564,97,42,48,18.39,23.72,18.66
hoodie,mid,8.5,budget,MX,1957,200,34,194,15.31,18.3,15.71
hoodie,mid,8.5,budget,US,1976,200,39,248,18.71,20.86,18.5
hoodie,basic,7.0,budget,CN,1781,200,10,204,10.38,12.51,10.48
hoodie,premium,10.0,standard,US,1784,123,21,185,29.14,33.06,29.1
hoodie,basic,7.0,premium,MX,1758,200,30,28,13.14,14.84,12.39
hoodie,mid,8.5,standard,CN,1017,160,43,122,17.36,20.78,17.16
hoodie,basic,7.0,budget,CN,1257,140,24,129,10.19,11.67,10.67
hoodie,premium,10.0,budget,CN,1644,200,43,212,21.11,23.91,22.17
hoodie,basic,7.0,standard,US,1625,169,11,171,11.94,13.26,12.43
hoodie,mid,8.5,budget,CN,919,165,15,134,15.06,18.47,15.45
hoodie,mid,8.5,standard,CN,1967,200,22,17,19.41,20.41,17.98
hoodie,basic,7.0,standard,US,1911,200,7,120,12.19,13.64,12.46
hoodie,premium,10.0,standard,US,566,99,30,227,32.58,39.87,32.55
hoodie,basic,7.0,standard,US,708,165,9,30,12.5,14.77,12.54
hoodie,mid,8.5,premium,US,1457,200,41,73,22.77,25.5,23.8
hoodie,basic,7.0,budget,CN,1138,200,28,246,9.69,10.05,9.47
hoodie,mid,8.5,standard,MX,1890,200,24,331,20.67,24.77,19.42
hoodie,premium,10.0,budget,US,1396,200,14,165,25.24,31.57,25.17
hoodie,mid,8.5,standard,MX,251,35,9,15,19.25,22.88,18.17
hoodie,basic,7.0,standard,US,766,82,27,355,13.96,15.88,13.28
hoodie,basic,7.0,standard,CN,1668,200,34,198,11.25,14.15,11.77
hoodie,basic,7.0,premium,CN,1658,126,42,66,11.96,13.98,12.29
hoodie,premium,10.0,standard,CN,659,113,13,283,25.81,31.08,26.59
hoodie,basic,7.0,standard,US,1125,200,30,119,13.7,14.14,13.23
hoodie,basic,7.0,standard,MX,428,50,14,69,12.29,14.03,12.1
hoodie,basic,7.0,standard,US,1725,200,19,242,12.16,15.34,12.5
hoodie,premium,10.0,standard,CN,1013,200,11,326,28.05,29.77,26.35
hoodie,mid,8.5,standard,US,1095,200,24,352,19.03,23.59,19.46
hoodie,basic,7.0,standard,US,1039,115,40,243,12.61,14.99,12.93
hoodie,mid,8.5,standard,CN,1552,200,33,188,19.66,23.68,19.15
hoodie,basic,7.0,budget,US,1864,183,25,148,12.18,13.15,11.85
hoodie,basic,7.0,standard,CN,1968,200,25,67,11.14,14.63,11.52
hoodie,basic,7.0,standard,CN,37,12,34,58,13.54,14.47,13.06
hoodie,premium,10.0,standard,CN,691,63,22,266,26.43,28.97,26.55
hoodie,basic,7.0,standard,US,1280,88,34,358,12.27,16.01,12.78
hoodie,basic,7.0,standard,CN,1859,200,24,17,10.39,12.01,10.81
hoodie,mid,8.5,standard,CN,56,12,38,70,20.11,23.55,18.72
hoodie,basic,7.0,standard,CN,227,24,29,181,11.43,13.63,11.73
hoodie,basic,7.0,standard,CN,1982,200,18,318,11.13,12.83,10.94
hoodie,basic,7.0,standard,CN,1837,117,41,173,11.12,12.72,10.48
hoodie,premium,10.0,standard,CN,72,15,45,30,30.81,32.01,28.75
hoodie,basic,7.0,budget,CN,1382,70,7,147,10.4,12.0,9.96
hoodie,mid,8.5,standard,US,1742,200,21,122,20.45,24.86,20.47
hoodie,basic,7.0,premium,CN,400,33,38,127,14.15,15.45,13.74
hoodie,basic,7.0,budget,CN,1902,200,9,183,9.64,12.27,9.86
hoodie,basic,7.0,standard,US,1370,200,23,315,14.16,16.3,13.17
hoodie,basic,7.0,budget,CN,1987,200,19,170,10.41,12.46,10.46
hoodie,basic,7.0,budget,CN,146,25,10,27,11.11,12.46,10.78
hoodie,mid,8.5,premium,CN,1459,164,23,349,20.62,25.71,20.87
hoodie,mid,8.5,premium,US,1461,131,30,228,22.77,28.51,23.81
hoodie,mid,8.5,standard,US,1917,200,18,233,19.67,22.85,19.02
hoodie,basic,7.0,standard,MX,442,53,36,325,12.13,14.92,12.45
hoodie,basic,7.0,standard,US,777,174,42,303,12.66,14.92,12.84
hoodie,basic,7.0,budget,US,936,132,32,201,11.95,15.32,12.31
hoodie,mid,8.5,standard,CN,1290,200,34,117,17.1,19.83,17.18
hoodie,basic,7.0,standard,US,185,15,11,139,14.06,16.24,13.41
hoodie,mid,8.5,standard,US,455,81,23,105,21.5,22.93,20.34
hoodie,mid,8.5,standard,CN,1570,200,25,302,19.2,20.32,18.42
hoodie,basic,7.0,standard,US,435,70,15,199,13.65,14.49,13.24
hoodie,basic,7.0,budget,US,1572,185,11,194,10.84,14.18,11.11
hoodie,mid,8.5,standard,CN,1765,95,34,286,17.67,18.33,16.9
hoodie,mid,8.5,standard,MX,1996,200,27,226,16.45,18.33,17.28
hoodie,premium,10.0,budget,MX,461,98,17,105,24.17,27.57,24.32
hoodie,basic,7.0,premium,US,880,148,21,83,14.36,17.7,14.05
hoodie,basic,7.0,premium,US,1940,160,21,335,13.66,15.73,14.16
hoodie,basic,7.0,standard,US,713,127,24,178,12.49,14.09,12.12
hoodie,premium,10.0,standard,US,1049,200,12,361,27.48,32.27,28.13
hoodie,basic,7.0,budget,US,383,73,32,111,13.11,14.26,12.45
hoodie,mid,8.5,budget,US,1493,190,43,110,19.6,22.96,19.45
hoodie,basic,7.0,budget,US,1147,80,25,188,11.05,13.99,10.95
hoodie,mid,8.5,standard,MX,1333,200,31,17,18.77,24.29,19.02
hoodie,mid,8.5,budget,CN,1278,200,41,235,16.98,18.72,15.76
hoodie,basic,7.0,standard,CN,1173,161,43,214,11.42,12.06,11.22
hoodie,mid,8.5,standard,CN,1841,200,43,162,18.54,21.18,17.55
hoodie,basic,7.0,budget,CN,505,122,12,320,10.01,11.74,10.41
hoodie,mid,8.5,premium,US,1089,200,20,245,22.06,24.58,22.59
hoodie,mid,8.5,budget,CN,1612,200,45,219,16.53,18.2,15.52
hoodie,mid,8.5,premium,US,575,53,12,211,22.11,27.99,23.06
hoodie,mid,8.5,standard,US,1762,200,26,329,20.03,22.78,18.69
hoodie,mid,8.5,budget,CN,436,28,28,195,15.9,17.59,16.59
hoodie,basic,7.0,budget,CN,1379,200,36,183,11.34,13.14,11.11
hoodie,basic,7.0,standard,US,949,162,28,280,13.04,14.41,13.26
hoodie,basic,7.0,standard,US,1600,186,13,100,13.51,15.41,13.43
hoodie,mid,8.5,standard,CN,1574,200,39,69,17.27,17.64,16.63
hoodie,mid,8.5,premium,US,1517,200,44,73,22.32,24.34,23.17
hoodie,mid,8.5,standard,US,54,12,22,359,21.4,25.19,20.74
hoodie,premium,10.0,standard,US,1886,176,33,144,29.89,32.66,30.21
hoodie,mid,8.5,standard,US,1457,200,18,160,21.9,25.91,21.3
hoodie,basic,7.0,budget,US,544,30,12,246,11.86,14.44,11.43
hoodie,mid,8.5,premium,US,1673,200,40,347,23.14,25.9,22.44
hoodie,mid,8.5,premium,US,1055,200,8,305,21.38,27.13,22.05
hoodie,mid,8.5,standard,US,1941,197,17,288,20.62,20.53,19.55
hoodie,basic,7.0,standard,CN,983,164,7,324,10.72,13.81,11.13
hoodie,basic,7.0,budget,US,985,116,20,134,11.95,15.04,12.49
hoodie,basic,7.0,budget,CN,1046,177,7,286,9.89,11.35,9.78
hoodie,basic,7.0,standard,CN,1599,197,36,58,11.39,12.84,11.93
hoodie,basic,7.0,budget,MX,40,12,18,186,10.37,12.89,10.52
hoodie,premium,10.0,budget,CN,1917,200,11,65,22.48,25.51,21.88
hoodie,mid,8.5,premium,US,1562,200,26,94,22.14,27.81,22.19
hoodie,basic,7.0,premium,MX,1284,71,20,342,13.72,15.46,12.79
hoodie,basic,7.0,budget,MX,1706,200,28,114,10.02,11.9,10.42
hoodie,basic,7.0,premium,US,425,49,26,180,14.36,16.9,14.12
hoodie,basic,7.0,premium,CN,1431,133,26,275,12.78,15.24,12.44
hoodie,mid,8.5,standard,CN,1245,200,29,238,16.8,21.05,16.45
hoodie,basic,7.0,budget,CN,1395,200,7,363,9.95,11.33,10.35
hoodie,mid,8.5,standard,US,1337,87,24,34,19.85,23.31,20.17
hoodie,basic,7.0,premium,CN,951,200,7,68,13.85,15.46,12.89
hoodie,mid,8.5,budget,CN,1797,95,29,78,17.03,18.9,16.56
hoodie,mid,8.5,standard,US,634,52,16,51,21.32,24.31,21.67
hoodie,basic,7.0,standard,MX,881,133,37,326,11.28,12.48,11.14
hoodie,mid,8.5,premium,CN,405,51,39,223,22.88,24.14,22.0
hoodie,basic,7.0,standard,CN,1173,200,42,83,12.14,12.06,11.48
hoodie,mid,8.5,standard,CN,1788,200,45,304,18.17,21.97,17.62
hoodie,basic,7.0,standard,CN,966,116,14,226,12.4,13.83,11.77
hoodie,mid,8.5,standard,CN,1440,115,8,228,17.77,20.65,17.5
hoodie,mid,8.5,budget,MX,1619,108,7,303,16.57,19.96,16.57
hoodie,basic,7.0,budget,CN,1827,160,28,245,10.5,13.25,10.57
hoodie,basic,7.0,budget,CN,137,29,21,160,11.49,13.05,10.7
hoodie,mid,8.5,premium,US,1529,98,18,39,23.53,28.62,22.75
hoodie,premium,10.0,standard,CN,1990,200,43,183,29.42,33.68,27.84
hoodie,basic,7.0,standard,US,1975,112,16,89,13.28,13.77,12.7
hoodie,basic,7.0,standard,MX,1408,171,13,75,11.59,14.37,11.24
hoodie,mid,8.5,standard,CN,986,200,22,291,17.7,20.05,17.32
hoodie,premium,10.0,premium,CN,1707,138,32,17,30.24,31.67,29.0
hoodie,mid,8.5,standard,US,1811,200,33,182,20.5,22.75,20.17
hoodie,basic,7.0,budget,CN,850,68,8,209,10.25,12.48,10.35
hoodie,mid,8.5,standard,CN,1682,200,14,314,18.2,20.07,17.18
hoodie,basic,7.0,budget,US,34,12,22,345,12.02,13.9,12.45
hoodie,basic,7.0,standard,CN,262,52,11,338,10.14,12.0,10.64
hoodie,basic,7.0,standard,MX,1974,200,28,41,12.03,15.17,12.19
hoodie,basic,7.0,budget,MX,1746,200,43,299,11.1,13.91,10.91
hoodie,mid,8.5,standard,CN,253,52,33,58,18.82,23.37,18.33
hoodie,premium,10.0,premium,CN,584,126,40,283,32.28,36.34,30.29
hoodie,basic,7.0,budget,CN,237,21,7,177,10.64,10.96,10.27
hoodie,basic,7.0,standard,US,350,29,28,321,14.11,16.24,13.17
hoodie,basic,7.0,standard,CN,1668,200,27,266,11.85,11.83,10.98
hoodie,basic,7.0,standard,CN,1488,200,39,154,12.05,13.83,11.6
hoodie,mid,8.5,budget,US,145,32,45,346,19.55,24.15,19.67
hoodie,premium,10.0,standard,CN,723,135,13,296,28.06,28.03,26.16
hoodie,basic,7.0,budget,CN,1593,200,22,186,10.42,11.58,10.15
hoodie,basic,7.0,standard,US,224,46,10,289,13.43,16.51,13.35
hoodie,basic,7.0,premium,CN,834,49,35,62,13.47,15.19,13.13
hoodie,premium,10.0,standard,CN,587,131,39,365,29.47,30.44,27.78
hoodie,premium,10.0,budget,US,1046,192,35,37,25.42,31.71,26.44
hoodie,mid,8.5,standard,CN,996,96,7,335,19.08,19.56,17.79
hoodie,mid,8.5,standard,MX,1742,200,26,336,18.43,23.38,19.16
hoodie,mid,8.5,budget,CN,1581,172,31,304,16.39,18.35,15.56
hoodie,basic,7.0,standard,CN,1737,200,8,60,10.77,13.03,10.72
hoodie,mid,8.5,budget,CN,761,39,23,67,16.8,17.9,16.28
hoodie,basic,7.0,standard,CN,824,52,7,212,10.84,13.59,11.25
hoodie,basic,7.0,standard,MX,1775,200,41,359,13.08,14.29,12.21
hoodie,basic,7.0,standard,US,1096,200,11,276,11.4,12.99,11.39
hoodie,basic,7.0,standard,CN,546,125,10,181,12.1,13.78,11.92
hoodie,basic,7.0,budget,MX,1193,157,19,346,10.92,13.65,11.26
hoodie,mid,8.5,standard,CN,1971,200,24,313,18.2,18.91,17.41
hoodie,basic,7.0,premium,CN,83,12,10,213,14.12,16.86,13.36
hoodie,basic,7.0,standard,CN,229,43,30,298,11.81,14.61,12.02
hoodie,mid,8.5,budget,CN,1671,185,9,201,14.36,18.77,14.94
hoodie,basic,7.0,standard,US,820,198,31,156,12.62,13.46,12.56
hoodie,mid,8.5,standard,US,254,62,14,85,21.29,22.54,20.99
hoodie,mid,8.5,budget,CN,716,125,43,112,16.12,17.16,15.7
hoodie,premium,10.0,standard,US,765,148,28,84,29.3,32.96,29.16
hoodie,mid,8.5,premium,CN,1821,177,29,324,18.28,22.34,19.12
hoodie,basic,7.0,standard,CN,1581,200,40,111,11.98,12.44,11.34
hoodie,premium,10.0,budget,CN,1259,200,38,290,25.71,25.99,24.73
hoodie,mid,8.5,budget,CN,1218,193,20,18,16.55,17.8,16.78
hoodie,mid,8.5,premium,CN,885,105,26,350,19.95,25.23,20.16
hoodie,basic,7.0,standard,CN,328,71,35,294,11.92,14.22,11.49
hoodie,mid,8.5,standard,CN,1275,78,36,322,18.32,18.98,17.81
hoodie,mid,8.5,standard,CN,253,38,19,281,18.35,22.81,18.64
hoodie,basic,7.0,budget,CN,1226,200,33,54,10.95,12.24,10.56
hoodie,basic,7.0,premium,CN,962,109,45,224,14.67,17.13,14.13
hoodie,premium,10.0,standard,MX,1435,182,13,197,26.31,30.59,26.05
hoodie,mid,8.5,standard,US,567,39,15,146,18.66,22.14,19.21
hoodie,mid,8.5,budget,MX,103,21,37,186,18.12,22.9,18.41
hoodie,mid,8.5,standard,CN,1975,200,41,286,19.23,20.72,17.99
hoodie,premium,10.0,standard,US,1794,98,21,307,26.61,35.04,27.77
hoodie,mid,8.5,budget,US,1818,152,13,137,17.94,20.9,17.4
hoodie,mid,8.5,standard,CN,1155,200,18,293,18.9,21.32,19.08
hoodie,basic,7.0,standard,CN,920,172,19,197,11.56,11.8,10.8
hoodie,basic,7.0,budget,CN,1900,181,10,270,10.75,11.47,10.23
hoodie,mid,8.5,budget,MX,1874,187,18,46,17.58,17.37,16.39
hoodie,premium,10.0,standard,US,1987,200,42,228,27.03,34.12,27.74
hoodie,mid,8.5,premium,CN,1198,200,43,326,22.06,24.6,20.5
hoodie,mid,8.5,standard,CN,1660,200,24,217,18.13,19.06,17.69
hoodie,mid,8.5,budget,CN,1745,200,17,177,15.76,16.77,15.73
hoodie,premium,10.0,standard,US,1243,70,40,27,32.21,33.78,29.92
hoodie,basic,7.0,premium,US,1592,161,24,51,13.97,16.35,13.17
hoodie,basic,7.0,budget,CN,1960,200,35,94,10.11,10.35,9.47
hoodie,basic,7.0,standard,CN,1132,185,42,122,11.24,12.92,11.8
hoodie,basic,7.0,standard,MX,1339,194,32,28,12.1,12.82,11.66
hoodie,premium,10.0,budget,CN,1269,112,16,130,23.91,26.04,22.43
hoodie,basic,7.0,standard,MX,1277,200,31,212,11.24,14.51,11.4
hoodie,basic,7.0,budget,CN,882,158,42,323,11.31,11.71,11.07
hoodie,mid,8.5,standard,CN,1803,200,25,237,16.63,18.75,16.51
hoodie,mid,8.5,standard,US,1613,200,18,155,20.19,21.91,19.72
hoodie,mid,8.5,budget,US,1361,200,42,199,18.5,23.17,18.18
hoodie,basic,7.0,budget,US,1152,165,40,215,12.95,12.79,12.0
hoodie,basic,7.0,premium,MX,1387,200,26,241,13.73,14.16,13.26
hoodie,premium,10.0,budget,CN,162,25,35,105,24.58,29.31,23.11
hoodie,premium,10.0,premium,CN,1391,200,40,356,29.44,30.71,28.17
hoodie,basic,7.0,standard,CN,87,15,27,254,11.05,12.19,11.18
hoodie,mid,8.5,standard,CN,561,114,28,61,16.89,19.32,17.51
hoodie,basic,7.0,budget,US,171,31,21,280,12.6,14.65,12.23
hoodie,mid,8.5,budget,CN,1558,200,34,352,16.38,18.25,15.86
hoodie,basic,7.0,budget,CN,1640,115,7,193,10.36,11.63,10.06
hoodie,basic,7.0,premium,CN,1433,167,17,108,13.72,16.14,12.71
hoodie,basic,7.0,budget,CN,1372,200,45,198,10.65,13.24,10.41
hoodie,premium,10.0,budget,US,674,49,41,136,29.33,32.19,27.83
hoodie,basic,7.0,budget,US,190,28,10,87,11.57,13.72,11.73
hoodie,basic,7.0,standard,CN,1117,112,27,184,11.61,12.28,11.17
hoodie,mid,8.5,budget,CN,1266,80,15,353,14.69,18.88,15.32
hoodie,mid,8.5,standard,CN,1213,200,23,333,16.3,19.06,17.13
hoodie,mid,8.5,premium,MX,1043,95,43,246,22.27,26.82,21.91
hoodie,basic,7.0,standard,CN,1869,200,36,41,11.94,13.18,11.26
hoodie,basic,7.0,standard,CN,1283,200,45,45,12.7,12.53,11.86
hoodie,basic,7.0,standard,US,136,29,16,231,14.11,16.7,13.23
hoodie,mid,8.5,standard,MX,573,59,26,213,19.49,19.36,18.11
hoodie,mid,8.5,standard,MX,1656,129,9,310,17.8,21.25,17.13
hoodie,mid,8.5,budget,MX,188,14,9,107,16.52,20.68,17.22
hoodie,premium,10.0,standard,CN,1064,128,20,210,25.57,30.21,26.52
hoodie,basic,7.0,premium,CN,1025,52,41,245,12.92,15.42,12.94
hoodie,mid,8.5,budget,CN,349,84,34,27,16.44,18.06,16.18
hoodie,basic,7.0,standard,US,550,124,26,230,14.57,15.07,14.11
hoodie,basic,7.0,premium,MX,452,35,21,292,13.48,16.68,13.73
hoodie,premium,10.0,standard,CN,137,27,42,189,24.48,29.25,25.5
hoodie,mid,8.5,standard,US,1258,200,33,293,19.63,24.41,20.29
hoodie,basic,7.0,standard,CN,773,184,39,328,12.26,12.77,11.73
hoodie,basic,7.0,standard,CN,269,27,15,182,10.76,13.09,11.24
hoodie,mid,8.5,standard,US,1498,200,18,167,20.04,21.7,19.22
hoodie,mid,8.5,premium,US,692,125,35,49,24.73,30.17,23.59
hoodie,mid,8.5,premium,US,456,33,9,80,21.98,24.56,21.97
hoodie,mid,8.5,premium,CN,1839,176,24,232,18.54,20.27,19.25
hoodie,mid,8.5,budget,CN,734,118,29,271,15.95,18.03,16.48
hoodie,basic,7.0,premium,CN,741,42,18,265,11.94,14.98,12.26
hoodie,basic,7.0,standard,US,923,196,40,294,12.58,16.31,12.8
hoodie,premium,10.0,premium,US,1487,200,43,266,32.67,38.01,31.87
hoodie,mid,8.5,standard,CN,264,42,32,353,17.02,21.11,17.28
hoodie,premium,10.0,budget,CN,872,68,44,184,26.24,30.96,24.71
hoodie,premium,10.0,standard,CN,1430,84,7,34,26.2,29.21,27.06
hoodie,basic,7.0,budget,US,1560,130,41,314,12.18,13.59,11.6
hoodie,mid,8.5,budget,CN,809,51,35,73,14.85,16.71,15.6
hoodie,mid,8.5,standard,CN,564,119,29,303,18.59,21.66,18.35
hoodie,mid,8.5,standard,CN,144,28,39,285,19.25,21.92,18.96
hoodie,basic,7.0,budget,CN,977,200,19,76,9.77,12.34,10.21
hoodie,premium,10.0,standard,CN,831,178,19,78,30.33,36.58,28.83
hoodie,premium,10.0,standard,CN,740,59,24,59,26.87,33.5,27.32
hoodie,mid,8.5,standard,CN,638,80,33,207,18.63,22.42,17.73
hoodie,mid,8.5,budget,US,1282,200,14,156,16.99,22.48,17.87
hoodie,basic,7.0,standard,US,458,92,35,148,13.46,15.39,13.24
hoodie,basic,7.0,standard,MX,517,78,18,111,13.33,15.01,12.43
hoodie,mid,8.5,budget,CN,900,185,17,342,17.95,18.54,16.88
hoodie,basic,7.0,standard,CN,261,30,14,255,11.16,13.75,11.11
hoodie,basic,7.0,standard,US,128,12,29,320,15.1,16.41,14.0
hoodie,basic,7.0,standard,US,574,86,22,333,14.5,16.88,14.27
hoodie,basic,7.0,budget,US,1230,200,31,129,11.21,13.68,11.3
hoodie,mid,8.5,standard,CN,122,21,39,260,18.22,22.87,18.92
hoodie,basic,7.0,premium,MX,482,94,42,83,13.22,15.69,13.04
hoodie,mid,8.5,budget,US,819,128,27,22,18.32,21.17,18.66
hoodie,premium,10.0,standard,CN,1771,127,26,104,25.99,30.59,26.77
hoodie,basic,7.0,standard,US,119,12,35,141,13.57,16.24,14.16
hoodie,basic,7.0,budget,US,628,130,43,263,11.56,12.61,11.43
hoodie,mid,8.5,standard,US,1823,200,37,253,21.93,25.86,21.34
hoodie,mid,8.5,standard,CN,70,12,39,236,17.62,20.96,17.61
hoodie,basic,7.0,standard,CN,1746,122,42,109,10.95,13.35,11.5
hoodie,mid,8.5,standard,CN,764,124,22,25,17.89,23.04,18.04
hoodie,mid,8.5,budget,CN,1986,200,15,270,15.17,17.05,14.92
hoodie,mid,8.5,standard,MX,833,132,20,142,19.73,23.5,19.05
hoodie,premium,10.0,premium,CN,1392,200,18,28,30.67,35.17,29.24
hoodie,basic,7.0,standard,CN,1609,157,7,115,10.44,11.16,10.49
hoodie,mid,8.5,standard,CN,967,119,22,144,17.94,19.7,16.89
hoodie,basic,7.0,budget,MX,1166,200,22,57,10.69,12.7,10.1
hoodie,basic,7.0,premium,CN,1941,200,35,273,13.2,14.89,12.47
hoodie,basic,7.0,premium,CN,1052,69,42,59,13.61,16.9,13.45
hoodie,mid,8.5,standard,US,269,13,25,36,21.31,23.2,21.78
hoodie,basic,7.0,standard,US,560,39,11,271,12.98,13.43,12.74
hoodie,basic,7.0,standard,US,1820,200,21,136,13.64,14.55,13.07
hoodie,mid,8.5,budget,CN,1900,98,12,140,15.56,17.51,14.82
hoodie,basic,7.0,standard,US,1168,200,11,311,12.62,14.2,12.82
hoodie,basic,7.0,standard,CN,616,70,11,279,10.67,12.87,10.2
hoodie,basic,7.0,standard,US,227,28,41,114,13.77,14.72,13.13
hoodie,premium,10.0,premium,CN,1314,200,13,163,30.4,35.1,29.05
hoodie,mid,8.5,standard,US,1272,200,39,128,20.97,22.63,20.03
hoodie,basic,7.0,standard,CN,1325,200,44,207,10.95,12.98,11.42
hoodie,basic,7.0,standard,MX,267,33,43,304,12.93,14.65,12.16
hoodie,mid,8.5,standard,CN,1323,178,31,195,16.89,17.69,15.82
hoodie,mid,8.5,standard,MX,1745,200,35,353,17.44,19.97,17.2
hoodie,mid,8.5,standard,US,1308,198,9,250,19.67,21.54,18.82
hoodie,basic,7.0,standard,CN,533,109,22,128,11.73,14.25,11.28
hoodie,mid,8.5,standard,US,1176,176,28,243,21.25,26.8,21.64
hoodie,premium,10.0,standard,US,1745,200,30,93,26.36,28.73,26.97
hoodie,basic,7.0,standard,US,1077,200,42,312,13.79,15.65,13.37
hoodie,basic,7.0,budget,CN,1487,200,17,315,10.23,11.21,9.62
hoodie,mid,8.5,budget,CN,1073,165,20,269,16.02,19.94,16.79
hoodie,mid,8.5,budget,US,1448,200,7,227,17.29,19.38,17.38
hoodie,mid,8.5,budget,MX,186,30,38,172,16.71,19.82,16.56
hoodie,premium,10.0,budget,CN,1545,199,14,71,23.48,27.26,22.81
hoodie,mid,8.5,standard,MX,549,49,30,38,18.1,21.11,18.42
hoodie,basic,7.0,standard,US,1446,200,36,105,12.72,14.47,12.44
hoodie,basic,7.0,standard,CN,317,69,30,217,11.13,14.01,11.62
hoodie,mid,8.5,standard,CN,268,38,7,151,18.22,21.54,17.73
hoodie,basic,7.0,premium,MX,1888,200,45,295,13.59,13.69,12.62
hoodie,basic,7.0,budget,US,1162,193,32,30,11.39,14.91,11.81
hoodie,basic,7.0,budget,MX,209,49,37,145,11.29,14.22,11.45
hoodie,basic,7.0,standard,MX,200,42,18,140,12.84,14.33,12.51
hoodie,premium,10.0,standard,US,1294,87,33,221,30.3,33.16,29.14
hoodie,basic,7.0,standard,US,655,99,28,23,13.33,16.88,13.43
hoodie,basic,7.0,standard,CN,156,38,12,225,11.47,13.24,11.45
hoodie,mid,8.5,standard,CN,1281,173,37,262,18.71,21.31,19.01
hoodie,basic,7.0,budget,CN,1778,186,34,154,10.16,13.13,10.6
hoodie,basic,7.0,premium,MX,1193,63,23,114,13.35,13.89,13.12
hoodie,premium,10.0,premium,CN,1250,100,23,340,28.22,34.79,28.3
hoodie,basic,7.0,premium,CN,200,12,26,330,14.02,17.08,13.36
hoodie,mid,8.5,premium,CN,507,123,23,255,21.37,24.1,20.44
hoodie,mid,8.5,budget,MX,60,12,45,62,19.05,23.24,18.35
hoodie,mid,8.5,premium,MX,1664,200,27,312,19.46,23.68,20.12
hoodie,basic,7.0,standard,CN,270,19,45,100,12.22,15.48,12.62
hoodie,premium,10.0,budget,CN,1835,101,18,136,21.81,24.84,22.61
hoodie,premium,10.0,standard,CN,373,38,14,226,26.13,32.85,27.05
hoodie,basic,7.0,standard,CN,1683,112,37,86,12.38,12.56,11.58
hoodie,basic,7.0,premium,CN,693,112,22,121,13.09,14.31,13.15
hoodie,mid,8.5,premium,CN,1498,116,26,195,20.78,24.71,20.13
hoodie,mid,8.5,premium,US,1442,80,23,67,22.54,24.7,21.5
hoodie,basic,7.0,standard,US,1127,95,41,347,13.11,15.62,13.28
hoodie,mid,8.5,budget,US,423,52,45,263,17.25,21.84,17.48
hoodie,premium,10.0,premium,MX,1333,200,21,86,28.71,37.2,29.56
hoodie,premium,10.0,budget,CN,1778,200,35,298,21.36,24.38,22.01
hoodie,basic,7.0,premium,US,1937,200,38,291,14.97,15.82,15.04
hoodie,basic,7.0,budget,US,209,28,26,123,12.71,14.91,12.39
hoodie,basic,7.0,standard,CN,398,80,20,104,12.04,12.96,11.66
hoodie,mid,8.5,standard,CN,1570,151,30,74,16.31,20.19,17.16
hoodie,mid,8.5,standard,US,676,158,23,266,20.44,21.59,20.03
hoodie,basic,7.0,standard,CN,1891,200,18,191,12.62,12.87,11.77
hoodie,basic,7.0,standard,CN,943,130,14,146,11.06,14.15,11.2
hoodie,basic,7.0,standard,US,1221,200,34,73,14.44,16.76,13.9
hoodie,basic,7.0,standard,MX,1150,88,10,300,11.35,11.78,11.17
hoodie,mid,8.5,standard,US,33,12,39,107,23.53,28.2,23.62
hoodie,basic,7.0,standard,CN,1240,129,16,114,11.77,13.19,11.34
hoodie,basic,7.0,budget,CN,346,51,44,80,10.56,11.25,10.66
hoodie,mid,8.5,premium,CN,371,54,42,83,21.83,24.36,20.62
hoodie,mid,8.5,premium,CN,1868,200,28,327,19.22,22.59,19.66
hoodie,basic,7.0,budget,MX,374,41,42,16,10.81,12.8,10.69
hoodie,basic,7.0,standard,US,1118,79,13,191,12.24,13.05,12.39
hoodie,mid,8.5,premium,MX,1655,200,43,96,20.5,24.11,21.43
hoodie,premium,10.0,budget,MX,407,31,39,227,25.89,30.16,25.27
hoodie,mid,8.5,standard,CN,1208,128,14,66,16.85,22.33,17.47
hoodie,premium,10.0,budget,US,630,136,39,264,28.93,33.53,27.88
hoodie,basic,7.0,budget,US,672,114,34,273,12.6,13.48,12.12
hoodie,basic,7.0,budget,MX,1180,200,35,290,10.17,13.06,10.24
hoodie,premium,10.0,premium,CN,1682,200,43,187,31.83,35.31,29.75
hoodie,premium,10.0,premium,CN,192,39,26,238,30.07,31.84,29.75
hoodie,mid,8.5,standard,CN,1468,200,10,132,16.81,21.26,17.18
hoodie,premium,10.0,standard,US,259,45,37,105,32.82,36.12,31.8
hoodie,mid,8.5,standard,US,1137,200,34,229,21.91,26.11,20.46
hoodie,mid,8.5,standard,US,1134,162,31,70,21.39,21.31,19.81
hoodie,premium,10.0,standard,US,1049,182,28,327,33.1,34.19,31.76
hoodie,basic,7.0,standard,CN,691,127,28,74,11.56,13.53,11.5
hoodie,basic,7.0,budget,MX,1640,200,23,25,11.62,13.44,11.1
hoodie,mid,8.5,budget,US,264,56,7,223,18.44,20.34,18.72
hoodie,basic,7.0,budget,CN,1908,200,27,55,10.64,12.42,10.34
hoodie,basic,7.0,standard,US,1050,189,28,180,12.53,14.02,12.69
hoodie,mid,8.5,premium,CN,108,24,20,152,21.73,24.44,20.84
hoodie,mid,8.5,budget,US,605,104,10,282,17.4,21.68,18.3
hoodie,basic,7.0,standard,MX,1259,197,20,110,12.52,12.69,11.6
hoodie,basic,7.0,standard,US,1578,132,31,161,14.12,15.62,13.55
hoodie,basic,7.0,standard,US,1201,196,34,156,12.12,14.27,12.56
hoodie,basic,7.0,standard,US,929,162,30,64,12.76,16.33,13.14
hoodie,mid,8.5,standard,CN,1508,200,44,153,17.29,20.34,17.35
hoodie,mid,8.5,budget,CN,771,172,34,211,16.73,17.25,15.56
hoodie,mid,8.5,standard,CN,1649,131,33,278,19.86,19.98,19.0
hoodie,mid,8.5,standard,CN,1543,200,31,335,18.02,21.31,17.84
hoodie,basic,7.0,standard,US,1615,200,36,230,14.1,14.29,13.11
hoodie,basic,7.0,standard,CN,258,17,14,98,11.26,12.1,11.29
hoodie,basic,7.0,premium,CN,1785,184,15,148,12.52,15.06,12.44
hoodie,premium,10.0,budget,CN,1806,200,15,190,22.44,26.31,23.33
hoodie,basic,7.0,standard,CN,642,134,35,304,11.86,12.04,11.25
hoodie,basic,7.0,budget,MX,1773,200,8,48,10.55,12.02,10.14
hoodie,basic,7.0,standard,US,1345,148,43,230,13.3,14.44,12.71
hoodie,mid,8.5,standard,CN,529,84,36,125,20.21,22.5,19.48
hoodie,basic,7.0,standard,CN,1020,123,16,145,10.79,14.1,11.08
hoodie,basic,7.0,premium,CN,1594,181,44,317,12.49,12.64,11.87
hoodie,premium,10.0,budget,CN,1575,97,37,238,24.61,27.51,24.45
hoodie,mid,8.5,standard,US,1530,200,13,305,21.12,23.02,20.1
hoodie,basic,7.0,premium,US,1348,129,18,228,14.63,17.31,14.49
hoodie,basic,7.0,premium,US,728,85,11,118,14.51,18.0,14.6
hoodie,premium,10.0,premium,CN,1910,200,7,56,30.14,34.76,27.95
hoodie,basic,7.0,budget,US,1611,200,10,40,11.25,14.61,11.77
hoodie,premium,10.0,standard,CN,1528,170,36,62,25.94,30.02,24.7
hoodie,basic,7.0,budget,CN,1581,103,32,165,10.02,12.81,10.3
hoodie,mid,8.5,premium,US,720,63,13,274,26.06,30.28,24.32
hoodie,basic,7.0,budget,CN,333,24,16,314,10.47,11.36,9.99
hoodie,basic,7.0,standard,US,1496,88,15,96,13.77,15.45,13.13
hoodie,mid,8.5,budget,CN,31,12,16,56,17.5,20.47,17.61
hoodie,premium,10.0,premium,US,204,46,30,65,32.43,34.75,31.77
hoodie,premium,10.0,budget,CN,56,12,11,254,25.78,31.69,26.18
hoodie,basic,7.0,standard,CN,994,200,31,311,11.8,13.33,11.81
hoodie,basic,7.0,premium,US,234,34,15,36,15.82,17.38,15.63
hoodie,mid,8.5,premium,MX,722,91,18,120,19.66,22.2,20.56
hoodie,basic,7.0,budget,CN,498,121,35,60,9.98,12.42,10.2
hoodie,mid,8.5,premium,CN,1445,175,12,320,20.03,24.25,19.86
hoodie,premium,10.0,budget,CN,673,51,17,240,25.67,30.07,24.92
hoodie,basic,7.0,budget,US,1687,200,23,78,12.36,13.93,11.51
hoodie,basic,7.0,standard,US,1046,200,22,52,13.22,16.72,13.86
hoodie,basic,7.0,budget,CN,1705,198,9,173,10.68,12.69,10.1
hoodie,mid,8.5,standard,CN,734,49,19,294,17.83,18.67,17.27
hoodie,mid,8.5,standard,US,496,106,18,321,21.03,23.25,21.15
hoodie,basic,7.0,standard,CN,1139,200,8,265,10.84,11.77,10.4
hoodie,mid,8.5,standard,MX,663,61,29,319,19.95,20.95,19.52
hoodie,basic,7.0,standard,CN,365,82,25,189,12.0,14.67,11.52
hoodie,premium,10.0,premium,CN,856,48,39,149,30.68,36.63,30.36
hoodie,basic,7.0,budget,US,359,33,24,361,11.6,14.2,11.5
hoodie,mid,8.5,standard,CN,1100,133,32,331,18.4,19.7,17.6
hoodie,basic,7.0,standard,US,387,28,30,251,12.78,16.05,13.21
hoodie,mid,8.5,budget,MX,1641,200,24,133,15.67,18.52,16.21
hoodie,basic,7.0,standard,CN,1953,200,20,321,11.84,13.92,11.03
hoodie,premium,10.0,standard,US,1618,117,20,240,33.29,38.38,30.96
hoodie,mid,8.5,standard,MX,1787,200,10,331,18.97,21.29,17.88
hoodie,basic,7.0,standard,MX,834,68,37,189,12.89,14.17,12.01
hoodie,mid,8.5,budget,CN,1375,200,44,111,17.41,18.19,17.01
hoodie,mid,8.5,budget,US,1905,200,7,240,19.36,22.36,19.07
hoodie,premium,10.0,standard,US,768,44,39,74,28.73,37.81,29.7
hoodie,basic,7.0,standard,MX,1324,173,11,254,11.7,12.81,11.23
hoodie,basic,7.0,standard,CN,1490,127,21,272,12.27,13.2,11.54
hoodie,mid,8.5,standard,CN,1477,200,24,317,17.36,20.93,17.45
hoodie,basic,7.0,budget,US,1560,144,41,147,11.07,13.82,11.51
hoodie,basic,7.0,premium,CN,1431,200,39,166,13.32,14.72,13.64
hoodie,basic,7.0,standard,CN,1267,125,42,307,11.69,12.39,11.42
hoodie,premium,10.0,budget,CN,106,12,26,49,24.29,30.46,24.16
hoodie,mid,8.5,budget,US,1660,200,32,285,17.29,19.79,17.3
hoodie,basic,7.0,standard,CN,62,12,45,353,11.76,14.52,12.01
hoodie,basic,7.0,standard,CN,404,49,45,193,11.47,13.2,11.72
hoodie,basic,7.0,budget,CN,717,67,19,235,9.97,11.79,9.96
hoodie,mid,8.5,standard,US,1324,153,34,166,20.78,22.31,20.43
hoodie,basic,7.0,standard,US,1888,200,38,106,13.92,14.9,13.11
hoodie,premium,10.0,budget,MX,837,177,42,180,24.76,31.25,24.75
hoodie,basic,7.0,standard,US,747,181,20,214,12.55,16.51,12.93
hoodie,mid,8.5,standard,CN,1205,108,44,90,18.93,22.46,18.51
hoodie,basic,7.0,standard,CN,1209,188,13,29,10.97,13.39,10.57
hoodie,premium,10.0,standard,US,1110,131,26,114,32.2,32.03,29.83
hoodie,basic,7.0,premium,CN,220,30,21,348,13.46,14.49,13.33
hoodie,premium,10.0,standard,US,1860,103,29,41,26.33,35.1,27.7
hoodie,mid,8.5,premium,CN,1258,200,37,301,18.3,24.08,19.05
hoodie,mid,8.5,standard,CN,1946,200,45,26,19.2,21.39,18.16
hoodie,basic,7.0,budget,MX,115,12,26,269,10.72,13.15,10.9
hoodie,premium,10.0,premium,CN,1086,154,43,192,31.08,36.77,31.02
hoodie,basic,7.0,standard,CN,1939,200,36,337,11.07,12.35,11.6
hoodie,mid,8.5,budget,CN,53,12,37,220,18.01,21.89,17.32
hoodie,basic,7.0,standard,CN,1246,87,13,174,12.55,12.99,11.89
hoodie,premium,10.0,standard,CN,308,44,31,265,26.0,32.15,26.16
hoodie,basic,7.0,standard,US,793,160,35,298,13.22,15.89,13.16
hoodie,basic,7.0,budget,MX,838,53,14,62,11.27,13.65,10.68
hoodie,basic,7.0,budget,US,1037,76,40,266,11.59,12.74,11.35
hoodie,mid,8.5,budget,US,1539,139,27,58,18.88,22.51,18.23
hoodie,mid,8.5,budget,CN,265,54,43,355,16.35,17.63,16.6
hoodie,basic,7.0,budget,CN,1676,111,36,170,10.03,11.73,10.12
hoodie,basic,7.0,premium,CN,1806,200,15,110,11.66,14.86,12.18
hoodie,basic,7.0,standard,CN,1445,200,23,258,11.26,13.15,11.1
hoodie,mid,8.5,standard,CN,768,107,19,223,17.24,19.76,17.75
hoodie,mid,8.5,standard,MX,149,35,31,333,19.05,20.99,18.39
hoodie,basic,7.0,standard,CN,1912,200,37,103,10.35,13.14,10.68
hoodie,mid,8.5,standard,CN,1499,200,35,27,16.48,21.49,16.87
hoodie,mid,8.5,budget,CN,497,82,30,37,17.24,20.22,16.84
hoodie,mid,8.5,premium,CN,1498,200,31,318,20.54,26.34,20.83
hoodie,basic,7.0,standard,MX,884,166,31,296,12.25,13.07,11.74
hoodie,premium,10.0,budget,CN,1817,200,25,248,21.98,25.26,22.88
hoodie,mid,8.5,standard,US,845,193,8,234,21.3,25.76,20.88
hoodie,basic,7.0,standard,CN,325,16,8,21,11.05,13.91,11.62
hoodie,mid,8.5,standard,US,1306,135,27,337,19.97,22.77,21.01
hoodie,basic,7.0,budget,CN,286,43,13,218,11.2,13.13,10.6
hoodie,mid,8.5,premium,CN,1493,200,21,99,21.07,23.87,21.51
hoodie,basic,7.0,premium,US,1829,200,10,278,12.74,16.23,13.26
hoodie,mid,8.5,standard,US,1134,200,17,357,20.66,21.75,19.88
hoodie,basic,7.0,premium,CN,641,86,32,75,12.88,13.59,12.68
hoodie,mid,8.5,budget,CN,1943,200,14,136,15.61,18.95,15.49
hoodie,basic,7.0,premium,CN,1776,152,23,190,12.24,14.69,12.66
hoodie,mid,8.5,premium,CN,1081,200,38,148,19.01,21.34,19.57
hoodie,basic,7.0,standard,US,951,85,20,265,12.6,14.47,13.17
hoodie,premium,10.0,premium,CN,1758,166,10,40,26.0,32.79,27.35
hoodie,mid,8.5,budget,CN,1972,200,22,236,16.05,16.91,14.94
hoodie,mid,8.5,premium,CN,1980,136,27,253,20.14,23.16,20.56
hoodie,basic,7.0,budget,US,1593,200,9,108,11.38,14.08,11.08
hoodie,mid,8.5,budget,CN,919,155,25,361,14.04,15.09,14.05
hoodie,mid,8.5,standard,CN,1537,200,14,92,18.63,19.59,18.05
hoodie,mid,8.5,premium,US,1658,200,17,95,21.01,25.08,21.72
hoodie,basic,7.0,premium,US,1492,147,35,91,14.34,14.3,13.55
hoodie,basic,7.0,standard,CN,701,81,32,246,11.44,12.82,11.58
hoodie,basic,7.0,premium,CN,953,184,26,147,13.21,13.68,12.91
hoodie,mid,8.5,premium,MX,1460,189,38,279,20.33,22.72,19.44
hoodie,basic,7.0,premium,US,611,150,43,83,15.88,17.51,14.85
hoodie,basic,7.0,budget,CN,1117,163,14,177,10.55,10.56,10.02
hoodie,mid,8.5,standard,MX,422,25,21,274,19.21,21.12,19.25
hoodie,mid,8.5,budget,CN,1531,143,16,306,16.18,19.17,15.55
hoodie,basic,7.0,premium,CN,1308,200,41,69,12.3,15.36,12.02
hoodie,mid,8.5,budget,CN,388,69,15,260,16.38,17.21,15.89
hoodie,mid,8.5,premium,US,1459,200,41,216,21.86,23.0,21.76
hoodie,premium,10.0,premium,CN,1175,156,19,34,28.49,34.78,27.92
hoodie,mid,8.5,premium,US,1570,159,32,259,23.42,26.67,21.82
hoodie,mid,8.5,premium,US,583,125,44,46,22.13,23.56,22.23
hoodie,basic,7.0,standard,US,926,190,18,179,12.28,14.87,12.75
hoodie,basic,7.0,standard,US,716,107,18,128,12.55,15.75,12.93
hoodie,premium,10.0,premium,US,393,57,30,95,32.42,40.65,31.99
hoodie,premium,10.0,premium,US,326,32,14,150,34.69,41.2,36.18
hoodie,premium,10.0,budget,CN,349,46,35,201,23.25,27.62,23.01
hoodie,mid,8.5,budget,MX,79,12,26,215,17.75,22.49,17.87
hoodie,basic,7.0,standard,US,149,25,41,132,13.47,15.2,12.81
hoodie,mid,8.5,standard,CN,619,124,32,95,17.03,20.39,16.64
hoodie,mid,8.5,budget,US,1598,86,22,319,18.03,23.13,18.81
hoodie,basic,7.0,standard,MX,1464,200,22,73,11.59,14.53,11.39
hoodie,mid,8.5,budget,CN,1334,133,44,290,15.76,18.17,16.18
hoodie,mid,8.5,budget,CN,432,41,16,96,16.68,18.8,15.68
hoodie,premium,10.0,budget,MX,1445,173,25,158,26.79,30.41,25.07
hoodie,mid,8.5,budget,CN,1657,200,36,52,15.03,19.92,15.77
hoodie,mid,8.5,standard,MX,1603,200,23,78,17.63,20.7,18.02
hoodie,premium,10.0,premium,US,416,58,12,301,34.5,38.09,32.03
hoodie,premium,10.0,premium,MX,1892,105,38,279,28.68,34.84,29.9
hoodie,basic,7.0,premium,US,1955,160,32,125,15.35,17.44,14.36
hoodie,mid,8.5,standard,US,1004,65,18,213,20.69,23.55,19.79
hoodie,basic,7.0,standard,US,1657,200,39,161,12.27,13.23,12.11
hoodie,mid,8.5,premium,CN,1049,105,13,99,19.25,21.36,19.55
hoodie,mid,8.5,budget,US,345,51,14,92,19.46,20.78,18.21
hoodie,basic,7.0,premium,US,1378,197,20,27,15.25,15.47,14.57
hoodie,mid,8.5,premium,CN,998,119,20,263,21.4,23.56,20.08
hoodie,mid,8.5,standard,CN,645,127,13,318,18.08,17.96,16.74
hoodie,basic,7.0,standard,MX,1302,105,39,153,12.49,13.48,11.92
hoodie,mid,8.5,standard,MX,1881,200,9,205,16.76,20.81,16.84
hoodie,mid,8.5,budget,CN,541,32,13,38,15.7,17.16,15.74
hoodie,mid,8.5,premium,MX,1270,200,17,85,22.16,25.72,21.21
hoodie,basic,7.0,premium,US,713,123,14,352,14.67,17.76,13.98
hoodie,basic,7.0,budget,MX,609,112,43,201,10.17,12.64,10.69
hoodie,mid,8.5,standard,US,1625,200,35,90,19.82,23.88,19.84
hoodie,mid,8.5,standard,US,1990,200,12,222,20.61,23.87,20.56
hoodie,premium,10.0,budget,US,1447,200,9,249,27.08,28.26,25.95
hoodie,premium,10.0,budget,CN,824,86,7,125,22.55,25.07,22.63
hoodie,mid,8.5,budget,US,188,43,30,209,20.81,22.58,20.08
hoodie,mid,8.5,standard,US,170,41,24,306,21.26,24.47,21.42
hoodie,mid,8.5,budget,US,1240,120,29,46,18.86,20.82,18.61
hoodie,premium,10.0,standard,CN,856,75,22,290,27.3,29.43,25.39
hoodie,mid,8.5,standard,CN,563,53,13,263,17.74,20.94,18.2
hoodie,basic,7.0,premium,CN,1827,200,41,358,12.97,15.36,12.55
hoodie,basic,7.0,standard,US,838,59,18,229,13.41,15.98,13.17
hoodie,mid,8.5,standard,MX,711,107,27,113,19.18,22.47,17.77
hoodie,mid,8.5,standard,CN,883,135,9,333,16.29,20.06,16.97
hoodie,premium,10.0,premium,US,1158,161,26,257,33.9,39.21,33.6
hoodie,basic,7.0,standard,CN,609,139,36,25,12.23,14.38,12.02
hoodie,basic,7.0,standard,CN,1502,200,19,173,11.34,13.15,10.82
hoodie,premium,10.0,premium,CN,1470,180,12,50,28.94,33.08,29.18
hoodie,mid,8.5,budget,US,197,46,29,210,18.33,19.14,17.91
hoodie,basic,7.0,standard,US,947,200,44,90,13.99,15.17,13.68
hoodie,basic,7.0,budget,US,1497,200,24,223,11.85,14.71,11.97
hoodie,premium,10.0,budget,CN,710,82,41,121,23.09,29.2,23.65
hoodie,basic,7.0,budget,MX,1215,121,16,197,9.88,11.08,9.51
hoodie,premium,10.0,standard,CN,1551,80,32,233,25.03,29.85,25.62
hoodie,basic,7.0,standard,US,204,12,8,24,12.31,14.14,12.89
hoodie,basic,7.0,standard,US,863,189,36,301,13.6,16.17,13.04
hoodie,mid,8.5,standard,CN,1304,200,44,49,20.56,24.28,19.76
hoodie,basic,7.0,budget,CN,1524,200,25,96,10.4,10.77,9.92
hoodie,mid,8.5,standard,CN,765,184,30,117,19.37,23.17,19.96
hoodie,premium,10.0,standard,US,834,166,14,206,28.07,35.48,29.01
hoodie,basic,7.0,standard,MX,249,53,10,256,13.05,15.67,12.45
hoodie,basic,7.0,budget,US,477,52,42,206,11.71,14.81,12.13
hoodie,basic,7.0,standard,MX,1778,200,13,81,12.38,12.86,11.67
hoodie,mid,8.5,standard,CN,236,51,25,50,20.89,25.09,19.72
hoodie,basic,7.0,standard,CN,635,45,24,301,11.46,13.0,11.03
hoodie,premium,10.0,budget,US,1495,200,19,345,27.23,28.26,26.73
hoodie,mid,8.5,budget,MX,1303,200,33,124,16.91,17.19,16.31
hoodie,basic,7.0,standard,MX,1398,200,12,148,12.21,14.1,11.89
hoodie,basic,7.0,budget,MX,1869,200,30,135,10.98,13.0,11.01
hoodie,mid,8.5,standard,CN,1997,200,25,145,18.62,21.21,17.97
hoodie,basic,7.0,budget,CN,1929,123,15,33,10.2,12.05,10.08
hoodie,basic,7.0,premium,US,1325,180,25,81,16.18,16.16,15.06
hoodie,premium,10.0,budget,CN,859,135,45,255,26.05,30.1,25.58
hoodie,basic,7.0,budget,CN,1412,200,34,278,10.29,11.55,10.62
hoodie,basic,7.0,standard,CN,684,144,25,62,12.56,13.81,12.56
hoodie,mid,8.5,standard,CN,1454,200,33,307,18.16,18.91,17.97
hoodie,basic,7.0,standard,CN,1348,200,22,185,13.15,13.71,12.54
hoodie,mid,8.5,premium,CN,1390,200,28,56,19.21,20.84,19.26
hoodie,basic,7.0,standard,CN,106,12,19,17,12.27,14.43,11.53
hoodie,basic,7.0,budget,CN,347,49,26,124,10.17,12.98,10.48
hoodie,mid,8.5,budget,US,286,33,34,120,19.93,23.22,19.03
hoodie,premium,10.0,budget,CN,30,12,33,145,25.78,31.77,25.85
hoodie,basic,7.0,standard,MX,1651,200,27,165,11.71,13.24,12.05
hoodie,mid,8.5,premium,CN,1692,200,8,155,19.26,20.84,19.69
hoodie,mid,8.5,standard,CN,134,28,44,137,19.88,20.9,19.82
hoodie,mid,8.5,premium,CN,1821,200,39,163,20.21,22.72,20.19
hoodie,mid,8.5,budget,CN,744,64,36,239,16.56,19.8,15.92
hoodie,premium,10.0,standard,US,314,52,38,266,30.27,34.59,31.49
hoodie,mid,8.5,budget,US,860,184,26,326,18.58,21.93,19.11
hoodie,basic,7.0,premium,MX,752,63,39,66,13.14,14.73,12.77
hoodie,mid,8.5,budget,US,69,13,21,354,19.38,21.6,19.8
hoodie,basic,7.0,standard,US,1084,137,20,206,12.19,13.26,12.44
hoodie,mid,8.5,standard,CN,442,41,36,116,20.74,22.06,20.05
hoodie,premium,10.0,standard,CN,914,104,41,196,24.96,30.55,24.74
hoodie,premium,10.0,standard,CN,1685,200,31,332,28.87,32.03,27.12
hoodie,basic,7.0,budget,MX,526,101,39,178,11.97,14.1,11.18
hoodie,mid,8.5,standard,CN,1819,200,15,304,17.39,18.51,17.2
hoodie,basic,7.0,standard,MX,673,86,13,191,11.24,13.94,11.29
hoodie,basic,7.0,premium,CN,1676,200,41,76,12.79,15.08,12.03
hoodie,basic,7.0,standard,CN,1270,70,38,50,11.92,12.78,11.84
hoodie,mid,8.5,budget,US,187,36,33,273,19.43,25.0,19.99
hoodie,basic,7.0,standard,CN,791,140,11,63,12.29,13.59,11.71
hoodie,mid,8.5,standard,MX,530,61,16,221,19.86,22.47,18.9
hoodie,premium,10.0,standard,CN,196,32,7,81,23.9,29.8,24.58
hoodie,basic,7.0,premium,MX,995,200,15,188,12.0,13.57,12.43
hoodie,mid,8.5,premium,CN,440,97,39,327,22.92,23.07,21.68
hoodie,basic,7.0,budget,US,1662,151,12,240,12.45,13.42,12.04
hoodie,premium,10.0,budget,CN,1690,107,11,282,23.28,27.03,22.19
hoodie,premium,10.0,standard,US,1184,186,41,121,29.11,35.12,29.45
hoodie,basic,7.0,budget,US,219,17,25,240,12.43,13.74,11.61
hoodie,basic,7.0,premium,US,508,61,8,189,15.7,19.12,15.64
hoodie,mid,8.5,standard,CN,1737,200,15,336,17.01,20.52,17.45
hoodie,basic,7.0,budget,US,1822,200,21,329,11.6,13.48,10.96
hoodie,mid,8.5,standard,MX,1114,200,29,355,17.28,20.57,17.53
hoodie,basic,7.0,budget,US,933,180,31,365,12.87,14.73,12.81
hoodie,mid,8.5,standard,MX,943,158,25,144,19.68,25.03,19.77
hoodie,mid,8.5,standard,US,855,117,26,342,21.34,23.97,20.35
hoodie,basic,7.0,budget,US,591,64,38,66,12.27,13.12,11.83
hoodie,basic,7.0,premium,CN,733,182,18,131,12.47,15.8,12.68
hoodie,basic,7.0,standard,CN,1093,146,39,347,12.61,12.87,11.76
hoodie,basic,7.0,standard,US,1760,200,21,186,13.94,14.44,13.01
hoodie,basic,7.0,standard,MX,419,40,23,265,11.65,13.81,11.91
hoodie,basic,7.0,standard,US,1036,200,38,185,13.66,15.7,13.15
hoodie,basic,7.0,standard,CN,117,12,26,20,11.74,15.28,12.0
hoodie,basic,7.0,premium,CN,121,12,41,259,13.59,14.21,12.94
hoodie,mid,8.5,standard,CN,281,19,33,136,18.19,20.79,18.15
hoodie,basic,7.0,standard,CN,858,192,39,206,12.41,13.99,12.06
hoodie,mid,8.5,standard,MX,1445,105,21,343,17.63,20.03,17.84
hoodie,basic,7.0,standard,CN,1246,159,38,111,11.98,13.2,11.24
hoodie,basic,7.0,standard,MX,1100,199,13,217,12.02,13.27,12.0
hoodie,basic,7.0,standard,US,1684,95,12,63,12.19,14.91,12.54
hoodie,mid,8.5,budget,CN,754,139,23,355,14.8,18.6,15.43
hoodie,mid,8.5,premium,US,1957,200,30,343,23.34,27.38,21.67
hoodie,basic,7.0,standard,MX,1669,200,24,319,11.79,14.42,11.68
hoodie,basic,7.0,budget,US,533,54,30,225,11.94,12.96,11.52
hoodie,mid,8.5,budget,CN,1443,200,16,123,15.97,19.86,15.55
hoodie,mid,8.5,budget,CN,1187,160,33,200,16.08,18.48,15.71
hoodie,basic,7.0,standard,CN,636,64,26,209,11.83,13.14,11.54
hoodie,mid,8.5,standard,US,1067,178,30,358,19.89,21.19,19.24
hoodie,mid,8.5,budget,US,718,127,17,327,18.59,18.55,17.35
hoodie,mid,8.5,standard,CN,1434,200,33,243,19.22,21.29,18.19
hoodie,basic,7.0,standard,US,947,85,7,248,11.95,13.33,12.43
hoodie,mid,8.5,budget,CN,259,47,16,215,14.11,17.84,14.69
hoodie,mid,8.5,budget,CN,258,30,43,298,16.51,20.75,16.76
hoodie,basic,7.0,budget,US,1208,76,44,312,12.67,14.74,12.27
hoodie,basic,7.0,budget,US,1010,108,31,54,10.91,12.98,11.27
hoodie,basic,7.0,standard,US,368,79,40,362,14.23,17.08,13.9
hoodie,basic,7.0,standard,CN,1171,85,22,190,10.41,13.3,10.56
hoodie,mid,8.5,premium,US,100,12,44,105,27.53,32.86,25.84
hoodie,mid,8.5,standard,CN,1392,200,43,341,17.75,22.4,18.24
hoodie,basic,7.0,standard,CN,132,20,7,297,12.24,14.04,11.43
hoodie,mid,8.5,standard,US,1432,200,8,123,20.62,24.67,19.88
hoodie,basic,7.0,budget,CN,1362,200,21,198,9.48,10.85,9.34
hoodie,premium,10.0,standard,MX,1126,200,33,158,29.11,32.79,27.11
hoodie,basic,7.0,premium,CN,189,15,25,305,12.16,14.5,12.45
hoodie,mid,8.5,budget,US,318,30,15,214,21.26,21.71,19.77
hoodie,basic,7.0,budget,US,1978,200,41,256,12.23,12.55,11.54
hoodie,mid,8.5,budget,CN,1525,190,26,271,15.42,19.91,16.13
hoodie,mid,8.5,budget,US,266,27,43,326,19.45,24.01,19.13
hoodie,basic,7.0,standard,US,275,37,34,271,15.33,16.42,14.34
hoodie,premium,10.0,standard,CN,1260,146,15,171,26.41,27.18,25.65
hoodie,mid,8.5,premium,US,1815,200,43,120,22.17,23.48,21.21
hoodie,mid,8.5,premium,CN,1540,199,14,337,19.93,23.57,18.47
hoodie,premium,10.0,premium,US,1540,135,32,287,35.22,35.43,33.68
hoodie,basic,7.0,budget,MX,174,27,27,289,11.41,12.25,11.38
hoodie,basic,7.0,budget,US,872,102,27,207,11.73,14.17,11.72
hoodie,mid,8.5,budget,CN,424,103,42,355,17.69,20.76,16.79
hoodie,premium,10.0,budget,US,144,33,18,63,29.29,35.32,28.89
hoodie,premium,10.0,standard,CN,405,93,26,343,24.26,30.18,24.81
hoodie,premium,10.0,budget,CN,499,44,35,305,24.34,28.37,23.25
hoodie,mid,8.5,standard,CN,735,124,12,105,16.2,18.18,16.75
hoodie,basic,7.0,budget,MX,934,49,25,178,10.96,12.49,10.29
hoodie,mid,8.5,premium,CN,126,29,37,165,24.73,27.29,22.95
hoodie,mid,8.5,budget,US,867,143,26,333,20.37,23.61,19.23
hoodie,mid,8.5,budget,US,1148,60,8,364,17.54,20.57,17.89
hoodie,mid,8.5,standard,US,431,102,32,49,22.88,23.79,21.33
hoodie,mid,8.5,budget,MX,615,139,33,58,17.09,20.17,16.83
hoodie,basic,7.0,standard,US,1273,200,16,310,12.97,12.89,12.11
hoodie,mid,8.5,standard,CN,1211,200,28,360,16.34,17.95,16.86
hoodie,mid,8.5,premium,MX,1170,198,40,52,20.68,22.52,20.42
hoodie,mid,8.5,budget,MX,1857,200,38,167,15.49,19.37,16.23
hoodie,mid,8.5,budget,US,37,12,41,118,21.47,22.17,20.02
hoodie,basic,7.0,standard,CN,308,31,26,61,11.14,12.83,11.01
hoodie,basic,7.0,standard,US,1063,195,19,55,12.28,14.74,12.81
hoodie,basic,7.0,premium,CN,46,12,22,317,13.46,13.89,12.57
hoodie,basic,7.0,budget,US,1396,200,16,168,10.55,13.13,11.04
hoodie,basic,7.0,budget,CN,1902,200,17,230,10.44,11.27,9.73
hoodie,mid,8.5,standard,CN,1732,200,41,326,20.08,24.39,19.31
hoodie,mid,8.5,standard,CN,407,66,33,78,19.18,21.2,18.69
hoodie,mid,8.5,standard,US,143,34,26,46,20.2,25.78,21.18
hoodie,basic,7.0,premium,US,1326,113,10,212,14.17,18.14,14.59
hoodie,premium,10.0,standard,US,336,76,39,277,30.03,37.4,31.43
hoodie,basic,7.0,budget,CN,771,80,43,26,11.11,13.12,10.75
hoodie,mid,8.5,budget,CN,1557,200,23,78,16.74,18.52,15.96
hoodie,mid,8.5,premium,US,1722,200,41,239,22.61,28.44,23.27
hoodie,premium,10.0,budget,CN,502,48,19,178,22.9,26.09,23.93
hoodie,premium,10.0,budget,US,1008,200,7,28,25.64,29.82,26.48
hoodie,premium,10.0,budget,CN,381,54,12,203,21.71,26.48,22.69
hoodie,premium,10.0,premium,US,438,36,32,32,32.8,36.75,32.98
hoodie,mid,8.5,standard,US,1888,136,39,307,20.56,23.46,20.77
hoodie,basic,7.0,standard,US,1358,182,25,133,12.25,16.18,12.87
hoodie,basic,7.0,standard,CN,1905,200,42,55,11.66,13.67,11.7
hoodie,basic,7.0,standard,US,1775,200,15,322,12.62,16.16,13.22
hoodie,mid,8.5,budget,CN,154,37,23,136,15.93,17.95,16.33
hoodie,basic,7.0,premium,CN,1284,200,40,209,13.73,14.75,13.07
hoodie,mid,8.5,premium,CN,1850,143,41,23,19.79,21.68,19.39
hoodie,mid,8.5,premium,CN,1408,200,16,244,22.56,25.64,21.0
hoodie,basic,7.0,budget,US,411,76,45,64,12.01,13.55,12.45
hoodie,basic,7.0,budget,US,1517,200,39,129,13.2,15.48,12.54
hoodie,mid,8.5,standard,CN,229,45,42,126,19.81,21.5,18.67
hoodie,basic,7.0,premium,US,1512,200,19,103,13.46,16.35,13.72
hoodie,mid,8.5,premium,CN,438,30,27,81,22.71,24.91,21.19
hoodie,basic,7.0,budget,CN,1378,112,8,342,10.02,12.77,10.27
hoodie,basic,7.0,standard,US,1116,106,9,341,12.36,14.79,12.76
hoodie,mid,8.5,budget,MX,1399,200,38,204,16.43,19.68,15.74
hoodie,premium,10.0,standard,CN,1311,200,9,95,25.17,27.33,25.41
hoodie,basic,7.0,budget,CN,1115,200,26,51,10.12,11.45,10.26
hoodie,mid,8.5,standard,CN,407,59,33,327,20.87,24.63,19.77
hoodie,mid,8.5,premium,CN,333,17,30,55,21.1,25.72,20.88
hoodie,mid,8.5,premium,US,411,81,21,19,21.22,24.03,21.6
hoodie,basic,7.0,premium,CN,1176,200,16,213,12.88,15.62,12.41
hoodie,basic,7.0,premium,US,1316,200,16,325,15.76,15.53,14.63
hoodie,basic,7.0,standard,US,40,12,12,49,13.37,15.82,13.39
hoodie,mid,8.5,standard,CN,172,37,20,143,20.02,24.26,19.14
hoodie,basic,7.0,budget,MX,461,50,23,338,11.11,13.62,11.66
hoodie,premium,10.0,standard,MX,1106,195,42,63,25.9,34.2,26.97
hoodie,mid,8.5,standard,CN,694,129,41,28,19.79,19.98,18.53
hoodie,basic,7.0,standard,CN,627,49,26,236,11.21,11.66,10.61
hoodie,premium,10.0,standard,US,1613,200,35,104,30.73,36.99,30.18
hoodie,mid,8.5,standard,CN,664,114,22,85,18.46,18.75,17.75
hoodie,basic,7.0,standard,CN,687,119,23,201,12.21,12.6,11.69
hoodie,mid,8.5,standard,CN,1351,143,41,26,18.95,22.28,18.1
hoodie,basic,7.0,standard,CN,1093,200,37,129,11.77,13.6,11.48
hoodie,basic,7.0,budget,CN,211,33,11,117,9.73,12.3,10.04
hoodie,basic,7.0,premium,US,1504,160,33,62,14.83,15.58,14.08
hoodie,basic,7.0,premium,US,683,78,32,111,15.51,19.09,15.18
hoodie,basic,7.0,premium,US,748,106,36,354,14.74,16.27,13.79
hoodie,basic,7.0,standard,CN,1928,200,19,330,10.86,11.7,10.82
hoodie,mid,8.5,standard,CN,1333,135,44,14,19.66,20.33,18.25
hoodie,mid,8.5,budget,CN,867,103,44,347,15.51,18.17,16.0
hoodie,mid,8.5,premium,US,489,70,21,226,24.78,26.88,23.09
hoodie,basic,7.0,budget,MX,524,31,10,346,10.5,11.48,10.2
hoodie,basic,7.0,budget,US,376,76,41,214,12.08,14.56,12.05
hoodie,premium,10.0,standard,US,1002,103,25,322,29.9,32.93,29.87
hoodie,premium,10.0,budget,US,57,12,26,37,30.48,35.53,28.9
hoodie,mid,8.5,standard,CN,1430,200,24,327,17.46,18.72,16.8
hoodie,mid,8.5,standard,US,427,52,28,213,20.63,26.27,21.28
hoodie,basic,7.0,standard,CN,1756,116,40,289,11.98,12.59,11.59
hoodie,basic,7.0,standard,US,208,19,11,312,13.54,13.86,12.86
hoodie,mid,8.5,standard,US,1601,200,29,315,19.68,22.81,20.53
hoodie,mid,8.5,budget,MX,1597,169,21,128,15.79,19.5,15.38
hoodie,mid,8.5,standard,US,306,43,16,153,21.17,26.55,21.1
hoodie,mid,8.5,budget,MX,104,25,44,285,18.93,22.71,18.32
hoodie,mid,8.5,premium,CN,995,149,20,354,22.2,23.01,20.9
hoodie,basic,7.0,budget,US,1969,200,13,210,10.95,12.37,10.75
hoodie,basic,7.0,standard,US,1926,114,36,122,12.69,13.82,12.07
hoodie,basic,7.0,premium,CN,100,17,35,329,13.44,13.75,12.64
hoodie,basic,7.0,standard,MX,1613,200,13,212,12.46,14.77,11.73
hoodie,mid,8.5,standard,CN,108,17,43,81,17.07,21.51,17.41
hoodie,basic,7.0,standard,CN,952,200,21,333,10.82,12.54,11.04
hoodie,mid,8.5,standard,CN,62,12,35,198,18.66,22.96,18.93
hoodie,premium,10.0,budget,CN,1050,172,13,47,25.97,29.94,24.29
hoodie,mid,8.5,budget,MX,1854,200,45,20,16.24,18.46,15.84
hoodie,mid,8.5,standard,CN,278,64,18,205,17.47,20.92,18.22
hoodie,basic,7.0,budget,US,1337,67,42,27,11.85,14.9,11.98
hoodie,basic,7.0,premium,CN,871,100,37,198,12.69,16.2,12.67
hoodie,mid,8.5,standard,CN,1044,200,26,125,17.73,18.96,17.31
hoodie,premium,10.0,standard,US,567,31,43,74,30.27,35.9,30.23
hoodie,mid,8.5,standard,MX,1204,194,35,241,19.51,21.75,18.42
hoodie,premium,10.0,premium,CN,1415,200,36,27,32.4,33.86,30.26
hoodie,basic,7.0,standard,CN,298,40,31,181,11.74,13.94,11.25
hoodie,premium,10.0,budget,CN,1262,200,11,233,21.34,24.64,22.33
hoodie,mid,8.5,standard,CN,119,12,12,243,18.25,18.69,17.6
hoodie,basic,7.0,budget,CN,1908,190,34,171,9.98,11.1,10.2
hoodie,basic,7.0,standard,US,313,17,26,65,13.75,14.42,13.2
hoodie,mid,8.5,budget,US,1832,200,17,198,19.55,22.94,18.52
hoodie,mid,8.5,budget,US,1835,161,32,184,18.05,23.04,18.75
hoodie,basic,7.0,standard,MX,1172,110,26,322,11.8,14.71,12.38
hoodie,premium,10.0,standard,CN,1072,200,37,203,26.9,31.34,25.75
hoodie,mid,8.5,budget,US,1443,128,7,221,17.46,19.42,17.8
hoodie,mid,8.5,standard,US,1107,183,25,245,18.51,23.07,19.43
hoodie,mid,8.5,standard,US,1155,188,21,255,18.59,22.36,18.9
hoodie,mid,8.5,standard,CN,482,87,23,231,16.89,19.8,16.89
hoodie,mid,8.5,standard,US,1128,200,19,320,19.66,21.99,19.02
hoodie,mid,8.5,standard,US,101,12,41,269,22.62,24.13,21.38
hoodie,mid,8.5,budget,CN,394,97,43,245,15.14,18.68,15.82
hoodie,premium,10.0,standard,US,1633,200,21,277,31.03,40.06,31.56
hoodie,basic,7.0,standard,CN,1870,200,33,365,11.78,12.83,11.44
hoodie,basic,7.0,standard,CN,1709,175,15,119,12.03,13.98,11.18
hoodie,mid,8.5,standard,US,1144,143,19,128,20.27,21.32,20.01
hoodie,basic,7.0,premium,CN,1862,127,25,238,12.96,13.37,12.15
hoodie,mid,8.5,budget,US,1311,131,28,228,19.91,23.22,18.59
hoodie,basic,7.0,budget,MX,262,51,36,307,11.48,12.59,11.03
hoodie,basic,7.0,budget,US,492,56,20,33,12.18,13.95,12.26
hoodie,premium,10.0,budget,US,944,76,20,152,25.69,27.03,24.34
hoodie,basic,7.0,standard,MX,811,72,7,356,11.85,13.96,11.24
hoodie,premium,10.0,premium,US,1154,200,44,81,32.16,35.39,33.16
hoodie,basic,7.0,premium,US,87,12,27,35,16.42,17.4,15.21
hoodie,basic,7.0,budget,CN,636,56,33,85,10.12,12.39,10.48
hoodie,mid,8.5,standard,CN,1405,200,16,288,17.88,20.49,18.0
hoodie,mid,8.5,budget,MX,802,185,9,344,17.01,19.21,15.81
hoodie,mid,8.5,standard,MX,883,181,30,214,19.69,20.33,18.81
hoodie,mid,8.5,premium,CN,1938,200,29,176,19.03,24.7,19.93
hoodie,mid,8.5,budget,CN,839,185,28,209,16.57,19.28,16.38
hoodie,basic,7.0,standard,MX,239,22,11,72,12.69,14.84,12.29
hoodie,mid,8.5,budget,CN,370,81,42,336,16.3,17.51,15.8
hoodie,mid,8.5,standard,CN,1733,200,29,36,17.69,19.6,17.39
hoodie,mid,8.5,premium,CN,1969,200,9,212,19.65,23.49,19.85
hoodie,mid,8.5,standard,US,1130,200,44,309,21.26,24.47,19.95
hoodie,mid,8.5,standard,CN,324,67,44,31,17.77,19.96,17.81
hoodie,basic,7.0,standard,CN,240,58,40,307,12.41,13.68,11.82
hoodie,basic,7.0,standard,US,1859,200,12,182,12.23,14.9,12.59
hoodie,basic,7.0,premium,US,1658,200,35,45,13.69,16.15,13.75
hoodie,basic,7.0,standard,CN,1943,200,35,315,11.61,11.95,11.03
hoodie,basic,7.0,budget,CN,1464,177,42,274,10.77,11.6,10.36
hoodie,basic,7.0,budget,CN,588,50,13,79,9.12,11.55,9.46
hoodie,mid,8.5,premium,MX,641,115,26,345,21.78,25.68,20.98
hoodie,mid,8.5,budget,MX,1440,92,41,61,16.95,18.49,16.71
hoodie,mid,8.5,standard,MX,1757,200,21,21,17.14,19.94,17.81
hoodie,premium,10.0,standard,US,940,82,38,102,27.8,34.82,29.11
hoodie,premium,10.0,standard,US,43,12,8,66,29.98,36.16,29.82
hoodie,mid,8.5,premium,CN,1868,200,26,116,19.62,22.58,19.91
hoodie,basic,7.0,budget,CN,57,12,12,95,9.91,11.34,9.85
hoodie,basic,7.0,standard,US,1274,200,39,357,13.19,16.47,13.44
hoodie,basic,7.0,standard,CN,1095,200,33,273,12.5,14.08,11.72
hoodie,basic,7.0,standard,CN,1963,200,9,48,11.81,14.93,11.82
hoodie,mid,8.5,premium,CN,1630,200,17,257,19.39,22.44,19.69
hoodie,mid,8.5,budget,US,649,158,31,157,20.53,22.81,19.55
hoodie,mid,8.5,budget,CN,314,64,19,333,15.79,19.28,15.13
hoodie,mid,8.5,standard,CN,1029,95,16,141,16.72,21.3,17.0
hoodie,mid,8.5,budget,US,364,65,22,132,19.37,23.07,20.19
hoodie,mid,8.5,budget,MX,66,12,44,90,17.13,19.79,17.43
hoodie,premium,10.0,standard,CN,857,148,40,99,29.43,30.16,28.14
hoodie,basic,7.0,budget,CN,1580,200,11,93,9.7,10.06,9.48
hoodie,basic,7.0,standard,CN,195,33,24,257,11.43,12.85,11.56
hoodie,basic,7.0,standard,US,877,99,16,230,13.25,14.67,13.23
hoodie,basic,7.0,budget,CN,1497,82,17,170,10.08,12.33,9.7
hoodie,basic,7.0,standard,US,171,37,37,284,13.69,15.76,13.87
hoodie,mid,8.5,standard,US,484,71,37,108,20.2,24.26,20.78
hoodie,mid,8.5,budget,CN,1758,200,38,341,15.67,18.03,14.65
hoodie,basic,7.0,standard,US,321,43,13,95,13.65,14.9,12.89
hoodie,mid,8.5,standard,CN,611,111,39,51,17.91,18.23,17.22
hoodie,mid,8.5,budget,CN,1759,200,32,60,15.95,19.7,15.87
hoodie,basic,7.0,standard,CN,1092,200,39,150,11.03,14.4,11.56
hoodie,basic,7.0,budget,US,1949,200,32,329,12.59,14.6,11.97
hoodie,premium,10.0,budget,CN,398,21,23,70,21.75,23.76,22.5
hoodie,mid,8.5,standard,US,1562,171,37,17,20.4,22.2,21.07
hoodie,mid,8.5,standard,CN,420,52,38,29,18.99,21.8,18.09
hoodie,basic,7.0,premium,MX,1131,190,31,84,12.73,16.13,12.76
hoodie,basic,7.0,premium,US,662,80,43,226,16.22,19.74,15.88
hoodie,premium,10.0,budget,US,1698,200,28,34,28.48,34.49,27.2
hoodie,mid,8.5,standard,CN,1589,200,30,298,17.0,19.58,16.58
hoodie,mid,8.5,budget,US,1335,200,39,57,17.03,22.22,17.53
hoodie,mid,8.5,budget,CN,251,17,41,213,17.18,17.57,16.58
hoodie,mid,8.5,standard,US,1950,200,40,61,19.39,22.4,19.48
hoodie,mid,8.5,standard,US,218,46,37,296,22.19,26.6,21.14
hoodie,basic,7.0,budget,CN,1561,200,19,210,9.82,11.02,10.01
hoodie,premium,10.0,standard,CN,1334,200,26,159,24.99,30.68,25.33
hoodie,basic,7.0,budget,CN,1341,105,36,294,10.19,12.4,10.18
hoodie,premium,10.0,budget,CN,698,165,32,301,26.07,30.85,24.45
hoodie,mid,8.5,standard,CN,1400,86,35,275,18.56,22.5,17.67
hoodie,mid,8.5,standard,MX,1409,200,31,63,18.36,22.22,18.6
hoodie,basic,7.0,standard,CN,1911,200,8,90,9.94,13.06,10.27
hoodie,mid,8.5,budget,CN,1712,200,34,333,16.39,18.22,15.97
hoodie,basic,7.0,standard,CN,337,23,25,204,11.77,13.28,11.32
hoodie,basic,7.0,standard,CN,1176,128,26,129,11.27,13.49,11.83
hoodie,mid,8.5,budget,MX,646,80,43,195,19.13,22.6,18.33
hoodie,basic,7.0,premium,MX,726,128,35,309,14.15,15.72,13.12
hoodie,mid,8.5,standard,MX,894,59,8,78,18.15,21.59,17.26
hoodie,basic,7.0,standard,CN,209,26,25,322,11.85,13.64,11.01
hoodie,mid,8.5,standard,MX,1417,200,30,312,17.44,22.28,18.09
hoodie,basic,7.0,premium,CN,754,184,24,33,13.2,16.37,13.69
hoodie,premium,10.0,standard,US,1606,200,29,72,27.5,34.69,28.11
hoodie,mid,8.5,budget,US,127,12,9,315,18.8,23.15,18.8
hoodie,basic,7.0,standard,CN,1296,200,37,97,10.46,12.48,10.05
hoodie,basic,7.0,budget,US,1685,144,20,265,12.1,14.58,11.82
hoodie,basic,7.0,budget,MX,1216,182,11,78,11.31,12.55,10.88
hoodie,basic,7.0,budget,CN,783,190,44,58,11.02,12.21,10.55
hoodie,premium,10.0,budget,MX,1292,200,41,122,24.3,27.97,24.71
hoodie,basic,7.0,standard,US,589,74,38,365,11.79,14.18,12.34
hoodie,mid,8.5,standard,US,1895,157,28,116,20.83,23.37,20.02
hoodie,basic,7.0,premium,MX,712,123,16,91,14.56,17.46,13.7
hoodie,basic,7.0,standard,CN,1651,196,37,345,10.72,11.78,11.08
hoodie,mid,8.5,premium,CN,456,106,16,14,21.08,24.67,19.52
hoodie,mid,8.5,premium,CN,163,38,8,157,19.63,23.91,19.41
hoodie,premium,10.0,premium,CN,1850,200,14,264,27.95,30.84,28.86
hoodie,basic,7.0,budget,CN,506,29,31,189,10.77,12.85,10.8
hoodie,basic,7.0,standard,CN,1319,200,33,357,11.51,13.61,11.27
hoodie,mid,8.5,standard,MX,859,163,17,92,18.56,19.78,18.58
hoodie,basic,7.0,budget,MX,1781,96,30,26,11.19,12.97,10.45
hoodie,mid,8.5,budget,CN,1152,102,25,285,16.49,20.08,15.73
hoodie,mid,8.5,budget,CN,934,103,36,304,15.41,17.1,15.58
hoodie,basic,7.0,standard,CN,1398,200,30,206,10.94,11.63,10.64
hoodie,basic,7.0,premium,CN,507,84,18,331,12.92,16.14,13.39
hoodie,premium,10.0,standard,CN,812,53,19,82,24.6,25.47,24.23
hoodie,mid,8.5,budget,CN,1394,200,9,183,17.12,19.55,16.39
hoodie,mid,8.5,standard,US,1929,200,45,23,20.9,23.35,20.16
hoodie,basic,7.0,premium,US,1255,200,7,152,15.04,14.93,13.95
hoodie,mid,8.5,standard,US,1605,192,37,130,20.42,25.5,20.4
hoodie,mid,8.5,budget,MX,587,41,39,213,17.1,19.82,16.37
hoodie,premium,10.0,standard,CN,280,17,43,195,26.81,27.95,25.72
hoodie,basic,7.0,budget,CN,1817,189,23,28,9.78,12.33,9.76
hoodie,premium,10.0,premium,US,1199,200,15,82,31.79,34.0,30.53
hoodie,mid,8.5,budget,US,410,81,42,100,19.31,21.92,18.14
hoodie,basic,7.0,budget,US,1673,108,14,261,11.49,11.67,10.93
hoodie,basic,7.0,standard,MX,103,16,14,245,12.22,14.97,12.86
hoodie,basic,7.0,standard,MX,1993,200,26,240,12.66,14.88,11.86
hoodie,mid,8.5,standard,CN,146,29,34,200,19.09,20.9,19.12
hoodie,mid,8.5,standard,CN,407,84,37,348,18.05,21.07,18.34
hoodie,mid,8.5,standard,CN,1126,200,11,49,16.96,18.73,17.51
hoodie,premium,10.0,standard,CN,395,75,11,210,24.11,28.84,24.77
hoodie,basic,7.0,standard,US,187,12,17,227,13.12,15.12,13.78
hoodie,mid,8.5,premium,US,63,12,44,58,25.15,28.79,24.54
hoodie,mid,8.5,budget,CN,161,33,22,60,17.59,19.73,16.88
hoodie,basic,7.0,budget,CN,1708,164,21,315,10.12,11.22,9.58
hoodie,premium,10.0,budget,US,1897,200,9,168,24.76,29.25,25.26
hoodie,basic,7.0,premium,CN,1543,200,7,261,12.11,14.91,12.27
hoodie,premium,10.0,standard,US,1266,200,40,202,27.64,35.82,28.15
hoodie,mid,8.5,premium,MX,410,95,27,171,21.66,25.72,21.45
hoodie,basic,7.0,standard,CN,711,150,14,312,11.99,13.23,12.15
hoodie,basic,7.0,budget,CN,109,12,42,348,10.13,12.38,10.57
hoodie,mid,8.5,standard,CN,236,32,7,281,18.19,20.76,18.46
hoodie,basic,7.0,standard,US,1317,200,45,235,13.76,15.51,13.45
hoodie,basic,7.0,premium,US,538,80,38,269,15.03,17.15,14.01
hoodie,mid,8.5,standard,US,1650,200,21,202,20.92,24.09,19.83
hoodie,basic,7.0,premium,US,1941,143,34,91,15.51,17.8,15.07
hoodie,mid,8.5,budget,CN,608,81,19,60,16.64,19.44,15.65
hoodie,basic,7.0,standard,US,820,88,14,328,11.43,13.29,11.95
hoodie,basic,7.0,budget,US,1440,180,43,106,12.52,15.51,12.45
hoodie,premium,10.0,budget,US,1005,181,40,164,26.97,30.24,27.2
hoodie,basic,7.0,premium,CN,975,72,20,45,13.08,16.93,13.23
hoodie,premium,10.0,standard,US,75,15,37,194,31.1,35.99,30.51
hoodie,basic,7.0,standard,MX,1998,183,45,198,11.79,12.89,12.09
hoodie,mid,8.5,standard,US,1248,155,24,114,19.57,23.02,20.1
hoodie,basic,7.0,standard,CN,881,152,42,278,11.87,13.04,11.23
hoodie,basic,7.0,budget,CN,496,116,38,75,10.26,11.18,10.05
hoodie,mid,8.5,budget,CN,794,154,34,175,16.4,19.91,16.76
hoodie,premium,10.0,standard,CN,62,13,24,263,27.6,30.06,26.86
hoodie,basic,7.0,budget,CN,1752,194,33,215,9.3,10.55,9.59
hoodie,mid,8.5,standard,US,500,25,42,29,20.86,25.06,20.17
hoodie,mid,8.5,budget,MX,413,67,19,22,16.98,19.58,17.05
hoodie,mid,8.5,standard,CN,1716,142,19,288,16.91,21.33,17.5
hoodie,basic,7.0,premium,CN,168,27,22,234,14.27,17.61,13.89
hoodie,basic,7.0,premium,US,1550,200,39,172,14.88,18.12,14.39
hoodie,basic,7.0,budget,CN,1678,124,40,168,10.07,11.2,10.29
hoodie,mid,8.5,standard,CN,1780,200,21,131,18.25,21.65,17.26
hoodie,basic,7.0,premium,CN,401,37,16,61,13.36,13.51,12.54
hoodie,mid,8.5,premium,US,1200,76,8,179,21.37,23.57,22.03
hoodie,basic,7.0,premium,CN,1091,73,36,334,12.37,13.69,12.38
hoodie,premium,10.0,budget,MX,548,77,35,220,23.9,28.56,23.47
hoodie,basic,7.0,standard,CN,814,170,24,180,11.72,14.08,11.07
hoodie,mid,8.5,budget,CN,474,112,9,128,15.43,16.8,15.66
hoodie,mid,8.5,premium,US,335,32,18,201,22.11,24.7,22.89
hoodie,mid,8.5,standard,US,207,34,7,15,19.7,22.99,20.36
hoodie,basic,7.0,standard,US,1054,74,38,350,13.64,15.48,12.9
hoodie,mid,8.5,standard,CN,1318,134,22,341,17.78,23.02,18.23
hoodie,mid,8.5,budget,CN,508,63,22,178,15.54,19.4,16.08
hoodie,premium,10.0,standard,US,1587,200,31,32,31.73,38.51,31.31
hoodie,premium,10.0,standard,US,1203,200,12,344,30.31,33.65,29.65
hoodie,basic,7.0,standard,US,1803,200,26,43,13.95,16.62,12.99
hoodie,mid,8.5,standard,CN,40,12,31,302,18.4,21.11,18.57
hoodie,mid,8.5,standard,CN,981,200,30,202,18.11,18.13,17.02
hoodie,basic,7.0,budget,US,192,38,27,82,12.82,14.07,12.43
hoodie,mid,8.5,budget,US,1495,200,17,25,18.9,20.86,18.05
hoodie,mid,8.5,budget,US,640,60,18,109,20.02,20.15,18.84
hoodie,mid,8.5,standard,US,973,137,39,257,19.54,24.61,20.26
hoodie,premium,10.0,budget,US,105,20,36,129,30.03,33.47,28.72
hoodie,mid,8.5,standard,US,1077,200,44,198,22.27,25.3,20.96
hoodie,premium,10.0,budget,US,1117,127,22,177,25.39,29.24,26.29
hoodie,premium,10.0,budget,CN,1928,117,22,294,23.11,23.95,21.69
hoodie,premium,10.0,standard,MX,1168,200,9,232,24.75,30.53,25.03
hoodie,basic,7.0,premium,US,1438,86,31,310,14.05,15.05,13.36
hoodie,mid,8.5,standard,CN,231,26,29,22,19.63,22.41,19.16
hoodie,basic,7.0,standard,CN,1310,149,18,322,10.96,11.85,11.17
hoodie,premium,10.0,budget,CN,866,168,10,325,23.39,26.76,23.85
hoodie,basic,7.0,premium,CN,510,53,8,107,12.42,14.9,12.46
hoodie,mid,8.5,budget,US,590,50,44,187,17.93,21.46,18.26
hoodie,basic,7.0,budget,US,235,17,24,191,11.86,12.27,11.58
hoodie,mid,8.5,premium,CN,1318,141,8,216,19.92,24.29,20.37
hoodie,basic,7.0,standard,CN,1918,171,45,77,11.71,12.52,11.02
hoodie,basic,7.0,standard,US,414,91,43,34,13.2,14.37,13.15
hoodie,basic,7.0,budget,CN,1308,200,20,51,10.77,12.59,10.36
hoodie,mid,8.5,budget,CN,1999,200,20,291,17.26,18.88,16.05
hoodie,premium,10.0,premium,CN,1542,200,42,321,31.45,38.57,30.92
hoodie,mid,8.5,standard,MX,1916,200,7,227,19.06,23.71,18.76
hoodie,mid,8.5,premium,US,912,104,45,291,24.33,24.3,22.81
hoodie,basic,7.0,budget,CN,625,107,9,69,9.83,11.95,10.07
hoodie,basic,7.0,premium,CN,1083,184,23,258,13.31,14.59,13.09
hoodie,mid,8.5,premium,US,1780,200,30,278,22.45,28.98,22.9
hoodie,mid,8.5,standard,US,337,75,9,118,19.33,21.46,19.74
hoodie,basic,7.0,standard,US,302,38,41,218,13.68,16.59,13.73
hoodie,basic,7.0,budget,CN,219,38,12,252,11.29,13.35,10.55
hoodie,basic,7.0,budget,US,1645,200,25,170,10.19,11.89,10.72
hoodie,mid,8.5,budget,MX,57,12,10,337,18.04,19.9,17.45
hoodie,basic,7.0,budget,US,1923,200,44,258,12.18,13.97,12.22
hoodie,basic,7.0,budget,CN,718,142,12,240,10.23,10.63,9.97
hoodie,basic,7.0,budget,CN,383,95,33,190,11.65,11.87,10.85
hoodie,basic,7.0,standard,MX,176,30,8,29,11.34,12.73,11.67
hoodie,premium,10.0,budget,CN,296,41,31,28,22.38,26.53,22.41
hoodie,premium,10.0,standard,US,992,108,14,63,31.09,35.68,30.62
hoodie,basic,7.0,standard,CN,1529,130,38,143,12.51,13.85,11.61
hoodie,basic,7.0,standard,CN,613,151,37,299,12.26,13.92,11.56
hoodie,basic,7.0,standard,MX,919,58,33,282,12.15,14.62,11.96
hoodie,mid,8.5,standard,CN,1321,106,22,285,16.01,20.75,16.57
hoodie,basic,7.0,standard,CN,1346,200,29,15,11.05,12.02,11.33
hoodie,premium,10.0,standard,CN,479,105,39,96,30.1,35.78,28.41
hoodie,mid,8.5,standard,CN,1041,64,35,335,18.94,20.13,17.66
hoodie,basic,7.0,standard,CN,809,82,23,305,12.24,13.27,12.31
hoodie,basic,7.0,budget,CN,1968,200,15,98,10.08,13.13,10.48
hoodie,mid,8.5,premium,CN,1115,71,19,231,20.46,22.94,19.59
hoodie,basic,7.0,standard,US,1156,200,21,89,13.13,14.27,12.68
hoodie,basic,7.0,standard,CN,566,93,25,199,11.31,13.4,11.57
hoodie,mid,8.5,budget,US,1701,200,12,348,19.35,19.95,18.25
hoodie,mid,8.5,budget,CN,593,51,21,238,17.94,20.27,16.71
hoodie,mid,8.5,premium,CN,1578,196,14,240,18.65,22.44,19.62
hoodie,mid,8.5,budget,CN,1064,150,30,243,18.23,19.26,16.96
hoodie,mid,8.5,standard,CN,1933,200,29,185,18.14,22.06,18.72
hoodie,basic,7.0,budget,MX,468,64,14,259,10.23,12.01,10.34
hoodie,mid,8.5,premium,MX,380,80,15,324,21.24,27.11,21.39
hoodie,mid,8.5,standard,MX,674,44,25,162,16.76,20.93,17.41
hoodie,mid,8.5,budget,CN,46,12,27,129,17.7,19.01,17.08
hoodie,basic,7.0,standard,CN,1818,200,32,68,11.48,13.95,11.18
hoodie,mid,8.5,standard,CN,1650,200,28,308,18.84,18.66,17.69
hoodie,mid,8.5,premium,CN,965,148,11,184,19.68,23.69,20.0
hoodie,mid,8.5,standard,CN,1020,64,27,235,17.5,20.24,17.4
hoodie,mid,8.5,standard,US,267,52,42,105,21.79,25.9,20.26
hoodie,mid,8.5,budget,US,1081,133,26,44,19.14,23.47,19.38
hoodie,mid,8.5,premium,US,842,128,44,299,20.72,25.31,21.5
hoodie,basic,7.0,standard,CN,1629,200,38,287,11.4,12.53,11.15
hoodie,mid,8.5,standard,CN,851,189,35,205,19.39,25.54,20.13
hoodie,mid,8.5,budget,MX,312,27,19,161,17.14,20.47,16.65
hoodie,basic,7.0,standard,CN,970,66,21,339,11.35,12.42,10.74
hoodie,basic,7.0,standard,CN,623,74,16,100,11.79,14.17,12.12
hoodie,basic,7.0,premium,US,1282,200,19,36,12.92,14.97,13.39
hoodie,mid,8.5,premium,MX,130,13,43,216,23.17,29.01,23.06
hoodie,premium,10.0,budget,CN,1623,200,29,117,21.44,27.51,22.06
hoodie,mid,8.5,standard,CN,761,68,35,80,19.43,22.33,19.31
hoodie,premium,10.0,premium,US,1351,71,43,268,34.37,41.7,36.1
hoodie,mid,8.5,standard,CN,548,68,10,273,17.7,21.88,17.66
hoodie,mid,8.5,standard,MX,1776,200,10,156,18.75,20.97,18.04
hoodie,mid,8.5,budget,MX,1499,200,12,313,16.02,17.19,14.9
hoodie,mid,8.5,standard,US,84,12,35,88,23.33,26.29,22.43
hoodie,mid,8.5,standard,US,462,76,43,263,19.62,24.2,19.39
hoodie,basic,7.0,budget,US,1549,170,18,150,10.65,13.99,11.08
hoodie,basic,7.0,standard,MX,1686,132,8,123,11.19,11.21,10.59
hoodie,basic,7.0,standard,CN,1710,200,23,89,11.91,13.21,11.31
hoodie,basic,7.0,premium,US,1774,131,41,45,14.62,16.21,14.48
hoodie,mid,8.5,standard,US,469,106,28,171,21.96,25.7,20.86
hoodie,basic,7.0,standard,CN,758,141,45,292,11.49,13.34,11.24
hoodie,mid,8.5,standard,CN,1417,200,26,227,17.77,22.63,18.07
hoodie,basic,7.0,budget,CN,1125,145,23,98,11.34,11.3,10.55
hoodie,mid,8.5,premium,CN,1459,200,25,85,20.9,23.26,19.79
hoodie,premium,10.0,budget,CN,134,32,33,236,23.91,26.74,25.08
hoodie,mid,8.5,premium,CN,346,72,24,72,19.25,24.15,19.98
hoodie,basic,7.0,standard,CN,1540,108,44,218,12.18,12.48,11.65
hoodie,mid,8.5,standard,US,1522,81,10,208,20.57,20.84,19.56
hoodie,basic,7.0,standard,CN,600,60,18,313,12.08,14.38,11.66
hoodie,premium,10.0,standard,CN,609,48,43,215,27.17,30.32,26.07
hoodie,mid,8.5,standard,CN,1580,200,15,265,19.13,19.77,18.68
hoodie,premium,10.0,standard,US,822,64,20,240,30.06,34.44,30.44
hoodie,basic,7.0,standard,US,1391,190,37,116,13.17,17.0,13.4
hoodie,basic,7.0,budget,MX,1368,200,11,132,11.26,13.47,10.87
hoodie,mid,8.5,premium,CN,45,12,19,279,21.68,26.73,21.46
hoodie,basic,7.0,budget,MX,634,93,33,355,10.89,12.41,10.51
hoodie,basic,7.0,budget,CN,1448,200,13,229,9.67,11.42,9.8
hoodie,premium,10.0,standard,US,1709,141,14,150,30.41,38.27,30.83
hoodie,mid,8.5,standard,CN,903,100,32,125,19.78,20.2,18.67
hoodie,premium,10.0,standard,CN,518,62,38,196,27.94,31.48,27.14
hoodie,basic,7.0,standard,US,1857,200,29,228,12.49,14.36,12.47
hoodie,basic,7.0,standard,CN,215,20,39,66,11.65,14.5,11.36
hoodie,mid,8.5,budget,US,49,12,26,86,19.19,20.1,18.34
hoodie,basic,7.0,standard,US,1502,200,15,75,12.54,13.73,13.03
hoodie,mid,8.5,budget,CN,1959,200,10,185,16.6,18.62,16.23
hoodie,basic,7.0,budget,US,1215,74,45,355,13.01,14.14,12.18
hoodie,basic,7.0,standard,CN,1205,200,9,178,9.96,12.16,10.35
hoodie,mid,8.5,budget,MX,1871,200,10,350,15.6,17.95,15.96
hoodie,premium,10.0,standard,US,454,105,24,33,28.36,35.49,29.15
hoodie,mid,8.5,budget,US,1412,200,44,178,16.56,20.93,16.99
hoodie,basic,7.0,standard,CN,1737,120,28,307,10.44,12.85,10.46
hoodie,premium,10.0,budget,US,1447,199,34,214,26.74,27.53,25.03
hoodie,mid,8.5,budget,US,201,14,37,14,17.45,20.37,18.0
hoodie,mid,8.5,standard,CN,1819,195,14,254,18.02,20.47,17.05
hoodie,basic,7.0,standard,US,1784,200,14,46,14.03,15.32,13.01
hoodie,premium,10.0,standard,US,267,39,37,21,30.3,35.66,30.34
hoodie,mid,8.5,budget,CN,110,24,30,180,15.23,17.05,15.56
hoodie,basic,7.0,budget,US,1670,200,11,108,10.55,12.91,10.73
hoodie,basic,7.0,standard,MX,1721,200,19,207,11.72,14.84,11.89
hoodie,basic,7.0,standard,CN,182,39,25,228,12.35,12.49,11.87
hoodie,mid,8.5,standard,CN,1245,200,23,245,16.39,19.85,17.11
hoodie,mid,8.5,premium,US,1766,200,30,134,22.79,27.8,21.91
hoodie,premium,10.0,budget,US,1808,200,14,270,27.47,32.21,27.46
hoodie,basic,7.0,standard,CN,1070,200,39,232,12.33,14.43,11.46
hoodie,mid,8.5,budget,CN,431,98,28,280,17.12,18.56,16.91
hoodie,mid,8.5,standard,MX,1010,200,43,142,19.59,21.19,18.88
hoodie,premium,10.0,budget,MX,897,117,19,64,24.54,26.71,24.48
hoodie,mid,8.5,budget,CN,1140,188,28,171,16.26,17.99,16.84
hoodie,basic,7.0,budget,US,1480,180,19,330,12.28,13.3,11.39
hoodie,mid,8.5,budget,CN,1652,200,39,75,18.55,19.77,17.42
hoodie,mid,8.5,premium,CN,53,12,18,298,22.21,23.66,20.78
hoodie,mid,8.5,budget,CN,715,107,17,330,17.56,18.53,16.67
hoodie,mid,8.5,premium,CN,499,113,9,221,19.02,23.89,19.36
hoodie,mid,8.5,premium,CN,1658,200,8,214,21.86,22.52,20.56
hoodie,mid,8.5,budget,CN,249,42,44,165,17.1,18.39,16.51
hoodie,mid,8.5,premium,CN,884,170,7,112,19.36,23.27,18.72
hoodie,mid,8.5,standard,CN,1715,200,44,107,19.89,20.0,18.58
hoodie,mid,8.5,standard,CN,869,94,25,280,17.62,19.11,16.53
hoodie,basic,7.0,standard,CN,736,125,14,333,10.95,12.5,11.18
hoodie,mid,8.5,standard,MX,1209,83,41,271,21.42,21.38,20.17
hoodie,mid,8.5,standard,US,940,193,7,298,21.38,21.85,20.32
hoodie,mid,8.5,standard,CN,1777,200,40,146,20.15,20.53,18.85
hoodie,basic,7.0,budget,CN,1676,200,8,149,9.5,11.47,9.76
hoodie,premium,10.0,standard,CN,262,21,37,170,27.46,29.79,26.58
hoodie,basic,7.0,standard,US,892,178,21,214,13.77,13.83,13.1
hoodie,mid,8.5,standard,CN,419,93,14,349,17.44,19.88,17.49
hoodie,mid,8.5,budget,CN,1983,153,21,202,17.15,19.14,16.02
hoodie,basic,7.0,premium,US,1378,160,34,338,12.75,14.04,12.95
hoodie,basic,7.0,standard,CN,1184,169,21,199,11.79,13.28,11.37
hoodie,mid,8.5,standard,US,1931,200,17,321,18.98,23.2,18.85
hoodie,basic,7.0,standard,CN,1649,200,29,300,11.58,14.89,11.97
hoodie,basic,7.0,standard,CN,1053,200,35,105,11.64,12.95,10.95
hoodie,basic,7.0,standard,CN,1435,200,43,219,12.14,12.62,11.43
hoodie,basic,7.0,standard,US,1553,144,20,40,12.68,14.13,13.21
hoodie,premium,10.0,standard,US,754,169,37,234,30.74,33.14,29.06
hoodie,basic,7.0,budget,CN,737,138,37,152,10.61,11.13,10.14
hoodie,basic,7.0,standard,CN,509,90,20,225,12.38,12.69,11.94
hoodie,basic,7.0,standard,MX,1720,126,36,184,11.45,14.8,11.64
hoodie,basic,7.0,premium,US,161,25,42,222,15.33,17.46,15.08
hoodie,mid,8.5,standard,US,971,101,33,43,22.26,22.4,20.92
hoodie,mid,8.5,premium,CN,1954,200,18,284,20.13,23.58,19.89
hoodie,basic,7.0,standard,CN,1183,164,28,21,11.79,12.99,10.93
hoodie,basic,7.0,budget,CN,1378,200,10,256,10.09,12.56,10.18
hoodie,premium,10.0,budget,US,690,151,28,334,28.71,30.1,27.12
hoodie,basic,7.0,budget,US,924,149,18,41,12.14,14.24,11.34
hoodie,premium,10.0,premium,CN,1242,149,14,52,29.25,31.84,28.32
hoodie,mid,8.5,premium,US,746,157,16,119,24.0,26.82,22.73
hoodie,basic,7.0,standard,MX,1008,200,20,263,12.17,13.19,11.59
hoodie,mid,8.5,standard,CN,1173,200,31,19,18.04,21.6,18.84
hoodie,basic,7.0,budget,US,1131,108,42,155,11.93,12.29,11.46
hoodie,basic,7.0,budget,MX,955,166,24,117,12.16,12.94,11.51
hoodie,basic,7.0,budget,CN,324,72,34,69,10.86,11.37,10.47
hoodie,basic,7.0,standard,US,161,16,23,54,11.8,14.85,12.19
hoodie,mid,8.5,premium,MX,812,100,21,181,19.6,22.27,20.15
hoodie,basic,7.0,premium,CN,1356,200,33,270,12.05,15.12,12.01
hoodie,mid,8.5,standard,US,855,130,24,238,21.64,23.12,21.03
hoodie,basic,7.0,standard,CN,1187,200,34,183,11.96,12.9,11.64
hoodie,basic,7.0,premium,CN,1352,200,45,144,12.82,16.19,13.49
hoodie,mid,8.5,standard,CN,1781,200,23,142,16.81,21.15,17.3
hoodie,basic,7.0,premium,CN,996,72,26,349,11.79,14.34,11.87
hoodie,mid,8.5,standard,MX,331,53,7,52,18.86,22.81,17.82
hoodie,basic,7.0,budget,US,1868,200,45,290,12.07,12.84,11.67
hoodie,mid,8.5,budget,CN,115,12,7,274,16.02,18.3,16.3
hoodie,premium,10.0,standard,CN,1751,200,29,221,26.18,33.76,27.22
hoodie,mid,8.5,standard,CN,1633,190,12,17,17.54,19.04,16.67
hoodie,premium,10.0,standard,CN,1941,148,33,188,26.58,30.9,26.88
hoodie,mid,8.5,premium,CN,1765,88,41,276,18.04,20.46,17.84
hoodie,mid,8.5,budget,US,516,73,35,98,18.71,20.72,18.42
hoodie,premium,10.0,standard,CN,2000,200,19,54,24.87,29.69,25.19
hoodie,mid,8.5,standard,MX,1033,93,36,227,20.67,24.01,19.27
hoodie,mid,8.5,premium,CN,1504,87,35,255,19.46,24.86,20.02
hoodie,mid,8.5,budget,US,956,200,27,311,18.23,21.57,18.36
hoodie,basic,7.0,premium,US,1391,88,25,308,14.99,16.1,14.01
hoodie,premium,10.0,budget,MX,1228,173,40,288,22.68,29.96,23.54
hoodie,basic,7.0,standard,MX,1557,200,35,207,12.25,14.5,11.82
hoodie,premium,10.0,premium,US,1121,200,36,37,32.91,39.88,32.98
hoodie,premium,10.0,standard,US,1491,200,37,141,28.97,30.59,28.94
hoodie,mid,8.5,standard,MX,40,12,37,123,21.55,25.43,20.46
hoodie,basic,7.0,budget,CN,958,70,16,73,11.4,12.28,10.68
hoodie,mid,8.5,standard,US,815,125,18,258,17.9,21.73,18.42
hoodie,basic,7.0,premium,US,373,48,27,365,15.26,17.9,14.74
hoodie,mid,8.5,premium,CN,1104,182,39,323,21.46,25.76,20.18
hoodie,basic,7.0,budget,CN,1720,200,21,110,9.93,12.27,10.32
hoodie,premium,10.0,budget,US,1440,200,29,227,25.91,27.42,26.03
hoodie,basic,7.0,budget,CN,75,16,26,364,11.81,12.65,11.07
hoodie,basic,7.0,standard,CN,1376,200,31,161,11.32,11.87,11.17
hoodie,basic,7.0,standard,CN,57,12,35,150,12.12,15.67,12.69
hoodie,mid,8.5,budget,CN,1811,200,39,27,17.06,18.82,16.73
hoodie,mid,8.5,budget,CN,294,57,44,63,18.28,20.73,18.01
hoodie,basic,7.0,budget,MX,152,22,22,23,11.55,13.65,11.29
hoodie,premium,10.0,budget,MX,801,173,34,214,26.44,29.03,24.81
hoodie,premium,10.0,standard,US,152,12,27,32,32.35,38.16,32.4
hoodie,mid,8.5,standard,US,1482,160,31,193,21.93,27.15,21.37
hoodie,basic,7.0,budget,CN,1259,200,27,86,9.84,11.35,9.72
hoodie,mid,8.5,standard,MX,906,136,37,85,19.75,24.11,20.09
hoodie,basic,7.0,budget,US,185,18,15,354,11.44,14.08,11.89
hoodie,basic,7.0,budget,US,1829,124,8,32,11.6,12.56,11.6
hoodie,basic,7.0,premium,MX,1186,86,28,139,13.57,15.61,13.13
hoodie,mid,8.5,budget,CN,1164,200,12,289,13.98,18.57,14.71
hoodie,basic,7.0,budget,US,155,12,11,307,12.82,13.45,12.62
hoodie,basic,7.0,standard,CN,440,84,43,291,11.88,12.78,11.88
hoodie,basic,7.0,standard,CN,1158,74,37,300,11.35,13.07,11.86
hoodie,mid,8.5,standard,US,440,55,11,104,20.76,24.35,20.04
hoodie,premium,10.0,premium,US,1909,200,45,360,35.09,39.87,35.43
hoodie,mid,8.5,budget,CN,190,39,22,122,16.55,20.41,16.55
hoodie,mid,8.5,premium,CN,1661,200,35,322,20.93,25.51,20.12
hoodie,basic,7.0,standard,US,970,119,25,343,11.92,12.62,11.94
hoodie,basic,7.0,standard,CN,1272,200,7,112,10.61,12.06,10.78
hoodie,basic,7.0,premium,MX,1951,106,44,276,14.09,17.16,14.13
hoodie,basic,7.0,standard,US,619,149,23,78,12.8,16.08,12.87
hoodie,basic,7.0,budget,CN,506,101,19,89,10.59,11.02,9.98
hoodie,mid,8.5,premium,CN,462,24,34,64,22.38,23.91,21.69
hoodie,basic,7.0,standard,CN,1457,143,15,119,11.91,13.62,11.42
hoodie,mid,8.5,standard,US,280,66,30,337,21.7,21.65,20.28
hoodie,basic,7.0,budget,US,1224,68,43,295,12.01,12.87,11.71
hoodie,basic,7.0,budget,CN,1361,200,19,278,9.85,11.45,9.58
hoodie,mid,8.5,premium,US,1687,200,8,96,21.51,26.17,22.18
hoodie,mid,8.5,standard,US,1062,188,41,75,18.36,21.11,18.8
hoodie,premium,10.0,premium,US,1881,200,18,291,34.59,38.32,33.81
hoodie,mid,8.5,premium,CN,950,139,44,237,20.15,23.51,19.96
hoodie,mid,8.5,budget,MX,606,81,24,95,16.27,20.39,15.97
hoodie,mid,8.5,budget,CN,584,32,44,109,15.37,19.04,15.2
hoodie,mid,8.5,premium,MX,1883,200,16,92,20.08,21.04,19.65
hoodie,mid,8.5,standard,US,1151,200,20,219,20.06,23.65,19.33
hoodie,basic,7.0,standard,CN,756,153,31,227,10.91,12.62,11.4
hoodie,basic,7.0,premium,US,1842,200,24,180,14.12,17.32,13.99
hoodie,mid,8.5,standard,US,377,87,19,125,21.21,21.81,20.45
hoodie,mid,8.5,premium,MX,1833,200,33,58,20.16,24.53,20.41
hoodie,basic,7.0,standard,CN,574,135,10,282,11.62,12.19,11.49
hoodie,basic,7.0,budget,CN,550,123,18,99,10.17,10.85,9.62
hoodie,mid,8.5,standard,US,48,12,29,280,22.35,26.21,21.31
hoodie,premium,10.0,budget,US,1400,154,20,236,27.98,31.39,26.76
hoodie,mid,8.5,budget,CN,1372,200,32,47,16.16,17.77,15.43
hoodie,mid,8.5,budget,CN,1359,126,34,320,15.27,16.99,16.05
hoodie,mid,8.5,standard,CN,1956,200,21,345,18.1,21.93,17.57
hoodie,basic,7.0,standard,US,892,122,23,124,14.34,15.8,13.39
hoodie,mid,8.5,budget,CN,717,84,8,70,15.24,19.91,15.63
hoodie,mid,8.5,premium,MX,490,97,37,82,21.1,23.24,20.82
hoodie,premium,10.0,standard,US,222,33,39,196,30.78,33.17,30.75
hoodie,mid,8.5,budget,CN,1551,200,27,91,18.09,18.61,16.95
hoodie,basic,7.0,standard,CN,1984,200,28,254,10.69,11.67,11.04
hoodie,mid,8.5,budget,CN,1560,200,12,279,16.14,16.53,15.17
hoodie,basic,7.0,budget,US,646,38,39,293,11.17,12.3,11.09
hoodie,mid,8.5,budget,US,1055,198,15,251,17.45,22.03,17.52
hoodie,mid,8.5,budget,CN,421,84,44,152,16.0,18.93,16.53
hoodie,basic,7.0,budget,CN,1245,127,21,204,9.22,11.8,9.57
hoodie,mid,8.5,standard,CN,1125,200,27,157,17.74,19.21,17.86
hoodie,mid,8.5,premium,CN,940,81,23,359,21.34,22.77,20.77
hoodie,premium,10.0,standard,US,1253,197,35,51,29.02,32.63,30.12
hoodie,basic,7.0,standard,CN,1944,200,17,126,11.82,13.65,11.51
hoodie,mid,8.5,standard,CN,66,12,13,142,17.91,20.12,17.57
hoodie,basic,7.0,budget,CN,333,32,43,30,11.14,13.44,11.52
hoodie,mid,8.5,standard,US,1955,199,39,160,21.87,26.44,20.74
hoodie,mid,8.5,standard,US,1020,171,40,279,20.68,21.67,20.62
hoodie,mid,8.5,standard,CN,880,200,31,365,19.03,21.16,18.19
hoodie,mid,8.5,premium,CN,820,145,9,266,21.23,25.09,20.66
hoodie,mid,8.5,standard,US,1941,200,45,336,22.56,25.21,21.59
hoodie,basic,7.0,premium,MX,523,80,7,69,12.89,16.57,13.23
hoodie,basic,7.0,standard,US,416,27,28,362,14.37,15.88,13.68
hoodie,premium,10.0,premium,US,867,163,19,105,33.77,39.83,32.67
hoodie,basic,7.0,standard,CN,807,115,40,280,11.98,14.02,11.31
hoodie,mid,8.5,premium,US,1208,140,37,160,23.56,28.96,24.7
hoodie,mid,8.5,budget,CN,647,135,21,352,18.85,22.1,17.74
hoodie,basic,7.0,standard,MX,1375,200,14,139,11.51,14.38,11.4
hoodie,mid,8.5,standard,CN,1121,179,25,30,18.82,20.12,17.92
hoodie,basic,7.0,standard,CN,714,69,36,175,10.66,13.99,11.06
hoodie,basic,7.0,budget,CN,1713,200,43,361,10.06,13.33,10.58
hoodie,basic,7.0,standard,CN,97,12,12,135,12.04,12.6,11.52
hoodie,mid,8.5,premium,CN,146,18,26,19,18.12,23.15,18.69
hoodie,mid,8.5,premium,CN,693,85,35,335,20.94,27.55,21.53
hoodie,mid,8.5,budget,US,1474,200,15,350,19.3,21.76,18.34
hoodie,basic,7.0,standard,US,1752,122,39,203,13.36,13.45,12.66
hoodie,basic,7.0,budget,MX,546,27,31,154,11.37,12.45,10.67
hoodie,basic,7.0,budget,CN,484,89,17,309,9.98,11.21,10.39
hoodie,basic,7.0,premium,CN,348,67,14,125,13.16,14.16,12.62
hoodie,premium,10.0,standard,US,271,28,18,267,28.25,32.01,29.59
hoodie,mid,8.5,standard,US,1680,200,32,61,21.49,22.87,20.27
hoodie,mid,8.5,premium,CN,25,12,37,271,22.14,25.25,20.5
hoodie,mid,8.5,premium,MX,1380,200,25,348,20.42,23.36,19.59
hoodie,basic,7.0,standard,CN,1304,200,36,324,11.38,12.44,10.71
hoodie,basic,7.0,standard,US,1242,200,13,69,12.35,14.72,12.8
hoodie,basic,7.0,budget,CN,1392,150,7,168,10.32,11.4,9.67
hoodie,basic,7.0,budget,CN,562,102,31,88,10.67,12.49,10.45
hoodie,mid,8.5,budget,CN,1595,197,43,118,15.62,20.62,16.15
hoodie,mid,8.5,budget,CN,1547,200,27,207,16.28,19.55,15.61
hoodie,basic,7.0,premium,CN,171,39,16,251,13.39,14.86,12.47
hoodie,mid,8.5,standard,CN,223,21,29,309,18.8,19.78,18.18
hoodie,mid,8.5,standard,CN,1675,98,19,22,17.99,21.05,17.9
hoodie,mid,8.5,standard,MX,919,198,43,107,20.89,21.03,19.45
hoodie,mid,8.5,standard,US,730,78,24,21,20.17,22.11,19.25
hoodie,basic,7.0,premium,US,1369,138,10,65,13.02,16.53,13.4
hoodie,basic,7.0,budget,US,1574,84,7,162,11.96,13.77,11.57
hoodie,basic,7.0,standard,US,158,16,37,32,14.23,16.33,13.54
hoodie,mid,8.5,budget,US,278,23,43,276,19.48,20.3,18.43
hoodie,premium,10.0,standard,CN,418,66,20,24,27.52,32.52,27.1
hoodie,basic,7.0,budget,US,1483,126,10,271,11.46,14.16,11.82
hoodie,basic,7.0,standard,US,1097,56,19,146,12.38,14.99,12.3
hoodie,mid,8.5,budget,CN,1694,200,23,138,17.59,21.22,16.75
hoodie,basic,7.0,premium,CN,1565,200,26,302,12.18,14.52,12.79
hoodie,basic,7.0,budget,US,1259,84,40,121,10.57,12.67,10.98
hoodie,mid,8.5,premium,MX,1927,200,25,152,20.22,24.98,20.88
hoodie,basic,7.0,standard,CN,965,200,25,93,12.7,14.85,11.81
hoodie,mid,8.5,premium,MX,1543,144,24,328,21.39,25.74,20.89
hoodie,basic,7.0,standard,MX,1360,200,25,48,11.06,13.35,11.34
hoodie,basic,7.0,standard,CN,155,12,28,302,11.22,14.63,11.62
hoodie,mid,8.5,premium,CN,805,65,13,56,21.47,22.86,20.14
hoodie,premium,10.0,standard,US,481,109,34,127,32.33,34.08,31.14
hoodie,basic,7.0,premium,US,108,12,32,165,15.57,17.95,15.02
hoodie,mid,8.5,standard,US,1495,195,25,60,19.26,20.99,19.11
hoodie,mid,8.5,premium,CN,1438,200,31,90,20.93,23.9,20.69
hoodie,mid,8.5,standard,CN,275,58,34,200,18.09,20.08,17.91
hoodie,basic,7.0,budget,CN,757,89,32,72,10.12,12.08,10.53
hoodie,mid,8.5,standard,MX,824,139,18,157,17.06,19.43,17.42
hoodie,basic,7.0,premium,CN,1055,200,12,190,12.09,12.72,11.59
hoodie,mid,8.5,standard,CN,934,130,25,49,18.1,22.83,18.03
hoodie,basic,7.0,premium,CN,1967,200,34,258,13.88,15.16,13.36
hoodie,basic,7.0,premium,CN,99,12,42,65,13.4,15.07,13.44
hoodie,mid,8.5,standard,CN,1890,200,32,69,16.46,18.6,16.62
hoodie,mid,8.5,standard,MX,37,12,30,245,18.5,24.18,19.41
hoodie,premium,10.0,budget,CN,371,83,15,289,25.15,27.16,25.08
hoodie,basic,7.0,standard,CN,1309,102,36,128,11.43,13.12,11.36
hoodie,premium,10.0,budget,MX,1894,200,9,264,23.04,26.43,22.71
hoodie,basic,7.0,standard,US,424,56,35,225,13.27,15.99,13.22
hoodie,mid,8.5,premium,MX,1312,96,23,28,21.23,23.53,21.88
hoodie,mid,8.5,standard,CN,285,60,23,312,18.61,20.52,18.46
hoodie,basic,7.0,premium,CN,957,130,41,108,12.32,14.58,12.45
hoodie,basic,7.0,standard,CN,1878,200,37,276,11.82,14.24,11.62
hoodie,mid,8.5,budget,CN,1319,128,14,193,15.69,18.14,15.62
hoodie,basic,7.0,premium,CN,1350,200,9,286,13.18,14.7,12.91
hoodie,basic,7.0,standard,CN,399,44,42,323,12.58,12.86,12.02
hoodie,basic,7.0,budget,MX,1957,200,44,239,10.8,12.72,10.38
hoodie,premium,10.0,budget,US,632,128,13,213,26.42,31.56,26.35
hoodie,mid,8.5,budget,CN,32,12,27,159,17.04,21.9,17.72
hoodie,mid,8.5,premium,CN,620,128,8,277,20.43,26.74,21.49
hoodie,mid,8.5,budget,CN,1805,200,40,262,16.59,16.89,15.9
hoodie,basic,7.0,standard,CN,1052,149,20,289,11.44,12.61,10.91
hoodie,mid,8.5,standard,US,601,120,23,365,21.67,25.43,20.69
hoodie,basic,7.0,premium,US,921,200,19,347,13.23,16.73,13.69
hoodie,basic,7.0,standard,CN,1594,168,29,361,10.38,12.45,10.4
hoodie,basic,7.0,standard,MX,121,14,15,278,12.13,15.0,12.09
hoodie,mid,8.5,standard,US,1825,123,36,138,23.07,25.51,22.56
hoodie,mid,8.5,budget,US,1194,200,28,243,17.96,21.61,17.19
hoodie,mid,8.5,standard,US,94,20,22,152,22.76,24.24,22.11
hoodie,basic,7.0,budget,CN,1771,173,19,136,10.06,12.26,9.98
hoodie,basic,7.0,premium,US,685,101,15,49,14.6,16.85,14.38
hoodie,mid,8.5,budget,US,1390,200,35,31,17.99,20.9,18.3
hoodie,mid,8.5,standard,CN,1588,153,14,359,17.11,19.06,16.43
hoodie,basic,7.0,premium,CN,1207,153,42,307,12.83,14.29,12.96
hoodie,premium,10.0,premium,MX,1225,200,24,200,32.6,39.17,32.51
hoodie,premium,10.0,standard,US,1356,200,34,119,27.12,34.34,28.47
hoodie,basic,7.0,standard,US,1402,92,22,364,12.81,14.93,13.08
hoodie,basic,7.0,standard,US,928,88,9,291,13.21,13.63,12.86
hoodie,basic,7.0,budget,CN,1554,162,15,36,9.86,11.53,9.44
hoodie,basic,7.0,budget,US,1958,200,13,335,11.36,13.72,11.29
hoodie,mid,8.5,standard,CN,174,37,26,140,17.9,19.43,17.75
hoodie,mid,8.5,standard,MX,566,72,37,233,19.04,20.51,19.0
hoodie,basic,7.0,premium,US,1540,200,37,21,14.06,17.25,13.86
hoodie,mid,8.5,budget,CN,1064,194,8,282,15.24,18.89,15.68
hoodie,basic,7.0,budget,US,1530,200,29,143,11.81,13.44,11.58
hoodie,basic,7.0,budget,US,1215,125,41,36,12.25,15.29,12.42
hoodie,mid,8.5,standard,CN,1515,155,39,316,19.11,20.91,18.22
hoodie,basic,7.0,standard,MX,1605,200,30,126,11.51,14.24,11.75
hoodie,mid,8.5,premium,MX,1594,199,34,18,21.02,22.87,21.59
hoodie,mid,8.5,standard,CN,867,173,28,163,18.06,21.31,17.02
hoodie,mid,8.5,premium,CN,1319,117,20,277,20.5,26.34,20.96
hoodie,basic,7.0,standard,CN,1899,200,31,267,11.07,13.93,11.26
hoodie,premium,10.0,standard,US,1387,200,42,45,28.55,35.77,29.06
hoodie,mid,8.5,standard,US,406,96,44,69,18.87,22.89,19.85
hoodie,basic,7.0,budget,CN,1357,200,19,64,10.65,12.9,10.52
hoodie,basic,7.0,standard,MX,551,116,11,295,12.63,13.57,11.92
hoodie,mid,8.5,budget,CN,237,43,42,359,16.74,17.39,16.14
hoodie,basic,7.0,standard,CN,1826,138,18,155,12.92,12.75,12.06
hoodie,premium,10.0,standard,CN,1568,200,38,291,25.86,29.07,25.54
hoodie,basic,7.0,premium,MX,898,195,8,126,14.17,14.35,13.34
hoodie,mid,8.5,budget,MX,683,110,12,197,15.98,19.73,15.73
hoodie,premium,10.0,standard,CN,232,36,29,47,26.98,29.49,26.89
hoodie,basic,7.0,standard,CN,1953,152,41,315,10.45,10.9,10.32
hoodie,mid,8.5,budget,US,361,32,45,274,19.04,24.15,18.89
hoodie,basic,7.0,standard,CN,1991,172,24,111,12.01,13.64,11.17
hoodie,mid,8.5,budget,CN,299,35,31,328,15.9,17.29,15.0
hoodie,basic,7.0,standard,CN,268,27,35,240,12.43,14.25,11.96
hoodie,basic,7.0,budget,CN,1651,200,36,275,11.04,11.15,10.37
hoodie,mid,8.5,standard,CN,1184,98,21,365,18.58,18.92,17.88
hoodie,basic,7.0,standard,US,1706,100,39,129,11.98,14.28,11.72
hoodie,mid,8.5,standard,US,1323,200,30,344,21.72,23.99,21.37
hoodie,premium,10.0,budget,US,1760,88,30,335,25.15,28.46,24.41
hoodie,basic,7.0,standard,CN,719,98,27,130,10.47,13.89,10.91
hoodie,premium,10.0,budget,MX,1236,200,26,58,26.84,27.25,24.86
hoodie,premium,10.0,standard,US,410,86,32,351,31.77,34.5,30.77
hoodie,mid,8.5,premium,US,1597,200,8,280,23.43,24.55,22.24
hoodie,mid,8.5,budget,MX,1979,149,27,257,15.02,17.0,15.27
hoodie,mid,8.5,standard,US,1179,200,12,99,21.37,21.55,19.88
hoodie,premium,10.0,standard,US,97,12,10,206,29.46,37.12,29.51
hoodie,basic,7.0,standard,US,283,63,29,221,14.92,17.46,15.1
hoodie,mid,8.5,premium,CN,1975,160,9,231,18.94,22.6,18.87
hoodie,mid,8.5,standard,CN,135,31,35,38,18.47,20.46,19.27
hoodie,premium,10.0,premium,CN,1911,200,30,261,28.93,34.49,27.18
hoodie,basic,7.0,standard,CN,1459,200,23,119,12.9,13.89,11.98
hoodie,mid,8.5,premium,MX,1435,200,42,193,19.93,22.01,20.68
hoodie,mid,8.5,premium,CN,1144,75,42,263,20.75,22.63,19.41
hoodie,basic,7.0,standard,US,1639,121,34,85,12.5,15.66,13.06
hoodie,basic,7.0,standard,CN,186,22,32,104,11.73,13.09,12.33
hoodie,basic,7.0,premium,US,1472,200,43,163,14.14,17.16,13.9
hoodie,basic,7.0,budget,MX,1870,200,7,291,10.33,11.98,9.57
hoodie,premium,10.0,standard,US,1759,160,12,41,29.0,34.54,29.82
hoodie,premium,10.0,budget,CN,1353,182,22,70,23.51,25.53,22.04
hoodie,premium,10.0,premium,MX,831,155,30,222,31.79,31.78,29.44
hoodie,basic,7.0,budget,MX,503,64,10,62,9.27,10.24,9.46
hoodie,basic,7.0,standard,US,1702,200,21,29,11.88,14.32,12.29
hoodie,basic,7.0,budget,US,270,45,40,292,11.81,12.62,11.84
hoodie,mid,8.5,premium,MX,407,75,22,268,22.46,26.21,21.0
hoodie,mid,8.5,budget,CN,703,131,14,325,15.54,18.54,15.24
hoodie,basic,7.0,budget,CN,1031,82,15,297,9.63,11.98,9.89
hoodie,mid,8.5,standard,US,1615,146,40,255,21.31,22.22,19.92
hoodie,basic,7.0,standard,CN,712,133,38,179,12.9,13.83,12.06
hoodie,mid,8.5,budget,US,1001,56,17,342,20.56,21.5,19.96
hoodie,mid,8.5,budget,CN,987,200,37,296,15.43,16.99,15.49
hoodie,basic,7.0,budget,US,590,127,27,169,11.88,12.5,11.55
hoodie,premium,10.0,budget,CN,464,65,17,217,22.18,24.63,22.72
hoodie,basic,7.0,standard,MX,1000,194,14,97,10.78,12.8,10.79
hoodie,premium,10.0,budget,CN,1842,200,22,227,23.74,28.44,23.15
hoodie,premium,10.0,standard,US,1071,133,26,40,29.7,30.9,29.32
hoodie,premium,10.0,standard,US,1064,200,45,255,28.02,37.3,29.19
hoodie,mid,8.5,standard,CN,827,179,42,80,17.97,21.35,18.36
hoodie,mid,8.5,budget,CN,166,12,43,336,16.12,20.36,16.92
hoodie,mid,8.5,standard,US,77,12,27,66,22.14,23.66,22.47
hoodie,mid,8.5,budget,MX,701,93,17,250,17.48,17.88,16.88
hoodie,premium,10.0,standard,CN,1019,200,30,139,26.27,27.55,25.7
hoodie,mid,8.5,standard,US,37,12,42,282,20.8,26.18,21.28
hoodie,mid,8.5,standard,US,1783,192,11,229,20.31,23.45,19.4
hoodie,mid,8.5,budget,US,1119,108,36,14,18.06,20.04,17.03
hoodie,basic,7.0,standard,CN,1600,200,38,194,11.16,13.97,11.59
hoodie,mid,8.5,standard,CN,408,72,19,40,18.1,21.23,17.11
hoodie,basic,7.0,standard,US,802,90,42,143,14.96,17.63,14.19
hoodie,basic,7.0,premium,CN,443,104,17,25,13.13,14.75,12.69
hoodie,mid,8.5,standard,US,878,180,44,335,20.0,25.98,20.82
hoodie,basic,7.0,standard,CN,1391,200,18,319,10.51,12.72,11.06
hoodie,mid,8.5,premium,US,1533,123,42,41,21.7,26.05,21.81
hoodie,basic,7.0,standard,CN,670,119,40,57,12.14,13.54,11.3
hoodie,basic,7.0,standard,US,893,86,33,285,12.87,14.79,13.15
hoodie,basic,7.0,premium,CN,308,41,9,49,12.21,15.76,12.53
hoodie,premium,10.0,standard,US,1100,170,42,350,31.51,35.61,29.8
hoodie,basic,7.0,budget,MX,1306,117,33,193,10.4,12.47,10.83
hoodie,mid,8.5,standard,US,1884,200,29,40,21.37,21.35,19.98
hoodie,mid,8.5,standard,CN,264,30,8,275,18.45,22.04,17.74
hoodie,premium,10.0,premium,US,72,13,26,68,33.45,42.94,34.45
hoodie,basic,7.0,budget,US,366,84,36,183,12.13,12.6,11.51
hoodie,basic,7.0,standard,US,1167,60,44,62,14.01,15.17,13.04
hoodie,premium,10.0,budget,US,215,12,30,70,27.89,35.16,27.47
hoodie,mid,8.5,standard,CN,863,54,43,192,20.29,21.54,19.27
hoodie,mid,8.5,standard,US,1245,78,17,253,19.62,25.43,20.14
hoodie,mid,8.5,premium,CN,1547,94,18,131,21.87,24.51,20.39
hoodie,basic,7.0,standard,MX,1673,200,43,49,11.52,14.45,11.46
hoodie,basic,7.0,premium,MX,1752,99,30,284,13.17,13.84,12.97
hoodie,mid,8.5,standard,CN,998,66,8,240,18.13,21.41,17.0
hoodie,premium,10.0,standard,MX,144,31,31,66,28.75,35.8,29.13
hoodie,basic,7.0,budget,CN,448,104,29,133,9.18,11.43,9.58
hoodie,premium,10.0,standard,MX,44,12,42,210,30.78,33.06,28.78
hoodie,basic,7.0,premium,US,675,66,36,181,14.99,16.33,14.72
hoodie,premium,10.0,budget,US,1234,126,33,322,25.8,29.49,25.75
hoodie,basic,7.0,premium,CN,221,36,40,69,13.14,14.93,13.4
hoodie,mid,8.5,standard,MX,648,155,27,186,20.78,25.23,20.28
hoodie,mid,8.5,standard,US,989,200,36,59,20.53,22.22,19.41
hoodie,premium,10.0,standard,US,144,12,13,73,32.24,37.75,29.97
hoodie,mid,8.5,standard,CN,936,59,41,255,18.64,22.79,18.31
hoodie,basic,7.0,premium,US,144,23,35,255,14.19,16.01,14.31
hoodie,mid,8.5,budget,CN,1338,68,33,109,17.91,22.04,18.18
hoodie,mid,8.5,budget,CN,1834,200,7,227,15.11,19.57,15.85
hoodie,basic,7.0,standard,CN,782,153,39,280,11.64,12.52,11.27
hoodie,basic,7.0,budget,MX,1834,133,8,102,10.73,11.62,10.15
hoodie,mid,8.5,premium,MX,1040,145,15,111,19.34,23.31,19.74
hoodie,basic,7.0,premium,CN,1683,200,10,73,11.76,13.06,12.11
hoodie,mid,8.5,premium,CN,602,84,23,284,19.64,22.26,20.11
hoodie,basic,7.0,premium,US,1605,200,24,264,14.05,16.05,14.12
hoodie,basic,7.0,premium,CN,227,26,8,19,12.69,14.37,12.49
hoodie,basic,7.0,budget,CN,318,18,13,177,10.23,12.72,10.2
hoodie,basic,7.0,standard,CN,1416,200,37,307,11.63,14.02,11.51
hoodie,mid,8.5,premium,US,1633,200,16,202,20.56,26.85,21.56
hoodie,mid,8.5,standard,CN,1946,200,35,343,18.69,21.17,17.62
hoodie,basic,7.0,standard,CN,250,12,42,54,12.77,13.41,12.56
hoodie,basic,7.0,premium,CN,170,39,10,316,13.3,14.81,12.75
hoodie,basic,7.0,standard,CN,1063,71,39,136,11.65,14.04,11.01
hoodie,basic,7.0,standard,CN,947,62,29,188,11.51,12.8,11.69
hoodie,basic,7.0,standard,MX,1984,200,33,150,12.04,14.54,11.45
hoodie,basic,7.0,standard,MX,653,59,10,107,11.69,13.08,11.02
hoodie,premium,10.0,budget,CN,960,134,38,174,23.36,28.22,23.38
hoodie,basic,7.0,standard,CN,1750,155,39,49,10.87,13.14,11.35
hoodie,mid,8.5,standard,CN,1427,183,25,133,16.54,18.54,17.16
hoodie,basic,7.0,standard,US,391,60,36,345,13.25,16.77,13.21
hoodie,mid,8.5,budget,CN,1695,200,37,343,16.67,19.2,17.44
hoodie,basic,7.0,standard,US,1914,200,23,200,14.35,14.71,13.69
hoodie,premium,10.0,standard,CN,712,54,36,73,25.23,27.93,25.17
hoodie,basic,7.0,premium,CN,918,111,33,201,13.67,16.59,13.11
hoodie,basic,7.0,budget,US,1715,200,44,245,11.63,13.47,11.76
hoodie,premium,10.0,budget,CN,186,35,26,325,26.33,26.36,24.7
hoodie,basic,7.0,premium,CN,1848,200,15,76,12.84,15.23,11.95
hoodie,mid,8.5,standard,MX,531,88,31,283,20.65,21.11,19.39
hoodie,mid,8.5,budget,CN,949,129,18,105,14.89,18.63,14.68
hoodie,mid,8.5,standard,CN,466,111,8,342,18.88,21.37,18.02
hoodie,mid,8.5,budget,CN,313,46,20,232,16.69,19.67,16.92
hoodie,basic,7.0,budget,MX,949,69,43,183,11.2,12.27,10.45
hoodie,mid,8.5,premium,MX,1431,186,23,49,20.78,25.1,21.36
hoodie,mid,8.5,budget,MX,209,26,44,316,17.37,22.6,17.83
hoodie,basic,7.0,standard,US,1950,200,24,266,11.76,13.45,12.36
hoodie,mid,8.5,premium,MX,684,162,24,254,20.6,26.72,21.02
hoodie,basic,7.0,budget,US,114,14,42,106,12.23,14.9,12.46
hoodie,mid,8.5,standard,US,1445,200,27,115,19.01,20.84,19.42
hoodie,mid,8.5,premium,CN,1268,200,30,271,20.57,22.71,19.18
hoodie,mid,8.5,standard,CN,1075,93,33,165,19.29,21.24,18.15
hoodie,mid,8.5,standard,US,846,118,8,230,19.85,21.71,19.75
hoodie,mid,8.5,standard,CN,1071,69,32,139,18.42,22.35,18.95
hoodie,basic,7.0,budget,US,830,52,22,171,11.48,12.99,11.64
hoodie,mid,8.5,standard,US,1284,69,14,257,21.11,21.33,20.28
hoodie,mid,8.5,standard,CN,624,105,22,180,17.78,19.75,18.43
hoodie,premium,10.0,premium,US,73,12,30,136,38.73,43.5,36.18
hoodie,basic,7.0,standard,CN,1241,92,16,137,10.42,13.57,10.79
hoodie,mid,8.5,premium,CN,594,135,9,42,19.79,23.21,19.78
hoodie,mid,8.5,budget,US,367,88,38,210,21.04,25.09,20.14
hoodie,basic,7.0,standard,US,308,51,24,88,11.81,13.96,12.17
hoodie,premium,10.0,budget,US,1795,178,22,126,25.88,31.55,26.39
hoodie,basic,7.0,premium,US,1430,200,18,83,13.93,17.23,13.73
hoodie,premium,10.0,standard,MX,463,51,24,357,29.3,30.51,27.73
hoodie,mid,8.5,premium,CN,1667,200,12,277,20.76,20.83,19.23
hoodie,mid,8.5,premium,CN,316,33,17,320,18.79,23.71,19.18
hoodie,mid,8.5,budget,US,1075,200,21,90,18.31,20.79,17.44
hoodie,basic,7.0,budget,CN,1640,200,21,222,9.86,12.0,9.67
hoodie,basic,7.0,standard,US,577,117,45,173,14.34,16.7,13.28
hoodie,mid,8.5,budget,CN,325,44,19,97,15.54,19.64,15.91
hoodie,mid,8.5,budget,CN,1404,169,35,340,16.56,17.39,16.23
hoodie,premium,10.0,budget,US,1870,122,31,182,24.89,32.4,25.69
hoodie,basic,7.0,premium,MX,1447,200,31,241,13.43,16.44,13.27
hoodie,mid,8.5,standard,MX,1347,90,41,128,19.53,20.44,18.55
hoodie,basic,7.0,budget,US,1319,200,30,186,11.7,14.48,11.82
hoodie,basic,7.0,standard,CN,1517,154,11,133,12.44,12.73,11.77
hoodie,premium,10.0,standard,US,287,21,12,247,33.59,37.85,31.67
hoodie,mid,8.5,budget,MX,1661,200,32,336,15.6,17.5,14.46
hoodie,mid,8.5,standard,CN,26,12,8,333,19.63,20.88,18.26
hoodie,basic,7.0,standard,MX,1275,193,35,174,12.34,12.94,12.06
hoodie,basic,7.0,standard,MX,704,116,12,58,12.36,14.98,12.49
hoodie,mid,8.5,budget,MX,54,12,22,88,18.8,20.34,18.84
hoodie,mid,8.5,standard,MX,1762,200,32,111,19.61,22.79,18.32
hoodie,mid,8.5,standard,US,1760,200,27,114,19.47,24.0,19.85
hoodie,basic,7.0,premium,CN,1272,81,13,352,12.28,14.92,11.7
hoodie,basic,7.0,premium,CN,814,88,23,225,13.79,14.53,13.41
hoodie,mid,8.5,standard,US,1923,200,37,301,19.06,22.32,20.02
hoodie,basic,7.0,budget,CN,877,50,7,284,10.57,11.15,9.95
hoodie,premium,10.0,budget,CN,1178,77,24,331,23.42,27.87,24.58
hoodie,mid,8.5,standard,CN,1376,200,13,96,17.52,23.04,18.42
hoodie,mid,8.5,budget,CN,1821,200,16,135,15.16,18.97,15.77
hoodie,mid,8.5,standard,CN,1553,200,42,333,17.62,21.15,18.04
hoodie,basic,7.0,premium,MX,1699,200,9,63,12.91,13.64,12.86
hoodie,mid,8.5,standard,US,1079,119,37,360,21.87,24.42,20.4
hoodie,mid,8.5,standard,CN,1403,200,36,358,18.38,23.85,18.73
hoodie,basic,7.0,premium,US,709,63,45,337,13.9,15.8,14.37
hoodie,basic,7.0,premium,CN,361,52,23,260,12.6,16.78,13.24
hoodie,mid,8.5,budget,US,1703,128,36,204,19.93,24.22,19.24
hoodie,mid,8.5,premium,MX,1078,101,38,354,20.51,24.02,20.97
hoodie,mid,8.5,budget,MX,192,26,39,256,16.9,19.5,16.07
hoodie,basic,7.0,budget,CN,1018,91,17,91,10.05,11.53,9.84
hoodie,basic,7.0,standard,CN,934,200,13,122,11.08,12.65,10.76
hoodie,basic,7.0,standard,US,1711,200,40,78,12.14,15.82,12.39
hoodie,premium,10.0,premium,US,714,111,15,123,32.11,36.31,30.23
hoodie,basic,7.0,budget,US,1584,120,33,168,12.96,13.07,12.07
hoodie,premium,10.0,standard,CN,1709,200,28,238,25.35,32.66,26.64
hoodie,basic,7.0,standard,US,756,186,38,146,13.08,16.89,13.21
hoodie,mid,8.5,standard,US,1177,200,43,27,19.98,24.67,20.75
hoodie,basic,7.0,standard,CN,1083,56,16,214,11.65,12.57,11.13
hoodie,mid,8.5,budget,US,1718,200,34,72,17.63,21.47,17.39
hoodie,mid,8.5,premium,CN,1154,132,44,247,19.35,22.92,19.94
hoodie,mid,8.5,premium,CN,107,12,17,256,21.68,24.02,21.48
hoodie,mid,8.5,standard,CN,1489,200,28,162,16.96,19.8,17.16
hoodie,mid,8.5,budget,CN,122,12,38,353,16.71,21.48,17.01
hoodie,premium,10.0,premium,CN,1542,200,11,134,29.31,35.47,27.97
hoodie,basic,7.0,standard,CN,1980,200,17,48,11.16,13.79,10.81
hoodie,mid,8.5,premium,CN,300,37,38,246,22.01,22.48,20.75
hoodie,mid,8.5,budget,CN,574,50,10,262,17.06,19.59,16.11
hoodie,mid,8.5,budget,US,207,45,19,106,18.93,20.84,18.48
hoodie,basic,7.0,premium,CN,904,195,38,76,12.25,14.04,12.81
hoodie,mid,8.5,standard,CN,589,117,10,235,19.0,20.97,18.24
hoodie,mid,8.5,standard,US,1997,113,33,179,19.56,21.23,19.65
hoodie,basic,7.0,premium,US,537,125,19,261,15.77,16.15,14.99
hoodie,basic,7.0,standard,CN,923,200,40,266,12.67,12.69,12.07
hoodie,mid,8.5,budget,CN,733,44,45,119,16.54,18.64,15.95
hoodie,mid,8.5,budget,MX,1842,200,26,344,17.24,19.23,16.02
hoodie,basic,7.0,premium,US,341,17,38,225,15.08,17.13,14.86
hoodie,mid,8.5,premium,US,883,190,9,137,23.52,26.62,22.22
hoodie,basic,7.0,standard,CN,1266,66,31,343,12.28,14.29,11.71
hoodie,mid,8.5,budget,CN,410,100,24,327,15.75,19.71,16.43
hoodie,basic,7.0,standard,CN,407,84,35,326,11.66,15.19,11.99
hoodie,basic,7.0,standard,MX,1844,200,13,331,11.68,14.32,11.19
hoodie,premium,10.0,budget,CN,1322,200,9,236,21.73,27.36,22.83
hoodie,mid,8.5,standard,US,185,42,43,125,23.54,27.46,21.98
hoodie,basic,7.0,budget,US,686,143,18,287,12.0,13.06,11.47
hoodie,basic,7.0,premium,CN,1629,200,32,168,12.16,15.54,12.34
hoodie,mid,8.5,premium,US,1326,200,42,72,23.46,26.16,23.37
hoodie,mid,8.5,standard,US,1440,200,23,306,20.63,24.98,19.93
hoodie,premium,10.0,budget,US,58,12,41,64,26.88,34.1,28.18
hoodie,mid,8.5,budget,MX,327,33,42,313,17.58,19.59,17.46
hoodie,basic,7.0,standard,MX,740,127,28,30,12.62,13.31,12.19
hoodie,basic,7.0,standard,CN,948,165,33,169,10.75,12.8,10.67
hoodie,mid,8.5,standard,US,83,12,28,217,20.92,26.95,21.06
hoodie,basic,7.0,budget,CN,786,49,15,270,10.02,11.96,10.51
hoodie,basic,7.0,premium,MX,1796,188,16,283,12.62,14.66,12.62
hoodie,basic,7.0,budget,US,889,200,11,324,11.58,11.63,11.02
hoodie,basic,7.0,standard,CN,500,115,42,33,12.47,13.43,11.64
hoodie,mid,8.5,standard,US,939,66,14,68,20.36,22.52,18.92
hoodie,premium,10.0,standard,US,1053,200,39,163,33.93,39.97,32.87
hoodie,basic,7.0,standard,MX,1597,200,12,127,11.4,12.77,11.52
hoodie,basic,7.0,standard,US,1498,200,28,79,13.45,13.62,12.52
hoodie,basic,7.0,standard,CN,274,65,26,108,10.99,12.97,11.44
hoodie,premium,10.0,standard,CN,1851,200,35,336,26.94,31.2,26.13
hoodie,mid,8.5,standard,CN,1069,200,21,54,17.92,18.74,17.19
hoodie,basic,7.0,budget,US,1715,164,28,172,11.1,14.0,11.26
hoodie,basic,7.0,budget,CN,1248,200,43,121,9.83,11.92,9.45
hoodie,basic,7.0,budget,MX,922,100,12,148,9.93,11.6,10.07
hoodie,basic,7.0,budget,CN,366,22,13,286,10.32,12.77,10.19
hoodie,basic,7.0,premium,CN,1552,200,19,89,12.21,14.45,12.71
hoodie,mid,8.5,premium,MX,204,41,41,31,22.58,28.42,22.35
hoodie,premium,10.0,budget,CN,1201,171,30,334,22.4,26.93,23.1
hoodie,mid,8.5,standard,US,62,12,29,343,20.47,23.34,20.6
hoodie,basic,7.0,budget,CN,1860,200,10,90,9.61,10.83,10.02
hoodie,mid,8.5,standard,US,1407,200,43,183,19.82,21.73,20.28
hoodie,mid,8.5,standard,CN,217,47,41,222,19.91,20.8,19.09
hoodie,premium,10.0,standard,MX,1205,103,22,40,29.1,32.96,27.34
hoodie,basic,7.0,budget,CN,1878,200,33,296,10.54,12.25,9.97
hoodie,basic,7.0,standard,CN,99,19,12,24,11.47,14.94,11.82
hoodie,mid,8.5,budget,US,1154,200,34,219,18.88,21.07,17.71
hoodie,premium,10.0,standard,US,363,59,19,149,27.49,32.16,28.06
hoodie,basic,7.0,standard,CN,1041,200,21,346,12.0,13.98,11.33
hoodie,basic,7.0,premium,US,730,125,21,75,13.66,16.03,14.15
hoodie,mid,8.5,budget,US,1265,200,45,69,20.6,23.65,19.11
hoodie,mid,8.5,premium,US,217,20,12,63,23.7,28.02,22.26
hoodie,basic,7.0,standard,US,1433,96,44,61,13.34,16.17,13.42
hoodie,basic,7.0,standard,CN,762,130,31,129,11.18,12.51,11.3
hoodie,mid,8.5,premium,US,1144,200,33,210,24.33,24.65,23.43
hoodie,premium,10.0,budget,MX,427,61,29,258,27.98,30.98,26.5
hoodie,basic,7.0,standard,CN,1722,200,7,247,11.76,13.12,11.2
hoodie,basic,7.0,budget,MX,1740,200,32,149,10.97,13.17,10.36
hoodie,basic,7.0,premium,MX,161,12,9,83,14.81,16.58,14.39
hoodie,mid,8.5,budget,CN,678,94,11,153,15.83,16.05,14.72
hoodie,basic,7.0,budget,CN,225,41,29,117,10.61,11.92,10.76
hoodie,basic,7.0,premium,CN,1831,200,33,227,12.75,15.17,12.01
hoodie,mid,8.5,standard,MX,352,42,28,100,20.73,21.16,19.52
hoodie,basic,7.0,premium,MX,410,23,40,312,15.23,15.78,14.59
hoodie,premium,10.0,standard,MX,602,53,35,67,29.55,33.24,30.66
hoodie,premium,10.0,budget,CN,636,46,15,358,22.14,28.95,23.13
hoodie,basic,7.0,budget,CN,1718,200,23,333,10.42,11.09,10.25
hoodie,mid,8.5,premium,US,254,13,34,245,25.2,29.97,23.9
hoodie,mid,8.5,budget,CN,873,144,45,128,17.0,18.72,16.19
hoodie,basic,7.0,premium,CN,583,116,31,239,12.99,14.7,12.15
hoodie,mid,8.5,budget,US,1593,200,38,297,18.91,20.47,17.63
hoodie,mid,8.5,standard,US,138,18,39,347,21.57,22.72,20.34
hoodie,mid,8.5,premium,US,641,78,35,212,25.34,26.54,24.25
hoodie,basic,7.0,premium,CN,774,83,18,174,12.71,14.12,12.57
hoodie,mid,8.5,premium,US,664,165,14,119,20.83,23.76,20.86
hoodie,basic,7.0,standard,CN,474,106,16,332,11.64,14.25,11.17
hoodie,basic,7.0,standard,US,624,79,35,166,14.07,17.25,13.81
hoodie,basic,7.0,standard,US,1077,156,45,261,14.85,17.51,13.86
hoodie,premium,10.0,standard,CN,545,87,27,95,27.28,28.37,26.09
hoodie,basic,7.0,budget,US,1323,200,20,231,12.22,12.51,11.32
hoodie,basic,7.0,budget,CN,1807,200,22,97,10.27,10.84,10.11
hoodie,mid,8.5,standard,CN,1215,200,36,302,19.45,22.58,18.3
hoodie,mid,8.5,budget,US,997,95,33,212,18.47,23.14,18.42
hoodie,mid,8.5,standard,CN,1993,200,45,238,16.89,19.3,16.9
hoodie,mid,8.5,standard,CN,156,21,41,102,17.56,21.18,18.38
hoodie,premium,10.0,premium,US,1890,136,15,245,32.05,33.22,30.69
hoodie,mid,8.5,budget,CN,1296,200,8,324,15.1,17.99,15.66
hoodie,basic,7.0,budget,US,1187,200,42,146,11.4,12.88,11.25
hoodie,basic,7.0,standard,CN,1753,185,27,167,11.39,13.47,11.78
hoodie,basic,7.0,standard,US,1697,200,22,254,12.21,14.77,12.39
hoodie,premium,10.0,premium,CN,959,140,30,283,29.94,39.27,30.98
hoodie,premium,10.0,standard,CN,1659,115,16,365,25.32,27.41,24.93
hoodie,premium,10.0,standard,CN,182,30,44,123,24.74,28.62,25.49
hoodie,basic,7.0,standard,CN,1473,200,11,17,10.98,12.38,11.45
hoodie,mid,8.5,standard,CN,670,84,29,111,19.72,21.03,18.31
hoodie,mid,8.5,standard,MX,1945,200,33,171,16.83,20.83,17.33
hoodie,mid,8.5,standard,US,81,12,15,117,22.78,24.26,21.95
hoodie,basic,7.0,premium,CN,173,32,32,86,14.0,15.9,13.82
hoodie,mid,8.5,standard,CN,1452,161,34,28,15.62,17.29,16.18
hoodie,basic,7.0,standard,CN,1891,200,16,327,12.12,14.24,11.95
hoodie,basic,7.0,budget,CN,1514,183,33,17,11.3,11.3,10.73
hoodie,mid,8.5,budget,CN,903,158,44,200,17.89,19.93,16.64
hoodie,mid,8.5,standard,US,326,44,21,257,20.62,21.94,19.98
hoodie,premium,10.0,standard,US,45,12,37,300,33.57,40.64,33.55
hoodie,basic,7.0,premium,MX,794,182,40,118,14.83,16.72,13.76
hoodie,mid,8.5,premium,CN,136,28,20,23,20.64,20.77,19.6
hoodie,basic,7.0,standard,US,1542,84,35,170,12.21,13.31,12.32
hoodie,mid,8.5,standard,CN,1039,197,13,175,18.02,21.63,17.41
hoodie,basic,7.0,premium,US,954,111,33,146,15.0,15.58,14.27
hoodie,basic,7.0,standard,CN,1192,153,17,155,10.93,12.72,11.41
hoodie,basic,7.0,standard,CN,1549,177,44,52,11.88,13.95,11.5
hoodie,basic,7.0,standard,MX,702,162,34,266,12.22,13.6,11.86
hoodie,basic,7.0,budget,CN,594,136,13,251,10.2,12.43,10.31
hoodie,basic,7.0,standard,US,1963,200,42,209,12.97,14.03,12.93
hoodie,premium,10.0,premium,CN,263,49,44,127,29.24,32.64,29.32
hoodie,basic,7.0,premium,US,1487,200,34,262,14.64,16.7,14.9
hoodie,mid,8.5,budget,MX,817,133,11,130,15.97,21.04,16.69
hoodie,basic,7.0,standard,CN,1581,200,21,176,11.11,12.99,11.19
hoodie,basic,7.0,standard,US,1226,114,12,318,12.61,16.01,13.01
hoodie,mid,8.5,standard,US,1969,200,15,161,22.22,23.96,20.92
hoodie,mid,8.5,premium,CN,117,15,27,214,22.14,25.56,20.9
hoodie,basic,7.0,budget,US,1147,133,26,49,10.38,11.65,10.81
hoodie,basic,7.0,budget,MX,94,12,31,60,10.56,11.65,10.74
hoodie,premium,10.0,standard,MX,1398,200,24,47,28.35,32.41,28.62
hoodie,premium,10.0,standard,MX,857,92,34,273,30.85,36.31,29.94
hoodie,basic,7.0,standard,CN,681,55,8,185,10.94,13.85,11.35
hoodie,mid,8.5,standard,MX,625,122,31,155,20.51,22.89,19.42
hoodie,basic,7.0,budget,CN,184,20,42,287,10.13,11.86,10.34
hoodie,basic,7.0,standard,CN,777,80,41,189,12.82,15.03,12.25
hoodie,premium,10.0,standard,US,1707,200,18,224,30.1,33.18,28.54
hoodie,mid,8.5,standard,MX,310,47,25,159,18.86,23.3,19.46
hoodie,mid,8.5,premium,CN,205,39,34,36,22.7,25.28,22.09
hoodie,mid,8.5,budget,US,1507,173,34,60,18.39,23.73,19.34
hoodie,basic,7.0,budget,CN,1325,200,16,77,11.25,12.43,10.42
hoodie,premium,10.0,premium,CN,1619,200,10,268,26.68,31.43,27.73
hoodie,premium,10.0,standard,CN,1438,126,25,268,26.26,30.66,24.63
hoodie,mid,8.5,budget,CN,602,130,36,275,16.84,19.0,15.6
hoodie,mid,8.5,budget,US,1512,200,8,314,17.56,21.77,17.04
hoodie,basic,7.0,budget,CN,465,99,31,221,11.32,11.51,10.83
hoodie,basic,7.0,premium,US,76,12,9,136,16.61,17.04,15.67
hoodie,basic,7.0,premium,CN,882,161,33,297,12.63,16.83,13.29
hoodie,basic,7.0,standard,CN,1300,200,11,17,10.54,12.81,10.86
hoodie,mid,8.5,standard,CN,385,41,40,187,17.02,19.55,17.83
hoodie,basic,7.0,budget,US,1199,82,11,353,11.71,14.27,11.95
hoodie,basic,7.0,standard,CN,1306,75,41,130,11.95,14.32,12.07
hoodie,basic,7.0,standard,US,607,89,10,233,13.53,16.11,12.68
hoodie,basic,7.0,standard,CN,1872,200,18,273,11.77,14.33,11.37
hoodie,basic,7.0,premium,CN,188,45,30,84,14.13,15.4,14.35
hoodie,basic,7.0,premium,CN,908,200,25,122,12.6,15.59,12.75
hoodie,basic,7.0,standard,MX,229,24,16,211,12.22,13.8,11.95
hoodie,basic,7.0,standard,US,1751,173,22,32,13.32,14.28,12.82
hoodie,mid,8.5,budget,CN,995,73,29,112,15.94,16.91,15.72
hoodie,mid,8.5,budget,US,346,71,13,189,19.03,22.16,18.56
hoodie,mid,8.5,standard,CN,1838,179,7,309,15.29,17.51,16.01
hoodie,mid,8.5,standard,CN,230,22,8,137,17.66,21.91,17.31
hoodie,basic,7.0,standard,CN,629,44,21,18,11.3,12.64,11.17
hoodie,mid,8.5,standard,CN,535,76,38,32,18.18,20.0,18.22
hoodie,mid,8.5,budget,US,83,19,14,93,20.01,20.75,19.42
hoodie,basic,7.0,standard,CN,1133,200,26,183,12.01,12.37,11.52
hoodie,basic,7.0,budget,MX,342,41,43,85,11.3,13.99,11.13
hoodie,basic,7.0,standard,US,988,109,12,357,12.87,15.06,12.51
hoodie,mid,8.5,premium,US,293,52,25,179,21.69,24.46,22.48
hoodie,mid,8.5,budget,CN,1310,179,10,151,17.58,17.61,16.67
hoodie,mid,8.5,standard,US,486,95,41,243,20.12,21.24,19.9
hoodie,basic,7.0,budget,US,1789,183,36,158,11.56,15.0,11.76
hoodie,mid,8.5,premium,US,1398,115,17,227,24.16,24.73,22.46
hoodie,basic,7.0,budget,MX,656,134,29,31,10.6,12.59,10.85
hoodie,mid,8.5,premium,CN,1222,139,19,91,20.22,24.01,20.72
hoodie,mid,8.5,standard,CN,347,61,35,46,17.73,19.89,17.82
hoodie,premium,10.0,standard,US,853,65,9,179,29.31,32.71,28.86
hoodie,basic,7.0,standard,CN,717,177,44,64,12.5,12.69,11.92
hoodie,premium,10.0,standard,CN,1425,200,24,329,25.87,31.3,24.59
hoodie,basic,7.0,standard,CN,1579,200,13,77,11.82,13.72,11.11
hoodie,mid,8.5,budget,MX,1737,200,18,67,16.95,17.32,16.14
hoodie,premium,10.0,standard,US,1992,200,35,228,32.0,34.28,31.23
hoodie,mid,8.5,standard,CN,328,68,45,278,17.8,23.13,18.12
hoodie,basic,7.0,standard,US,1677,131,39,62,14.2,16.49,13.47
hoodie,mid,8.5,standard,CN,1363,200,11,18,17.98,18.69,17.66
hoodie,mid,8.5,premium,CN,1681,200,10,43,19.14,22.59,18.81
hoodie,basic,7.0,budget,US,533,128,31,93,12.95,14.94,12.17
hoodie,premium,10.0,premium,US,813,85,34,307,34.7,39.23,32.42
hoodie,premium,10.0,premium,CN,318,16,26,281,29.15,33.85,29.24
hoodie,basic,7.0,standard,CN,1256,84,18,352,11.52,11.75,10.8
hoodie,mid,8.5,standard,CN,455,106,9,322,16.51,17.85,16.47
hoodie,premium,10.0,premium,US,721,149,38,19,34.44,35.76,33.72
hoodie,basic,7.0,premium,US,1073,88,16,259,14.08,15.97,14.21
hoodie,mid,8.5,premium,CN,1038,158,28,272,20.27,22.04,20.75
hoodie,basic,7.0,standard,CN,1889,200,32,238,9.8,11.26,10.3
hoodie,mid,8.5,standard,CN,413,57,32,257,18.09,22.58,18.03
hoodie,mid,8.5,standard,CN,1206,199,32,203,17.07,19.43,17.75
hoodie,basic,7.0,standard,CN,1985,168,24,327,11.81,12.81,12.07
hoodie,basic,7.0,budget,US,779,144,32,173,11.16,14.12,11.33
hoodie,mid,8.5,standard,US,1322,143,43,303,20.27,24.24,19.93
hoodie,mid,8.5,premium,CN,1912,200,10,314,18.78,22.25,19.33
hoodie,basic,7.0,budget,CN,1103,200,11,257,10.03,11.69,10.37
hoodie,mid,8.5,standard,US,160,28,29,178,20.72,26.26,20.89
hoodie,mid,8.5,budget,MX,1139,188,36,116,16.72,18.69,16.14
hoodie,mid,8.5,budget,MX,432,104,22,82,16.43,20.4,17.03
hoodie,premium,10.0,standard,US,453,79,20,34,31.98,35.41,30.25
hoodie,premium,10.0,standard,US,580,54,31,25,30.7,34.64,29.55
hoodie,basic,7.0,standard,CN,1531,200,14,238,11.56,13.16,10.89
hoodie,basic,7.0,premium,US,1972,124,39,278,15.56,18.09,15.01
hoodie,mid,8.5,standard,US,1757,200,12,313,19.9,25.38,19.84
hoodie,mid,8.5,standard,CN,825,173,42,213,18.06,20.13,17.71
hoodie,basic,7.0,budget,CN,1864,200,36,294,11.16,11.67,10.52
hoodie,basic,7.0,standard,CN,1768,200,39,326,11.24,14.58,11.62
hoodie,basic,7.0,standard,MX,1013,57,13,159,13.13,14.26,12.45
hoodie,basic,7.0,budget,CN,447,69,22,70,10.68,11.64,10.97
hoodie,basic,7.0,budget,CN,1704,200,38,44,10.36,12.66,9.92
hoodie,premium,10.0,budget,MX,1025,112,30,89,22.91,25.24,24.0
hoodie,basic,7.0,premium,CN,1335,72,30,258,13.01,16.1,13.34
hoodie,mid,8.5,budget,US,520,108,7,119,17.42,20.98,17.15
hoodie,mid,8.5,budget,CN,1339,176,23,89,15.12,18.76,15.7
hoodie,basic,7.0,premium,US,1274,200,14,98,15.91,16.29,15.13
hoodie,basic,7.0,budget,CN,432,26,45,108,11.05,11.07,10.36
hoodie,basic,7.0,premium,US,1783,149,13,193,13.01,15.87,13.6
hoodie,basic,7.0,budget,CN,353,50,33,50,9.21,11.46,9.48
hoodie,mid,8.5,budget,US,295,27,30,145,18.34,23.07,18.93
hoodie,mid,8.5,budget,MX,1002,186,40,70,16.83,18.56,17.08
hoodie,basic,7.0,standard,CN,718,98,8,258,10.92,12.63,11.39
hoodie,basic,7.0,budget,US,666,40,15,46,12.08,12.59,11.68
hoodie,basic,7.0,budget,US,120,23,31,158,13.15,13.39,12.25
hoodie,basic,7.0,standard,US,1574,98,15,152,13.17,15.86,12.82
hoodie,basic,7.0,standard,CN,30,12,20,275,12.57,14.29,12.22
hoodie,basic,7.0,premium,MX,1305,123,22,208,13.27,16.09,12.99
hoodie,basic,7.0,budget,US,325,39,11,268,11.47,14.26,11.76
hoodie,mid,8.5,premium,MX,1414,115,30,205,22.84,27.43,23.2
hoodie,basic,7.0,budget,US,1564,200,14,118,10.3,11.45,10.69
hoodie,mid,8.5,premium,CN,657,134,11,67,21.19,23.29,20.46
hoodie,basic,7.0,standard,CN,1333,67,14,38,11.55,14.09,11.93
hoodie,premium,10.0,standard,CN,1950,200,45,254,28.22,28.82,26.83
hoodie,mid,8.5,standard,US,465,87,26,292,20.67,23.25,20.73
hoodie,basic,7.0,standard,CN,638,157,38,56,11.75,14.06,11.89
hoodie,basic,7.0,budget,CN,334,64,32,314,10.33,12.57,10.72
hoodie,mid,8.5,standard,CN,1116,188,33,14,19.09,21.08,18.5
hoodie,basic,7.0,budget,CN,331,45,8,158,11.09,12.13,11.28
hoodie,premium,10.0,budget,US,947,192,41,70,27.91,28.64,25.92
hoodie,basic,7.0,standard,CN,608,126,13,189,10.53,13.43,10.59
hoodie,premium,10.0,standard,MX,1901,200,32,257,25.85,30.56,26.83
hoodie,basic,7.0,budget,CN,1090,76,41,275,11.12,11.6,10.47
hoodie,mid,8.5,standard,MX,617,59,43,24,19.89,23.35,19.28
hoodie,basic,7.0,standard,CN,1980,200,40,236,10.7,12.66,10.76
hoodie,mid,8.5,budget,MX,700,135,25,91,17.72,20.84,17.47
hoodie,premium,10.0,premium,MX,791,114,17,31,33.45,38.21,31.43
hoodie,mid,8.5,standard,CN,1149,200,45,40,18.82,21.54,17.61
hoodie,basic,7.0,standard,CN,90,12,37,264,12.64,13.21,12.15
hoodie,mid,8.5,budget,CN,1360,200,11,49,14.04,17.64,14.56
hoodie,mid,8.5,premium,US,421,96,32,105,23.11,25.76,21.49
hoodie,mid,8.5,budget,MX,281,28,24,246,18.38,20.12,17.52
hoodie,basic,7.0,budget,US,157,21,21,316,12.2,12.37,11.45
hoodie,mid,8.5,standard,MX,771,89,35,187,17.29,19.46,17.9
hoodie,premium,10.0,budget,US,1807,200,27,365,29.07,28.78,27.12
hoodie,mid,8.5,budget,MX,1659,200,19,335,17.7,19.17,16.62
hoodie,basic,7.0,standard,CN,765,130,20,130,12.2,12.86,11.79
hoodie,basic,7.0,standard,CN,538,86,15,140,11.8,12.0,11.27
hoodie,basic,7.0,standard,CN,1950,127,14,293,11.62,13.61,11.01
hoodie,mid,8.5,standard,US,1466,200,28,147,19.12,22.77,18.84
hoodie,basic,7.0,standard,CN,138,29,39,148,11.82,13.09,11.12
hoodie,mid,8.5,standard,US,540,120,12,304,20.7,23.35,21.16
hoodie,basic,7.0,budget,US,1902,200,33,85,11.77,13.34,11.99
hoodie,mid,8.5,premium,CN,1557,200,22,297,18.62,22.0,19.09
hoodie,mid,8.5,budget,US,1373,131,40,44,19.48,19.84,18.25
hoodie,mid,8.5,premium,CN,1938,200,28,305,21.89,24.14,21.47
hoodie,mid,8.5,budget,US,725,95,24,220,20.26,23.93,19.11
hoodie,mid,8.5,budget,US,875,85,25,251,18.36,20.11,18.58
hoodie,premium,10.0,budget,US,580,136,41,326,25.27,29.16,26.1
hoodie,mid,8.5,standard,CN,464,41,36,264,16.92,19.69,17.76
hoodie,basic,7.0,budget,CN,524,114,19,246,9.63,11.26,10.12
hoodie,basic,7.0,premium,US,1535,200,43,253,15.05,16.37,14.2
hoodie,basic,7.0,standard,MX,1523,128,11,130,11.72,15.06,12.06
hoodie,premium,10.0,standard,US,1090,116,43,18,29.65,36.68,30.3
hoodie,mid,8.5,standard,CN,1891,200,42,221,17.2,20.89,18.03
hoodie,mid,8.5,standard,US,1440,200,27,267,20.58,24.57,20.13
hoodie,premium,10.0,standard,CN,742,140,20,213,28.68,33.93,28.23
hoodie,mid,8.5,premium,CN,740,66,26,18,20.1,24.66,19.63
hoodie,mid,8.5,premium,CN,459,26,41,47,22.31,26.32,22.06
hoodie,premium,10.0,premium,MX,578,69,29,50,30.77,36.62,30.43
hoodie,basic,7.0,premium,CN,1772,200,27,141,12.85,13.48,12.48
hoodie,mid,8.5,standard,CN,185,25,42,29,19.23,24.26,19.4
hoodie,mid,8.5,standard,US,1784,200,15,225,20.26,22.62,19.31
hoodie,basic,7.0,premium,US,983,70,42,46,15.72,16.98,15.81
hoodie,mid,8.5,budget,MX,1618,197,26,343,15.62,18.42,16.41
hoodie,premium,10.0,standard,MX,775,86,11,73,29.27,33.81,28.29
hoodie,mid,8.5,standard,US,212,23,23,165,19.53,23.3,19.67
hoodie,mid,8.5,standard,US,476,31,28,101,19.64,24.57,20.37
hoodie,basic,7.0,standard,US,1944,112,30,135,12.52,15.12,12.1
hoodie,basic,7.0,standard,US,854,177,17,110,12.94,13.61,12.52
hoodie,premium,10.0,standard,MX,1714,88,17,281,30.6,33.03,28.35
hoodie,basic,7.0,premium,US,436,56,15,165,14.78,17.62,14.16
hoodie,mid,8.5,premium,US,1436,200,35,179,23.97,24.82,22.52
hoodie,basic,7.0,budget,US,1379,172,21,64,11.61,11.46,10.85
hoodie,mid,8.5,standard,US,1906,200,29,266,20.19,24.66,19.39
hoodie,mid,8.5,standard,US,892,68,40,318,19.28,23.3,19.78
hoodie,basic,7.0,budget,CN,58,12,16,219,9.93,12.04,10.44
hoodie,basic,7.0,standard,US,738,77,29,30,13.96,16.36,13.52
hoodie,mid,8.5,budget,CN,962,84,34,173,17.07,19.59,16.46
hoodie,basic,7.0,budget,US,384,21,20,303,11.81,14.52,12.23
hoodie,mid,8.5,standard,MX,932,122,28,165,17.59,18.86,17.81
hoodie,mid,8.5,standard,US,1834,95,38,97,20.24,21.9,20.45
hoodie,mid,8.5,standard,US,636,102,44,222,21.18,23.3,20.32
hoodie,basic,7.0,standard,US,1047,100,42,170,13.37,16.45,13.36
hoodie,basic,7.0,budget,CN,1263,200,38,229,10.27,11.98,10.6
hoodie,mid,8.5,standard,MX,727,147,37,171,19.04,20.95,18.51
hoodie,basic,7.0,standard,CN,665,64,40,131,10.86,12.18,10.79
hoodie,premium,10.0,budget,CN,1647,200,8,255,21.78,26.17,22.53
hoodie,basic,7.0,standard,US,405,92,15,109,12.99,16.17,13.41
hoodie,mid,8.5,standard,CN,1371,131,15,282,17.25,19.75,16.38
hoodie,premium,10.0,standard,US,87,12,29,85,32.53,33.03,30.69
hoodie,mid,8.5,standard,MX,248,55,31,312,19.51,21.29,18.88
hoodie,premium,10.0,budget,US,829,73,37,254,25.89,28.88,25.83
hoodie,basic,7.0,standard,MX,1484,200,37,96,10.61,13.55,11.14
hoodie,mid,8.5,budget,CN,1257,85,25,109,16.18,16.81,15.83
hoodie,premium,10.0,standard,CN,1259,200,44,56,26.75,28.02,25.04
hoodie,basic,7.0,budget,MX,945,193,19,267,11.01,11.44,10.33
hoodie,basic,7.0,budget,CN,1529,137,31,95,10.12,12.02,10.11
hoodie,mid,8.5,standard,CN,524,125,45,133,17.9,20.55,18.66
hoodie,mid,8.5,premium,CN,900,163,44,24,18.87,23.03,19.66
hoodie,mid,8.5,budget,US,1357,127,45,29,20.06,22.05,18.77
hoodie,premium,10.0,budget,CN,792,159,23,160,26.29,26.37,24.65
hoodie,premium,10.0,budget,MX,1696,175,25,321,21.51,28.04,22.57
hoodie,mid,8.5,budget,MX,316,49,19,134,16.2,19.13,16.99
hoodie,basic,7.0,budget,US,1920,200,10,250,12.34,14.29,11.54
hoodie,mid,8.5,budget,US,1116,200,39,187,18.69,19.88,18.36
hoodie,basic,7.0,standard,CN,823,76,23,361,10.98,12.03,11.13
hoodie,basic,7.0,budget,US,142,23,19,144,11.67,13.24,12.03
hoodie,premium,10.0,budget,MX,1173,107,23,71,24.23,29.24,22.86
hoodie,basic,7.0,premium,US,1889,200,31,19,15.19,15.72,14.44
hoodie,basic,7.0,standard,MX,1339,200,32,289,12.97,13.49,12.32
hoodie,basic,7.0,standard,CN,1888,200,14,25,11.82,12.31,10.95
hoodie,basic,7.0,standard,US,1000,76,19,53,12.91,14.37,12.86
hoodie,basic,7.0,budget,CN,1900,200,29,263,10.68,11.47,10.73
hoodie,basic,7.0,budget,CN,631,119,36,240,10.19,11.11,10.2
hoodie,basic,7.0,standard,CN,813,106,22,242,12.42,12.14,11.55
hoodie,basic,7.0,standard,CN,1299,193,33,260,11.67,13.9,11.29
hoodie,basic,7.0,standard,CN,1898,200,32,343,11.93,14.07,11.12
hoodie,premium,10.0,budget,CN,1377,171,28,104,22.75,28.28,23.49
hoodie,basic,7.0,budget,CN,319,32,42,19,11.27,11.6,10.54
hoodie,basic,7.0,budget,CN,720,149,10,91,10.66,12.02,10.55
hoodie,mid,8.5,budget,MX,1880,200,13,149,15.67,19.84,16.42
hoodie,mid,8.5,standard,US,1758,198,26,50,22.64,22.77,21.37
hoodie,mid,8.5,budget,CN,1036,200,21,227,17.28,19.32,16.13
hoodie,basic,7.0,premium,CN,876,65,28,189,12.9,16.6,13.07
hoodie,mid,8.5,standard,CN,1063,200,7,15,18.71,18.9,17.65
hoodie,basic,7.0,standard,CN,1005,135,33,260,11.94,12.31,11.47
hoodie,mid,8.5,standard,CN,805,86,19,138,16.52,19.89,17.28
hoodie,mid,8.5,standard,US,844,46,19,58,20.54,22.29,20.38
hoodie,basic,7.0,budget,US,863,88,24,172,10.98,13.47,10.85
hoodie,mid,8.5,budget,CN,962,193,10,328,16.51,17.89,15.89
hoodie,premium,10.0,budget,MX,26,12,40,246,27.13,30.18,25.91
hoodie,mid,8.5,budget,US,997,120,42,249,20.51,24.37,19.06
hoodie,mid,8.5,standard,US,1175,166,19,154,20.0,23.5,20.5
hoodie,basic,7.0,budget,US,434,26,30,113,12.71,14.2,11.87
hoodie,premium,10.0,standard,MX,1164,63,27,223,27.19,32.79,25.84
hoodie,mid,8.5,budget,CN,1988,200,41,173,16.86,17.74,15.98
hoodie,basic,7.0,standard,US,84,16,38,310,14.89,15.53,14.18
hoodie,basic,7.0,standard,CN,1129,200,29,114,11.72,13.46,11.96
hoodie,basic,7.0,budget,CN,1270,151,36,298,11.47,12.4,10.72
hoodie,basic,7.0,standard,CN,1346,165,39,254,12.06,14.77,11.78
hoodie,mid,8.5,budget,CN,1434,200,30,210,16.6,19.91,16.32
hoodie,mid,8.5,premium,MX,918,109,14,209,18.91,23.36,19.33
hoodie,mid,8.5,standard,MX,1156,200,31,151,18.74,21.83,19.39
hoodie,basic,7.0,budget,CN,607,127,15,352,9.94,11.14,9.95
hoodie,mid,8.5,budget,US,1686,200,30,287,16.83,20.01,16.3
hoodie,mid,8.5,standard,CN,482,57,31,102,17.3,21.78,17.16
hoodie,mid,8.5,standard,CN,929,120,8,237,16.78,17.68,16.82
hoodie,mid,8.5,premium,MX,990,193,17,220,20.04,26.43,20.83
hoodie,mid,8.5,premium,CN,1272,200,34,44,20.17,21.38,19.32
hoodie,mid,8.5,standard,CN,1444,200,32,188,17.71,21.58,16.97
hoodie,basic,7.0,standard,US,1524,200,14,49,12.71,15.18,13.12
hoodie,basic,7.0,standard,CN,1979,125,25,356,11.45,14.12,11.9
hoodie,basic,7.0,standard,MX,287,52,22,128,12.66,14.25,12.14
hoodie,basic,7.0,budget,CN,1224,106,15,210,10.62,10.81,9.99
hoodie,basic,7.0,standard,CN,1811,200,31,128,11.19,13.17,11.57
hoodie,basic,7.0,standard,CN,1310,200,18,89,11.67,11.37,10.81
hoodie,mid,8.5,standard,CN,137,24,33,24,20.98,21.53,20.19
hoodie,basic,7.0,standard,US,1438,200,31,71,13.08,13.97,12.74
hoodie,basic,7.0,standard,CN,728,181,24,355,11.56,13.22,10.94
hoodie,mid,8.5,standard,CN,518,105,28,301,17.14,18.65,17.68
hoodie,mid,8.5,premium,US,960,184,21,86,23.64,27.12,22.38
hoodie,premium,10.0,standard,MX,1835,179,22,172,25.63,32.6,25.87
hoodie,mid,8.5,standard,CN,698,129,21,127,18.91,19.21,17.57
hoodie,basic,7.0,standard,US,763,44,7,74,13.3,15.23,13.06
hoodie,mid,8.5,standard,CN,479,84,26,184,19.36,19.38,18.25
hoodie,basic,7.0,standard,US,1895,200,43,317,13.41,13.82,12.6
hoodie,basic,7.0,standard,US,806,141,8,210,13.86,16.13,12.97
hoodie,mid,8.5,premium,MX,1018,87,26,33,21.36,26.41,20.94
hoodie,basic,7.0,budget,CN,1611,200,19,294,9.83,12.04,9.43
hoodie,basic,7.0,standard,MX,1349,200,13,289,10.83,13.92,11.37
hoodie,mid,8.5,premium,US,247,31,45,272,26.12,29.6,25.03
hoodie,mid,8.5,standard,CN,525,127,26,82,18.35,19.31,17.15
hoodie,basic,7.0,budget,CN,959,90,29,101,10.71,12.0,10.06
hoodie,premium,10.0,standard,US,1465,200,7,205,32.07,31.53,29.78
hoodie,basic,7.0,budget,CN,1690,90,24,334,10.45,10.75,10.0
hoodie,premium,10.0,budget,US,1179,200,28,15,27.82,31.08,26.38
hoodie,mid,8.5,standard,CN,1810,200,35,66,17.49,18.7,16.5
hoodie,basic,7.0,standard,US,1521,200,28,148,13.86,15.93,13.08
hoodie,basic,7.0,standard,US,404,40,36,158,13.37,15.35,12.97
hoodie,basic,7.0,premium,US,1032,200,34,180,15.55,17.51,15.26
hoodie,mid,8.5,standard,CN,1893,200,32,29,18.42,21.36,18.02
hoodie,basic,7.0,standard,CN,1197,175,26,67,12.62,12.74,11.81
hoodie,mid,8.5,standard,MX,754,57,42,84,18.16,22.24,17.82
hoodie,basic,7.0,budget,MX,1381,200,9,353,10.32,10.98,10.37
hoodie,mid,8.5,standard,US,1202,200,40,333,21.8,22.22,20.95
hoodie,mid,8.5,budget,CN,672,65,31,267,17.23,21.32,16.79
hoodie,premium,10.0,standard,CN,699,125,34,50,28.18,30.37,26.28
hoodie,mid,8.5,standard,CN,1708,200,40,358,18.14,22.62,18.87
hoodie,basic,7.0,premium,US,1277,193,24,85,14.18,18.47,14.48
hoodie,premium,10.0,premium,US,648,158,32,49,37.45,44.79,36.58
hoodie,basic,7.0,standard,CN,778,182,36,48,11.14,13.95,11.71
hoodie,basic,7.0,standard,CN,1356,200,30,112,10.49,12.24,10.86
hoodie,basic,7.0,standard,US,1863,200,41,125,13.85,15.32,13.08
hoodie,mid,8.5,premium,MX,1679,97,44,67,20.53,22.05,20.51
hoodie,premium,10.0,premium,CN,286,39,36,208,32.29,33.9,30.35
hoodie,mid,8.5,premium,MX,1337,200,25,31,19.54,24.03,20.42
hoodie,premium,10.0,premium,CN,614,148,29,66,33.4,38.06,30.95
hoodie,basic,7.0,budget,US,352,80,41,52,12.85,16.13,12.79
hoodie,mid,8.5,budget,US,1811,200,17,357,17.7,21.22,17.86
hoodie,mid,8.5,standard,MX,774,134,21,119,17.17,20.4,17.24
hoodie,basic,7.0,budget,CN,1637,200,20,294,10.09,11.19,9.83
hoodie,basic,7.0,standard,CN,1175,200,15,323,10.86,13.37,11.15
hoodie,mid,8.5,standard,CN,992,76,37,353,16.91,19.51,17.35
hoodie,basic,7.0,budget,US,1046,189,16,67,12.09,12.64,12.01
hoodie,basic,7.0,budget,CN,1473,200,24,252,10.18,11.56,10.28
hoodie,mid,8.5,standard,US,1221,191,38,174,21.99,24.99,21.33
hoodie,premium,10.0,standard,CN,1494,141,20,329,29.92,31.14,27.76
hoodie,basic,7.0,budget,CN,1977,200,43,307,9.27,11.34,9.14
hoodie,mid,8.5,premium,CN,584,67,30,329,21.41,23.18,20.08
hoodie,mid,8.5,budget,US,1065,113,16,208,18.64,24.34,19.54
hoodie,basic,7.0,standard,MX,1249,117,18,83,10.78,13.29,11.06
hoodie,basic,7.0,standard,CN,269,40,24,186,12.79,13.22,12.01
hoodie,mid,8.5,budget,CN,848,147,36,145,16.17,19.64,16.4
hoodie,basic,7.0,standard,CN,1240,200,40,19,12.76,15.13,12.13
hoodie,basic,7.0,standard,CN,876,200,42,284,11.95,14.33,11.59
hoodie,basic,7.0,budget,US,1696,200,33,345,13.17,15.35,12.31
hoodie,basic,7.0,standard,CN,860,68,41,96,12.39,13.85,11.77
hoodie,premium,10.0,premium,CN,865,85,8,304,28.83,35.55,28.24
hoodie,basic,7.0,premium,MX,120,16,23,289,15.52,18.61,14.64
hoodie,premium,10.0,standard,US,1064,85,7,156,30.43,30.77,28.73
hoodie,premium,10.0,standard,CN,256,51,36,165,28.83,32.58,27.77
hoodie,premium,10.0,standard,US,412,60,42,254,27.41,32.01,28.32
hoodie,mid,8.5,budget,CN,1445,182,10,183,16.85,17.93,16.31
hoodie,basic,7.0,budget,CN,122,15,23,295,10.34,11.27,9.74
hoodie,basic,7.0,budget,CN,1014,181,20,106,10.22,12.06,10.01
hoodie,basic,7.0,budget,CN,1099,69,37,58,11.45,12.54,10.66
hoodie,basic,7.0,premium,US,1142,84,24,42,14.5,18.34,14.36
hoodie,mid,8.5,standard,US,532,49,35,291,22.4,27.44,22.03
hoodie,basic,7.0,standard,MX,1402,200,38,338,13.0,13.35,12.33
hoodie,basic,7.0,standard,CN,1801,200,13,327,11.82,13.92,11.33
hoodie,basic,7.0,budget,CN,670,122,22,138,10.24,12.36,9.87
hoodie,basic,7.0,standard,MX,395,55,32,361,12.83,14.49,12.51
hoodie,mid,8.5,budget,CN,1115,200,18,310,16.67,16.69,15.76
hoodie,basic,7.0,standard,CN,207,38,23,230,11.81,13.06,11.81
hoodie,mid,8.5,budget,US,1940,200,26,206,20.22,23.8,19.07
hoodie,mid,8.5,standard,CN,1123,200,33,360,17.71,21.79,18.38
hoodie,mid,8.5,premium,MX,1366,200,23,307,20.18,23.46,19.45
hoodie,basic,7.0,standard,US,1951,200,10,104,12.04,12.47,11.64
hoodie,mid,8.5,standard,CN,232,42,41,20,19.51,19.79,18.23
hoodie,premium,10.0,standard,CN,1689,200,21,180,26.48,31.72,25.78
hoodie,basic,7.0,standard,CN,135,17,37,88,12.02,13.5,11.97
hoodie,basic,7.0,standard,US,422,36,23,191,12.61,15.02,13.26
hoodie,basic,7.0,standard,CN,889,134,27,147,12.21,14.03,11.62
hoodie,basic,7.0,standard,US,397,70,43,237,12.43,14.01,12.82
hoodie,mid,8.5,budget,US,1639,200,13,290,16.51,19.55,16.94
hoodie,basic,7.0,standard,CN,832,162,31,242,11.55,12.35,11.75
hoodie,basic,7.0,standard,CN,1499,200,26,251,11.55,13.72,11.55
hoodie,mid,8.5,budget,US,1196,149,35,58,19.01,22.43,17.81
hoodie,basic,7.0,premium,MX,1399,200,29,93,12.87,15.98,13.23
hoodie,mid,8.5,budget,CN,146,12,40,284,17.15,20.22,16.26
hoodie,mid,8.5,budget,CN,236,14,25,176,16.6,17.52,16.56
hoodie,premium,10.0,standard,US,670,40,43,246,32.61,33.23,30.67
hoodie,mid,8.5,standard,CN,43,12,38,241,19.83,21.2,19.34
hoodie,mid,8.5,budget,MX,440,82,34,271,16.66,21.14,16.91
hoodie,premium,10.0,premium,CN,519,122,34,55,26.61,33.73,26.85
hoodie,premium,10.0,standard,CN,770,108,36,88,26.23,26.68,24.8
hoodie,mid,8.5,standard,CN,548,101,26,251,18.69,19.98,18.39
hoodie,mid,8.5,standard,US,1629,200,25,222,19.05,22.85,18.95
hoodie,basic,7.0,standard,US,1829,200,11,279,13.54,15.31,12.71
hoodie,mid,8.5,budget,CN,1378,200,34,116,15.44,16.83,15.93
hoodie,mid,8.5,budget,CN,942,160,39,16,16.27,17.85,16.46
hoodie,mid,8.5,premium,CN,913,135,22,289,19.49,22.52,19.4
hoodie,basic,7.0,standard,MX,454,62,31,248,12.63,13.19,12.1
hoodie,basic,7.0,premium,CN,200,21,41,135,14.15,15.77,14.04
hoodie,basic,7.0,premium,CN,53,12,19,122,12.82,14.42,13.43
hoodie,basic,7.0,premium,US,1028,200,29,52,13.77,16.07,13.33
hoodie,mid,8.5,premium,US,401,90,10,137,23.54,24.68,23.18
hoodie,basic,7.0,standard,CN,424,59,29,203,11.24,13.79,11.22
hoodie,premium,10.0,budget,CN,1785,197,41,57,24.3,29.77,23.92
hoodie,mid,8.5,premium,MX,1025,141,44,169,21.89,23.71,21.7
hoodie,basic,7.0,standard,US,1666,100,44,91,12.54,15.72,12.66
hoodie,mid,8.5,budget,US,996,73,11,321,17.83,21.36,18.47
hoodie,premium,10.0,standard,CN,251,33,10,284,27.89,33.84,26.45
hoodie,basic,7.0,budget,CN,358,38,42,66,11.35,12.0,10.66
hoodie,mid,8.5,standard,CN,555,62,26,97,18.06,21.92,18.31
hoodie,basic,7.0,standard,CN,1646,200,42,243,11.19,13.32,10.91
hoodie,mid,8.5,budget,US,1844,200,16,327,19.9,20.53,18.81
hoodie,mid,8.5,standard,MX,1406,200,41,224,18.33,21.02,18.48
hoodie,basic,7.0,premium,MX,200,26,28,283,13.43,17.01,13.5
hoodie,basic,7.0,standard,US,1156,81,41,360,14.19,15.92,13.21
hoodie,basic,7.0,standard,CN,85,12,37,259,13.03,12.78,12.12
hoodie,mid,8.5,budget,MX,1500,200,41,31,18.26,19.63,17.1
hoodie,basic,7.0,standard,CN,1858,179,40,84,12.1,12.51,11.62
hoodie,mid,8.5,standard,US,1850,200,40,245,20.89,23.23,19.64
hoodie,mid,8.5,budget,US,38,12,14,235,18.79,22.14,19.07
hoodie,basic,7.0,budget,CN,991,200,9,24,10.0,11.62,10.07
hoodie,basic,7.0,premium,CN,1867,162,10,352,13.37,16.08,13.4
hoodie,basic,7.0,standard,CN,1955,200,7,43,11.31,12.52,10.56
hoodie,mid,8.5,budget,CN,293,35,23,117,17.18,17.82,16.35
hoodie,mid,8.5,premium,US,1411,155,7,86,23.5,28.59,22.69
hoodie,basic,7.0,budget,US,843,148,22,83,11.41,13.97,11.13
hoodie,mid,8.5,standard,CN,1015,200,23,166,18.39,19.6,17.77
hoodie,mid,8.5,standard,MX,233,17,8,241,19.6,22.11,18.76
hoodie,basic,7.0,standard,US,1105,122,20,115,13.17,15.5,12.73
hoodie,basic,7.0,standard,CN,1074,117,36,34,12.0,11.86,11.18
hoodie,basic,7.0,premium,CN,1801,120,32,122,13.02,12.73,12.06
hoodie,basic,7.0,budget,MX,523,126,30,63,10.65,13.87,10.86
hoodie,mid,8.5,standard,CN,1570,200,25,195,17.42,21.93,17.27
hoodie,basic,7.0,premium,US,744,169,22,20,14.43,17.92,14.34
hoodie,basic,7.0,premium,CN,407,95,32,329,13.69,14.72,12.76
hoodie,mid,8.5,standard,US,291,25,26,21,21.9,22.02,20.66
hoodie,mid,8.5,standard,CN,1264,200,23,19,17.93,19.5,17.03
hoodie,basic,7.0,premium,CN,1166,190,29,337,14.05,16.54,13.05
hoodie,mid,8.5,standard,US,929,58,9,127,20.07,24.04,19.54
hoodie,basic,7.0,budget,CN,366,26,41,163,10.39,13.14,10.59
hoodie,mid,8.5,premium,US,1349,81,17,332,21.65,24.07,22.78
hoodie,basic,7.0,budget,CN,28,12,39,265,11.27,12.12,11.17
hoodie,basic,7.0,standard,US,691,83,45,122,14.32,13.97,13.28
hoodie,mid,8.5,budget,CN,1331,200,24,137,16.75,16.6,15.79
hoodie,basic,7.0,standard,US,884,67,38,225,12.87,15.97,13.48
hoodie,premium,10.0,standard,US,494,116,18,180,30.77,33.48,28.82
hoodie,mid,8.5,standard,US,206,19,44,62,21.66,22.47,20.37
hoodie,mid,8.5,standard,US,1286,200,11,172,19.6,23.42,19.99
hoodie,mid,8.5,standard,CN,356,86,30,137,17.66,22.82,18.09
hoodie,basic,7.0,premium,MX,548,124,18,288,14.38,17.08,13.94
hoodie,premium,10.0,standard,US,867,160,39,18,30.74,33.94,30.11
hoodie,basic,7.0,standard,US,125,26,12,220,12.27,13.19,12.31
hoodie,premium,10.0,standard,CN,1778,200,41,258,24.63,31.39,25.27
hoodie,premium,10.0,standard,CN,55,12,30,34,25.96,28.32,25.42
hoodie,mid,8.5,standard,CN,767,133,7,83,16.43,20.25,17.13
hoodie,mid,8.5,premium,CN,1155,73,28,335,20.24,20.64,19.06
hoodie,mid,8.5,standard,CN,401,96,28,200,16.35,19.06,16.39
hoodie,mid,8.5,premium,MX,1853,177,29,57,21.86,23.52,21.03
hoodie,premium,10.0,standard,CN,981,57,29,310,28.44,33.53,26.58
hoodie,basic,7.0,standard,CN,670,63,10,228,11.66,11.71,11.15
hoodie,mid,8.5,standard,US,34,12,11,364,21.06,26.41,22.08
hoodie,mid,8.5,standard,US,72,14,35,47,20.04,25.67,20.94
hoodie,mid,8.5,budget,CN,755,139,39,217,17.46,20.81,16.55
hoodie,premium,10.0,budget,CN,1135,178,13,159,21.73,27.5,21.72
hoodie,basic,7.0,budget,CN,164,14,18,87,11.16,11.0,10.34
hoodie,mid,8.5,budget,CN,1635,200,14,256,16.5,18.86,15.61
hoodie,mid,8.5,standard,CN,1084,200,20,351,16.87,19.14,16.66
hoodie,mid,8.5,standard,US,1222,132,42,217,19.78,21.59,19.1
hoodie,mid,8.5,standard,CN,250,57,12,281,17.79,18.98,17.57
hoodie,mid,8.5,premium,US,1110,200,8,235,21.38,26.87,21.18
hoodie,basic,7.0,standard,CN,1611,200,20,98,11.74,12.05,11.21
hoodie,basic,7.0,standard,US,1371,200,21,218,11.72,15.62,12.26
hoodie,mid,8.5,premium,US,1128,91,8,260,24.14,28.57,22.37
hoodie,basic,7.0,standard,CN,396,78,24,59,11.68,14.81,11.74
hoodie,basic,7.0,budget,CN,1412,200,25,352,9.85,10.69,10.0
hoodie,basic,7.0,budget,CN,1766,200,28,364,10.29,10.93,10.08
hoodie,basic,7.0,standard,US,1513,191,45,315,12.88,14.38,13.49
hoodie,basic,7.0,standard,CN,178,21,26,331,12.49,12.66,11.58
hoodie,mid,8.5,budget,US,530,63,15,240,17.11,20.87,17.98
hoodie,mid,8.5,budget,US,1254,200,32,163,17.74,21.73,17.49
hoodie,basic,7.0,standard,US,294,33,18,130,14.65,17.23,13.58
hoodie,mid,8.5,premium,US,1603,128,12,359,22.7,28.69,22.99
hoodie,basic,7.0,standard,CN,218,17,37,75,12.68,14.12,11.97
hoodie,mid,8.5,premium,MX,345,47,9,343,20.45,22.12,20.54
hoodie,mid,8.5,standard,CN,1570,200,38,76,20.4,22.96,20.04
hoodie,basic,7.0,premium,CN,848,160,12,202,12.01,15.31,11.99
hoodie,basic,7.0,standard,CN,1350,72,27,206,10.95,14.08,11.52
hoodie,premium,10.0,budget,CN,742,70,38,172,22.52,28.09,22.11
hoodie,mid,8.5,budget,US,1591,102,19,224,18.38,19.14,17.5
hoodie,basic,7.0,budget,MX,265,18,16,365,11.37,12.13,10.8
hoodie,mid,8.5,premium,CN,1641,200,43,349,18.28,23.89,19.19
hoodie,mid,8.5,standard,CN,62,12,20,129,17.63,21.47,18.38
hoodie,mid,8.5,budget,US,972,126,10,233,18.87,21.14,17.8
hoodie,mid,8.5,standard,US,680,99,34,346,22.4,24.41,21.41
hoodie,basic,7.0,budget,US,1167,155,29,264,12.17,13.43,11.52
hoodie,mid,8.5,budget,US,654,67,25,52,19.63,20.81,18.54
hoodie,mid,8.5,standard,CN,1613,200,28,88,16.18,17.72,16.02
hoodie,mid,8.5,premium,CN,810,164,38,259,21.21,21.96,20.0
hoodie,mid,8.5,premium,US,46,12,13,15,24.51,29.09,23.85
hoodie,mid,8.5,budget,CN,1626,200,23,16,14.52,18.09,15.05
hoodie,mid,8.5,standard,US,1631,160,21,298,19.19,23.65,19.91
hoodie,basic,7.0,standard,US,263,27,40,322,14.04,15.59,13.19
hoodie,premium,10.0,premium,US,1745,200,36,332,32.03,37.68,31.47
hoodie,mid,8.5,premium,CN,551,127,45,19,20.79,21.36,20.19
hoodie,premium,10.0,standard,CN,342,80,16,363,27.01,32.05,26.43
hoodie,basic,7.0,standard,CN,963,109,38,83,12.66,13.56,12.08
hoodie,mid,8.5,premium,US,1772,200,41,241,23.16,26.38,23.09
hoodie,premium,10.0,premium,CN,928,138,38,252,28.88,31.18,29.63
hoodie,mid,8.5,premium,US,1054,97,38,81,20.97,26.61,21.96
hoodie,basic,7.0,standard,CN,900,136,41,206,11.4,13.66,11.11
hoodie,basic,7.0,standard,CN,1691,200,34,47,13.03,14.3,12.29
hoodie,basic,7.0,budget,US,1098,71,26,345,11.19,13.32,11.77
hoodie,basic,7.0,standard,US,1903,97,30,286,13.92,15.02,13.42
hoodie,mid,8.5,standard,US,1161,126,18,183,23.19,27.77,21.7
hoodie,basic,7.0,standard,US,472,106,35,213,14.43,16.77,13.73
hoodie,basic,7.0,standard,MX,1003,186,39,74,12.06,12.83,11.63
hoodie,mid,8.5,budget,CN,1405,200,44,111,16.67,18.4,16.58
hoodie,mid,8.5,standard,CN,1935,200,23,362,18.11,21.81,18.45
hoodie,basic,7.0,premium,US,1201,182,39,162,14.26,18.12,14.64
hoodie,basic,7.0,standard,CN,1041,200,21,173,10.64,14.04,11.09
hoodie,mid,8.5,standard,CN,708,55,21,336,17.76,19.57,18.44
hoodie,basic,7.0,standard,US,1647,196,13,363,12.85,13.36,12.51
hoodie,basic,7.0,premium,CN,746,163,36,25,12.4,15.46,12.53
hoodie,basic,7.0,budget,US,318,25,20,23,11.82,13.16,11.61
hoodie,premium,10.0,standard,CN,933,85,21,324,25.8,33.89,26.55
hoodie,basic,7.0,standard,CN,116,12,32,94,11.57,12.49,11.24
hoodie,mid,8.5,standard,CN,511,111,27,125,20.12,24.15,19.05
hoodie,mid,8.5,standard,CN,1746,129,17,21,17.97,21.61,17.44
hoodie,mid,8.5,standard,US,996,88,21,38,22.88,23.44,21.46
hoodie,premium,10.0,premium,US,983,104,41,61,33.68,41.16,33.04
hoodie,basic,7.0,standard,CN,1136,200,25,39,11.32,15.03,11.82
hoodie,basic,7.0,standard,MX,1081,152,16,179,11.48,12.81,11.74
hoodie,premium,10.0,budget,US,499,70,22,336,26.12,33.62,27.34
hoodie,mid,8.5,budget,CN,1419,142,7,63,17.41,19.69,16.76
hoodie,basic,7.0,budget,MX,1479,197,9,333,10.02,11.92,10.23
hoodie,mid,8.5,standard,US,1060,200,11,24,23.02,27.2,21.99
hoodie,basic,7.0,standard,US,1126,200,43,355,12.81,12.96,11.91
hoodie,premium,10.0,standard,US,826,195,11,194,29.89,31.06,29.08
hoodie,mid,8.5,premium,CN,1483,200,27,24,19.73,23.88,19.95
hoodie,basic,7.0,premium,US,844,73,27,36,14.3,16.07,13.89
hoodie,basic,7.0,standard,US,1240,71,45,105,13.6,16.46,13.29
hoodie,basic,7.0,budget,CN,656,116,38,23,10.36,10.95,10.31
hoodie,basic,7.0,standard,CN,1859,200,37,119,11.22,13.3,10.66
hoodie,mid,8.5,premium,CN,1521,105,27,317,19.91,25.12,20.72
hoodie,mid,8.5,standard,US,250,34,16,363,21.84,25.09,22.22
hoodie,basic,7.0,premium,US,193,17,7,138,15.51,17.64,15.08
hoodie,basic,7.0,standard,CN,115,24,15,334,10.95,13.07,11.08
hoodie,premium,10.0,standard,CN,262,58,13,364,25.35,30.18,25.7
hoodie,basic,7.0,budget,CN,1400,158,15,267,10.43,12.29,10.28
hoodie,basic,7.0,standard,US,749,46,45,111,14.82,14.85,14.08
hoodie,basic,7.0,standard,US,1145,99,16,20,13.39,16.23,12.73
hoodie,basic,7.0,standard,CN,1163,84,23,307,11.68,13.63,10.91
hoodie,mid,8.5,premium,US,321,40,12,30,23.77,26.39,24.5
hoodie,basic,7.0,budget,US,679,141,9,358,11.41,14.56,11.63
hoodie,mid,8.5,standard,US,828,177,45,166,21.11,25.65,20.06
hoodie,basic,7.0,standard,US,1588,200,37,24,12.72,14.38,12.77
hoodie,mid,8.5,budget,MX,1983,200,32,305,17.35,19.14,16.91
hoodie,mid,8.5,premium,CN,1633,200,14,353,21.38,21.41,20.17
hoodie,basic,7.0,standard,US,1042,161,16,325,12.27,15.27,12.82
hoodie,mid,8.5,standard,MX,850,55,13,284,17.26,20.17,18.14
hoodie,mid,8.5,standard,CN,1683,88,33,60,17.26,18.82,17.8
hoodie,basic,7.0,standard,US,909,200,36,176,13.58,16.8,13.61
hoodie,basic,7.0,budget,CN,598,65,29,28,11.08,11.52,10.28
hoodie,mid,8.5,premium,CN,1207,83,27,204,19.37,21.66,19.11
hoodie,premium,10.0,premium,MX,265,58,15,177,30.03,34.45,29.59
hoodie,basic,7.0,budget,CN,355,17,19,254,9.98,11.63,10.35
hoodie,premium,10.0,budget,US,293,59,13,161,28.55,29.7,26.74
hoodie,basic,7.0,standard,US,1496,200,21,275,13.86,14.93,13.33
hoodie,basic,7.0,standard,US,524,101,14,346,12.43,14.26,12.99
hoodie,premium,10.0,premium,MX,531,86,31,32,31.28,31.79,29.93
hoodie,mid,8.5,budget,MX,764,166,33,264,17.58,19.1,17.52
hoodie,basic,7.0,premium,MX,760,118,32,133,14.42,15.83,13.58
hoodie,basic,7.0,premium,CN,1400,130,35,311,11.76,13.62,11.93
hoodie,mid,8.5,budget,CN,1524,184,38,197,15.56,18.15,15.52
hoodie,premium,10.0,budget,MX,1272,200,11,294,24.48,31.55,25.21
hoodie,basic,7.0,premium,CN,1681,200,12,253,13.51,14.21,13.0
hoodie,mid,8.5,standard,CN,1639,119,44,186,18.41,22.97,18.09
hoodie,mid,8.5,premium,CN,919,68,12,244,20.49,22.0,19.62
hoodie,basic,7.0,standard,MX,946,101,37,185,12.3,13.55,11.57
hoodie,basic,7.0,standard,CN,466,36,41,73,11.57,14.35,11.88
hoodie,basic,7.0,budget,US,587,66,19,180,11.51,14.43,11.69
hoodie,basic,7.0,standard,US,648,142,43,56,14.41,14.94,13.8
hoodie,basic,7.0,premium,US,562,68,23,178,14.43,17.65,14.76
hoodie,mid,8.5,budget,US,1691,144,27,64,17.84,18.81,17.41
hoodie,mid,8.5,budget,US,91,20,9,320,17.67,22.84,18.42
hoodie,mid,8.5,premium,US,1705,113,18,88,20.98,25.65,21.79
hoodie,mid,8.5,standard,CN,197,13,41,256,17.61,17.86,16.44
hoodie,basic,7.0,standard,CN,467,114,20,101,11.23,14.26,11.37
hoodie,mid,8.5,premium,US,1518,200,41,61,23.49,25.83,23.04
hoodie,premium,10.0,budget,CN,1611,200,24,280,22.28,26.52,22.86
hoodie,mid,8.5,standard,US,301,50,34,162,21.3,22.05,19.9
hoodie,premium,10.0,standard,US,674,50,16,220,28.71,33.85,28.83
hoodie,mid,8.5,premium,CN,329,46,25,96,18.4,23.05,19.24
hoodie,basic,7.0,premium,US,828,61,15,276,15.7,17.33,15.49
hoodie,basic,7.0,premium,CN,1139,200,37,131,12.26,13.7,12.06
hoodie,basic,7.0,standard,MX,1516,76,9,269,11.84,13.18,11.03
hoodie,basic,7.0,budget,CN,280,37,44,175,10.02,11.1,10.45
hoodie,premium,10.0,standard,CN,1216,157,38,236,27.08,29.67,26.06
hoodie,mid,8.5,standard,CN,1147,134,42,362,18.32,20.51,17.46
hoodie,basic,7.0,standard,US,664,68,15,160,14.21,15.84,13.57
hoodie,basic,7.0,standard,US,1053,141,25,175,12.45,15.54,12.4
hoodie,mid,8.5,standard,US,1966,200,22,69,19.86,23.9,20.65
hoodie,mid,8.5,budget,MX,398,26,16,208,19.32,21.18,17.99
hoodie,mid,8.5,budget,CN,825,76,27,283,15.45,17.7,15.24
hoodie,basic,7.0,standard,CN,796,120,42,107,12.4,13.33,11.91
hoodie,mid,8.5,budget,CN,761,131,40,280,15.91,17.57,16.44
hoodie,basic,7.0,budget,CN,1910,200,18,181,10.6,10.74,9.97
hoodie,basic,7.0,budget,MX,551,28,42,153,10.54,11.69,10.86
hoodie,mid,8.5,standard,MX,264,55,11,206,18.15,20.72,17.95
hoodie,basic,7.0,premium,US,401,98,8,229,15.84,17.31,15.05
hoodie,mid,8.5,premium,MX,1281,200,37,159,20.99,21.01,19.97
hoodie,premium,10.0,budget,US,1325,200,17,136,25.34,29.18,25.38
hoodie,mid,8.5,budget,US,1388,200,26,214,17.86,23.03,18.09
hoodie,basic,7.0,premium,US,1094,200,27,181,15.37,18.5,15.28
hoodie,mid,8.5,standard,US,1348,154,14,338,20.24,25.61,20.78
hoodie,basic,7.0,standard,US,830,103,44,311,13.39,15.25,13.23
hoodie,basic,7.0,standard,CN,762,67,24,316,11.99,14.24,12.17
hoodie,premium,10.0,standard,MX,976,200,37,328,29.18,31.95,27.44
hoodie,mid,8.5,premium,US,633,31,8,364,22.68,25.17,22.7
hoodie,mid,8.5,standard,US,230,55,22,235,22.03,24.66,21.84
hoodie,basic,7.0,standard,CN,1892,137,25,98,11.52,14.1,11.08
hoodie,basic,7.0,standard,US,1100,92,45,180,12.02,15.14,12.43
hoodie,premium,10.0,standard,MX,255,61,30,309,28.68,30.17,27.26
hoodie,basic,7.0,budget,CN,1907,200,43,357,11.63,13.71,10.89
hoodie,basic,7.0,standard,MX,1841,200,10,182,13.33,14.45,12.48
hoodie,mid,8.5,standard,CN,508,63,45,326,18.45,19.76,18.56
hoodie,basic,7.0,premium,US,1932,180,23,234,13.65,16.54,13.66
hoodie,basic,7.0,standard,CN,722,62,44,34,11.55,13.32,11.86
hoodie,mid,8.5,premium,CN,48,12,38,226,22.62,26.74,22.26
hoodie,mid,8.5,budget,US,530,61,24,229,19.21,19.61,18.44
hoodie,premium,10.0,standard,US,1697,200,29,209,29.37,32.92,27.74
hoodie,basic,7.0,standard,MX,1205,115,23,286,11.46,12.16,11.43
hoodie,basic,7.0,premium,CN,1387,200,34,154,12.68,15.75,12.99
hoodie,mid,8.5,standard,CN,1433,200,28,303,17.03,21.45,17.3
hoodie,basic,7.0,premium,CN,275,62,16,293,12.07,15.42,12.22
hoodie,mid,8.5,standard,MX,518,73,18,214,19.22,20.94,18.99
hoodie,mid,8.5,standard,CN,1271,89,23,208,17.35,18.61,16.86
hoodie,mid,8.5,standard,CN,1697,114,20,332,16.43,19.97,16.27
hoodie,basic,7.0,budget,US,1664,191,26,279,11.33,12.5,11.38
hoodie,basic,7.0,standard,CN,1329,166,21,323,11.08,12.42,11.16
hoodie,basic,7.0,standard,CN,1275,200,22,326,11.87,11.88,11.18
hoodie,mid,8.5,standard,CN,1549,157,20,187,18.08,19.47,17.84
hoodie,basic,7.0,standard,US,89,12,11,71,13.67,15.36,13.37
hoodie,premium,10.0,standard,US,1471,200,14,20,28.11,34.37,29.58
hoodie,mid,8.5,standard,US,678,116,27,171,19.81,22.94,20.67
hoodie,basic,7.0,budget,MX,1458,74,25,17,11.22,11.26,10.56
hoodie,mid,8.5,standard,MX,1495,200,21,228,20.47,22.03,19.24
hoodie,premium,10.0,budget,US,106,13,12,117,27.64,29.64,27.01
hoodie,mid,8.5,standard,CN,1064,89,21,77,17.42,23.04,18.04
hoodie,mid,8.5,standard,CN,1965,200,42,47,19.28,19.99,17.91
hoodie,mid,8.5,standard,US,529,49,16,355,19.72,21.29,19.67
hoodie,mid,8.5,premium,MX,641,145,38,170,23.85,28.29,22.22
hoodie,basic,7.0,standard,CN,1153,138,11,131,10.7,12.38,10.95
hoodie,mid,8.5,standard,MX,1843,200,36,291,19.61,24.17,19.3
hoodie,basic,7.0,standard,CN,881,200,37,330,10.92,13.67,11.15
hoodie,basic,7.0,standard,CN,1194,131,45,314,11.22,12.73,11.6
hoodie,basic,7.0,budget,CN,644,101,13,74,9.75,11.36,9.91
hoodie,mid,8.5,budget,US,1118,200,44,130,19.47,22.52,18.74
hoodie,basic,7.0,budget,CN,1647,188,15,156,10.52,12.82,10.38
hoodie,basic,7.0,budget,CN,976,126,42,184,11.98,12.47,11.26
hoodie,basic,7.0,standard,CN,1698,108,24,35,9.89,13.24,10.37
hoodie,mid,8.5,standard,CN,1371,178,14,70,16.0,18.54,16.76
hoodie,premium,10.0,standard,US,245,27,39,89,32.37,37.5,30.33
hoodie,basic,7.0,standard,CN,1689,200,25,46,11.94,13.74,11.18
hoodie,mid,8.5,premium,CN,186,21,8,323,21.39,24.34,19.94
hoodie,premium,10.0,standard,US,1717,115,21,143,28.67,34.7,27.89
hoodie,basic,7.0,budget,US,299,68,40,344,12.48,14.59,12.86
hoodie,mid,8.5,standard,CN,592,135,37,99,18.12,18.38,17.11
hoodie,mid,8.5,standard,CN,1195,82,27,99,19.44,23.24,18.23
hoodie,premium,10.0,premium,US,36,12,15,359,37.01,45.71,36.35
hoodie,basic,7.0,standard,CN,1386,200,25,18,11.09,14.08,11.26
hoodie,premium,10.0,premium,CN,806,148,36,230,31.4,37.81,30.0
hoodie,basic,7.0,budget,CN,1208,87,15,118,10.04,11.4,10.12
hoodie,basic,7.0,budget,CN,1226,109,8,51,10.65,10.86,9.95
hoodie,premium,10.0,budget,CN,1221,101,39,128,22.96,26.17,23.52
hoodie,basic,7.0,standard,CN,435,23,9,207,11.79,13.83,11.26
hoodie,basic,7.0,premium,CN,1996,200,26,173,12.62,14.25,12.65
hoodie,basic,7.0,standard,MX,336,63,10,20,12.18,13.69,11.57
hoodie,mid,8.5,premium,CN,571,120,28,181,21.38,23.3,20.1
hoodie,mid,8.5,premium,MX,1699,200,39,86,23.81,26.72,22.13
hoodie,basic,7.0,premium,CN,45,12,28,235,14.54,17.22,13.62
hoodie,mid,8.5,budget,MX,1947,200,34,145,15.64,19.47,16.17
hoodie,mid,8.5,budget,CN,849,141,40,324,16.57,18.31,15.93
hoodie,mid,8.5,premium,CN,1991,200,21,164,22.1,22.45,20.54
hoodie,basic,7.0,budget,US,1673,200,19,57,11.75,13.47,11.18
hoodie,basic,7.0,standard,US,962,162,42,49,12.41,13.9,13.02
hoodie,basic,7.0,standard,CN,761,47,23,204,11.7,13.65,11.56
hoodie,mid,8.5,standard,CN,102,19,16,16,19.02,23.29,18.69
hoodie,mid,8.5,standard,CN,1094,200,31,48,20.07,23.54,19.22
hoodie,mid,8.5,standard,CN,1708,130,10,320,17.51,19.36,17.56
hoodie,basic,7.0,budget,US,521,99,32,32,11.87,12.41,11.12
hoodie,basic,7.0,premium,US,1477,200,20,99,15.36,16.09,14.88
hoodie,basic,7.0,standard,US,410,74,9,228,12.77,15.4,12.55
hoodie,basic,7.0,standard,US,319,43,29,259,13.77,17.21,14.09
hoodie,mid,8.5,standard,CN,1008,190,12,151,18.39,22.48,18.76
hoodie,mid,8.5,budget,US,340,25,35,34,18.65,23.86,18.95
hoodie,mid,8.5,premium,US,919,154,37,151,22.64,27.6,23.55
hoodie,premium,10.0,standard,CN,1803,200,34,359,25.66,33.59,26.71
hoodie,basic,7.0,standard,CN,1961,200,28,325,10.64,12.39,11.07
hoodie,basic,7.0,standard,US,1580,200,39,223,12.83,16.26,12.89
hoodie,mid,8.5,budget,CN,151,13,29,127,16.44,19.69,16.56
hoodie,basic,7.0,standard,US,395,20,27,225,13.59,15.74,12.64
hoodie,basic,7.0,budget,CN,316,69,43,265,10.41,11.57,10.1
hoodie,mid,8.5,standard,CN,1856,200,12,35,18.71,19.13,17.88
hoodie,basic,7.0,premium,US,483,37,20,355,13.26,14.91,13.31
hoodie,basic,7.0,standard,CN,1893,192,20,234,10.69,12.8,11.04
hoodie,basic,7.0,budget,MX,377,24,32,126,10.7,12.36,11.01
hoodie,premium,10.0,premium,CN,368,88,21,331,31.16,33.92,30.55
hoodie,mid,8.5,standard,CN,1459,200,45,315,18.03,21.77,18.84
hoodie,basic,7.0,premium,CN,33,12,13,194,14.21,16.93,13.38
hoodie,mid,8.5,budget,CN,1576,200,30,116,15.59,19.01,15.68
hoodie,mid,8.5,standard,MX,154,31,19,334,20.58,24.16,20.13
hoodie,basic,7.0,budget,CN,588,104,28,18,10.45,13.41,10.54
hoodie,mid,8.5,standard,CN,1994,105,33,148,18.53,20.72,17.97
hoodie,mid,8.5,standard,CN,458,105,18,151,18.31,20.28,17.76
hoodie,basic,7.0,premium,US,1969,200,44,235,14.03,15.98,13.69
hoodie,basic,7.0,standard,US,797,130,19,41,12.64,14.58,12.76
hoodie,premium,10.0,standard,US,1539,165,24,171,26.1,31.71,27.14
hoodie,basic,7.0,standard,CN,193,41,31,216,11.93,13.55,11.42
hoodie,mid,8.5,standard,MX,1749,200,45,248,20.07,22.74,19.3
hoodie,basic,7.0,budget,CN,289,48,21,51,11.32,11.5,10.68
hoodie,basic,7.0,premium,US,630,154,7,361,14.77,15.33,14.59
hoodie,mid,8.5,standard,CN,435,101,37,259,17.85,20.75,18.25
hoodie,basic,7.0,standard,CN,87,12,16,36,12.27,13.69,12.24
hoodie,mid,8.5,standard,US,770,146,24,141,20.89,24.76,20.08
hoodie,basic,7.0,standard,CN,266,30,27,142,12.87,14.41,12.02
hoodie,mid,8.5,standard,US,1296,200,17,89,20.69,22.32,20.63
hoodie,basic,7.0,standard,US,479,40,18,154,13.42,16.73,13.19
hoodie,mid,8.5,premium,US,1044,113,19,285,22.29,23.92,20.92
hoodie,premium,10.0,premium,CN,323,36,15,275,27.55,30.61,28.45
hoodie,basic,7.0,budget,CN,1005,135,8,119,10.5,11.64,10.79
hoodie,basic,7.0,premium,CN,866,181,39,33,14.15,17.14,13.92
hoodie,mid,8.5,budget,MX,1216,184,32,134,16.47,17.11,16.19
hoodie,mid,8.5,budget,CN,1764,91,35,214,16.06,19.98,16.08
hoodie,basic,7.0,standard,US,1987,200,42,288,12.89,15.61,12.51
hoodie,mid,8.5,budget,US,744,125,23,340,21.21,23.59,19.65
hoodie,mid,8.5,premium,US,1700,150,17,344,22.79,24.45,22.09
hoodie,premium,10.0,premium,CN,695,156,32,308,29.16,36.19,29.71
hoodie,mid,8.5,budget,MX,1872,193,12,353,15.14,17.59,14.97
hoodie,mid,8.5,standard,MX,539,108,42,200,21.54,24.73,20.46
hoodie,basic,7.0,standard,CN,840,167,39,196,10.94,13.16,11.34
hoodie,premium,10.0,standard,US,236,36,20,229,35.14,41.68,33.34
hoodie,mid,8.5,budget,US,1456,200,27,186,18.06,20.29,18.0
hoodie,basic,7.0,standard,CN,1739,183,21,289,11.84,12.42,11.51
hoodie,mid,8.5,standard,US,343,72,39,46,19.94,24.99,20.89
hoodie,premium,10.0,standard,US,1206,66,9,353,29.25,32.86,28.66
hoodie,premium,10.0,standard,US,1497,200,40,69,31.75,36.78,30.37
hoodie,premium,10.0,standard,US,1210,179,16,218,28.96,35.85,28.84
hoodie,basic,7.0,standard,MX,1166,90,27,287,11.32,13.23,11.36
hoodie,basic,7.0,standard,US,272,50,31,25,14.26,15.81,13.74
hoodie,mid,8.5,standard,US,1542,114,18,38,21.86,23.65,20.7
hoodie,basic,7.0,standard,MX,1730,200,35,332,12.2,12.84,11.74
hoodie,basic,7.0,standard,CN,1826,124,32,98,10.78,12.05,11.04
hoodie,premium,10.0,premium,CN,1588,200,17,308,26.22,32.27,26.86
hoodie,mid,8.5,premium,CN,721,123,22,334,19.07,22.31,19.72
hoodie,basic,7.0,budget,US,1800,200,40,208,11.54,13.84,11.82
hoodie,premium,10.0,standard,US,979,200,42,186,31.06,34.66,30.08
hoodie,basic,7.0,standard,US,1284,118,12,66,13.5,15.44,12.77
hoodie,mid,8.5,standard,CN,125,15,32,247,20.26,20.41,19.41
hoodie,premium,10.0,premium,CN,968,107,28,203,28.23,36.79,29.22
hoodie,basic,7.0,standard,CN,1027,200,24,259,11.77,12.43,11.68
hoodie,premium,10.0,budget,CN,1519,200,42,254,24.28,25.86,22.84
hoodie,basic,7.0,standard,CN,736,68,44,349,12.32,13.33,11.95
hoodie,basic,7.0,standard,CN,1666,167,13,230,10.57,12.38,10.38
hoodie,basic,7.0,premium,US,713,156,34,21,14.04,16.45,14.75
hoodie,basic,7.0,standard,US,492,109,13,14,13.32,15.38,12.65
hoodie,mid,8.5,budget,US,1874,200,23,201,16.48,21.35,17.27
hoodie,mid,8.5,budget,CN,204,24,37,155,16.35,18.2,16.88
hoodie,basic,7.0,budget,US,1992,200,40,42,12.03,12.52,11.78
hoodie,premium,10.0,premium,US,745,152,36,166,34.03,45.15,35.73
hoodie,premium,10.0,standard,CN,1814,200,24,189,25.62,26.89,25.2
hoodie,mid,8.5,standard,US,552,42,8,210,20.91,22.37,20.72
hoodie,mid,8.5,budget,MX,354,70,16,192,17.02,18.6,16.19
hoodie,mid,8.5,budget,CN,69,12,41,160,18.5,18.5,17.23
hoodie,mid,8.5,budget,US,1721,200,11,322,17.63,20.6,17.83
hoodie,basic,7.0,budget,CN,1369,200,26,68,10.52,10.62,9.95
hoodie,mid,8.5,budget,CN,1363,200,11,147,14.99,19.24,15.04
hoodie,basic,7.0,standard,MX,1124,200,42,179,12.11,12.68,12.07
hoodie,premium,10.0,premium,MX,1472,200,25,275,30.05,30.82,28.05
hoodie,basic,7.0,standard,CN,247,47,37,214,11.04,13.09,11.41
hoodie,mid,8.5,budget,CN,352,73,18,198,16.1,19.18,16.29
hoodie,premium,10.0,standard,CN,279,44,44,313,29.46,29.24,27.51
hoodie,basic,7.0,premium,MX,1218,200,7,355,12.47,15.33,12.95
hoodie,basic,7.0,budget,US,1969,200,42,140,12.11,12.65,12.05
hoodie,mid,8.5,premium,US,1760,111,41,250,23.27,25.4,21.86
hoodie,basic,7.0,standard,CN,1409,175,39,100,11.57,14.16,11.55
hoodie,basic,7.0,premium,US,449,77,37,162,15.15,17.76,15.27
hoodie,premium,10.0,standard,US,44,12,15,67,32.99,34.58,31.29
hoodie,basic,7.0,standard,CN,99,12,44,125,12.35,15.73,12.35
hoodie,mid,8.5,budget,US,838,120,18,140,18.74,21.72,18.98
hoodie,basic,7.0,premium,CN,819,63,35,299,13.01,14.95,13.25
hoodie,premium,10.0,premium,MX,1920,200,23,163,28.11,34.37,29.42
hoodie,basic,7.0,standard,CN,1967,200,13,234,10.79,11.38,10.59
hoodie,mid,8.5,standard,CN,143,34,34,318,19.91,19.75,18.6
hoodie,basic,7.0,standard,CN,645,132,26,31,11.46,13.16,11.88
hoodie,basic,7.0,standard,CN,71,12,22,183,11.57,13.26,12.01
hoodie,basic,7.0,premium,US,1235,200,44,307,13.88,15.36,14.31
hoodie,mid,8.5,standard,MX,111,15,41,204,18.18,22.63,18.33
hoodie,mid,8.5,budget,CN,1288,109,44,359,15.6,20.16,16.16
hoodie,basic,7.0,premium,MX,1228,200,10,130,14.24,15.5,13.24
hoodie,basic,7.0,budget,US,1634,109,32,74,11.7,12.05,11.31
hoodie,basic,7.0,standard,US,510,58,9,333,12.55,15.89,12.52
hoodie,basic,7.0,premium,CN,547,29,36,234,12.18,15.79,12.43
hoodie,mid,8.5,budget,MX,293,37,19,261,16.43,17.79,16.45
hoodie,premium,10.0,budget,US,941,96,34,99,25.67,29.72,25.14
hoodie,basic,7.0,standard,US,1542,143,27,306,13.13,15.39,13.36
hoodie,basic,7.0,standard,US,287,35,27,75,13.01,15.15,13.55
hoodie,mid,8.5,premium,CN,609,52,36,177,20.68,24.21,19.88
hoodie,mid,8.5,budget,CN,811,103,18,239,16.82,20.71,16.19
hoodie,basic,7.0,budget,CN,1964,200,30,219,11.01,11.57,10.34
hoodie,basic,7.0,budget,CN,416,46,28,121,10.27,12.61,10.54
hoodie,basic,7.0,budget,US,215,29,44,270,11.84,14.94,11.7
hoodie,mid,8.5,budget,MX,431,54,35,354,18.64,20.33,18.01
hoodie,mid,8.5,premium,CN,1267,100,41,44,20.97,21.85,20.22
hoodie,mid,8.5,standard,CN,1570,200,18,327,18.57,20.33,18.98
hoodie,basic,7.0,standard,CN,370,42,41,163,12.39,12.57,11.67
hoodie,basic,7.0,standard,CN,1789,200,18,289,11.96,13.47,11.37
hoodie,basic,7.0,standard,MX,1721,200,27,158,11.64,14.22,11.74
hoodie,mid,8.5,premium,CN,418,32,24,163,21.54,22.49,20.59
hoodie,basic,7.0,standard,CN,1358,200,8,183,11.85,13.93,11.59
hoodie,mid,8.5,standard,CN,132,26,12,221,18.63,20.41,18.45
hoodie,mid,8.5,budget,CN,1222,120,13,36,16.37,17.06,15.51
hoodie,mid,8.5,standard,US,1002,200,44,160,20.38,24.86,20.64
hoodie,premium,10.0,standard,CN,220,30,30,177,25.94,31.77,27.16
hoodie,premium,10.0,standard,CN,208,19,7,16,24.64,29.56,24.92
hoodie,mid,8.5,budget,US,1824,200,44,307,19.72,22.96,18.73
hoodie,basic,7.0,standard,CN,252,31,44,252,11.98,14.11,11.17
hoodie,basic,7.0,standard,CN,1052,119,35,302,10.86,12.15,10.75
hoodie,basic,7.0,standard,CN,1624,160,20,174,9.86,11.29,10.35
hoodie,basic,7.0,budget,CN,128,26,14,97,10.57,11.59,10.24
hoodie,mid,8.5,premium,CN,334,25,17,56,19.72,21.22,19.76
hoodie,mid,8.5,premium,US,25,12,41,303,25.75,31.75,25.79
hoodie,mid,8.5,standard,US,1730,118,24,43,21.17,22.7,20.28
hoodie,basic,7.0,premium,US,1842,200,42,214,13.63,17.3,14.18
hoodie,basic,7.0,standard,CN,1922,200,45,356,11.01,12.66,11.32
hoodie,premium,10.0,budget,CN,1266,200,44,240,22.56,27.27,23.65
hoodie,mid,8.5,budget,US,881,101,42,251,20.23,21.45,18.98
hoodie,premium,10.0,standard,US,1575,200,22,186,28.19,33.97,26.66
hoodie,basic,7.0,premium,US,705,66,24,169,13.29,16.48,13.15
hoodie,premium,10.0,standard,MX,1075,200,11,298,26.06,30.14,26.93
hoodie,mid,8.5,premium,MX,677,35,41,349,19.92,22.29,20.71
hoodie,premium,10.0,budget,US,1074,200,13,210,26.09,32.95,26.15
hoodie,basic,7.0,standard,CN,872,44,43,302,11.4,11.81,10.9
hoodie,premium,10.0,budget,MX,971,197,32,205,24.07,28.41,24.83
hoodie,basic,7.0,standard,CN,933,165,12,332,12.29,14.52,11.78
hoodie,basic,7.0,standard,US,1795,200,14,25,13.05,14.37,13.18
hoodie,mid,8.5,standard,CN,1740,200,8,35,18.72,22.27,17.47
hoodie,basic,7.0,budget,US,672,94,42,95,11.31,14.98,11.87
hoodie,basic,7.0,budget,MX,133,18,25,281,10.81,12.78,11.3
hoodie,basic,7.0,budget,CN,1723,200,12,59,9.98,11.74,9.72
hoodie,basic,7.0,premium,CN,522,44,39,203,13.22,15.39,12.58
hoodie,mid,8.5,standard,CN,1163,200,7,281,17.47,22.15,17.4
hoodie,mid,8.5,standard,US,861,177,7,207,19.59,21.16,19.47
hoodie,mid,8.5,premium,US,1593,200,16,281,24.35,27.5,22.56
hoodie,premium,10.0,standard,MX,1051,200,32,273,26.32,31.32,26.74
hoodie,mid,8.5,standard,CN,356,41,43,282,17.87,22.73,18.08
hoodie,basic,7.0,premium,CN,1305,160,11,257,12.55,14.24,12.52
hoodie,mid,8.5,premium,CN,1184,91,38,233,20.48,21.3,19.18
hoodie,premium,10.0,standard,MX,1060,101,24,116,29.41,33.98,28.63
hoodie,basic,7.0,budget,MX,1134,187,22,68,11.88,13.6,12.09
hoodie,mid,8.5,premium,US,1593,200,23,292,21.92,26.08,22.37
hoodie,basic,7.0,standard,CN,1261,89,25,102,12.09,13.92,12.03
hoodie,basic,7.0,standard,CN,1393,200,37,65,12.41,14.18,11.81
hoodie,premium,10.0,budget,CN,1777,200,9,328,23.74,24.46,22.1
hoodie,premium,10.0,premium,CN,1179,113,37,147,30.88,37.29,30.11
hoodie,basic,7.0,budget,CN,651,144,41,197,10.63,11.71,11.13
hoodie,mid,8.5,standard,CN,1481,200,26,136,17.36,19.72,17.71
hoodie,basic,7.0,standard,CN,902,102,39,256,11.1,13.89,11.63
hoodie,mid,8.5,standard,US,1535,152,23,50,20.98,20.49,19.44
hoodie,mid,8.5,budget,US,1795,200,10,58,18.08,19.21,18.07
hoodie,mid,8.5,standard,CN,1105,92,12,256,18.94,19.76,17.76
hoodie,premium,10.0,standard,CN,66,13,28,268,26.15,29.16,27.4
hoodie,basic,7.0,budget,MX,99,12,16,228,11.46,12.04,11.02
hoodie,premium,10.0,budget,CN,1260,64,31,288,25.15,28.94,24.44
hoodie,mid,8.5,budget,CN,331,79,33,128,15.68,17.66,15.75
hoodie,basic,7.0,standard,CN,1610,91,37,317,12.24,12.5,11.55
hoodie,basic,7.0,budget,US,491,85,27,80,11.8,14.04,11.17
hoodie,premium,10.0,premium,CN,728,119,16,201,31.62,37.22,30.07
hoodie,mid,8.5,standard,US,279,57,36,259,21.04,25.11,21.89
hoodie,premium,10.0,budget,US,611,116,43,277,26.98,32.87,26.16
hoodie,mid,8.5,budget,CN,1336,200,43,128,15.87,17.67,15.19
hoodie,basic,7.0,standard,CN,374,68,32,287,12.81,15.64,12.35
hoodie,basic,7.0,budget,US,201,35,28,247,12.2,13.02,12.36
hoodie,basic,7.0,premium,MX,1337,127,28,313,13.85,16.26,13.43
hoodie,basic,7.0,standard,CN,1093,167,28,182,11.05,12.14,11.49
hoodie,basic,7.0,standard,US,1295,200,30,307,13.18,14.36,13.28
hoodie,basic,7.0,standard,CN,1280,140,8,212,12.32,13.8,11.65
hoodie,basic,7.0,standard,CN,1990,200,42,20,10.51,13.02,10.83
hoodie,basic,7.0,budget,CN,709,148,44,343,10.23,13.01,10.18
hoodie,mid,8.5,standard,CN,1448,200,37,84,17.43,17.98,16.31
hoodie,mid,8.5,standard,MX,712,70,44,54,21.05,24.64,21.63
hoodie,mid,8.5,standard,US,614,103,30,164,20.05,24.83,19.89
hoodie,basic,7.0,budget,CN,1144,200,16,137,9.6,11.49,9.74
hoodie,basic,7.0,standard,MX,1446,200,38,170,12.3,13.14,12.12
hoodie,basic,7.0,standard,MX,1088,200,31,282,11.95,13.93,11.83
hoodie,basic,7.0,premium,CN,274,51,13,171,13.52,14.38,13.11
hoodie,mid,8.5,standard,CN,1405,131,29,272,16.5,20.74,16.85
hoodie,mid,8.5,budget,MX,703,140,39,161,16.66,20.7,17.29
hoodie,mid,8.5,standard,MX,1106,200,21,286,18.8,20.54,17.54
hoodie,basic,7.0,standard,US,642,72,14,184,12.91,14.6,12.68
hoodie,basic,7.0,premium,MX,1363,78,19,14,12.86,15.74,13.1
hoodie,premium,10.0,standard,CN,225,32,18,285,28.96,32.33,27.48
hoodie,premium,10.0,standard,US,1859,181,9,358,28.89,34.76,29.81
hoodie,mid,8.5,standard,CN,1346,163,41,108,19.62,22.01,19.02
hoodie,premium,10.0,budget,CN,1778,200,12,298,22.81,27.5,23.34
hoodie,mid,8.5,budget,CN,1017,188,41,139,16.6,19.99,15.66
hoodie,mid,8.5,budget,CN,539,85,44,161,16.11,18.34,16.76
hoodie,premium,10.0,budget,US,860,189,24,297,28.38,32.42,28.76
hoodie,mid,8.5,standard,MX,1193,110,15,271,18.92,23.03,18.08
hoodie,premium,10.0,budget,US,1593,171,10,183,26.95,28.81,25.47
hoodie,mid,8.5,budget,US,1772,200,25,192,20.51,22.31,19.33
hoodie,basic,7.0,budget,US,392,88,31,304,12.39,12.7,11.68
hoodie,basic,7.0,standard,MX,775,170,12,281,11.41,13.83,11.03
hoodie,basic,7.0,standard,MX,949,53,16,48,10.85,13.12,11.09
hoodie,mid,8.5,budget,CN,1932,180,39,241,16.17,20.87,16.39
hoodie,mid,8.5,standard,CN,1929,200,17,88,18.06,20.86,16.79
hoodie,mid,8.5,standard,US,40,12,32,162,21.51,25.41,20.74
hoodie,premium,10.0,budget,CN,1026,72,30,359,23.31,25.88,23.74
hoodie,mid,8.5,standard,MX,264,17,34,360,18.71,21.89,19.69
hoodie,basic,7.0,budget,CN,232,41,31,85,10.22,11.92,9.5
hoodie,basic,7.0,standard,US,1037,115,27,189,13.46,16.02,13.34
hoodie,mid,8.5,budget,CN,286,33,39,86,15.78,19.34,15.82
hoodie,basic,7.0,standard,CN,1649,200,23,244,10.84,12.78,10.24
hoodie,premium,10.0,standard,US,891,200,30,124,29.28,32.75,30.19
hoodie,mid,8.5,budget,US,492,94,33,15,19.46,23.45,19.22
hoodie,mid,8.5,premium,CN,1611,200,27,247,19.59,23.08,19.17
hoodie,basic,7.0,budget,CN,730,60,13,280,9.43,11.68,9.35
hoodie,basic,7.0,standard,MX,1251,174,34,116,13.04,13.94,12.15
hoodie,premium,10.0,premium,CN,1817,200,29,138,31.13,35.21,29.89
hoodie,mid,8.5,premium,MX,1719,200,36,330,20.17,23.4,20.49
hoodie,mid,8.5,standard,US,1164,200,29,190,19.8,21.03,19.9
hoodie,mid,8.5,standard,US,1855,186,34,238,18.25,22.55,19.19
hoodie,basic,7.0,budget,CN,1521,200,15,266,10.03,10.56,9.97
hoodie,mid,8.5,budget,MX,916,200,33,134,16.92,21.51,17.65
hoodie,premium,10.0,budget,MX,783,92,45,345,27.61,31.4,26.0
hoodie,premium,10.0,budget,US,1731,200,16,142,26.37,33.62,26.36
hoodie,basic,7.0,budget,US,203,43,13,27,11.23,14.29,11.33
hoodie,premium,10.0,standard,US,234,33,19,18,31.44,31.93,29.95
hoodie,mid,8.5,standard,US,688,35,43,111,19.45,23.43,20.47
hoodie,premium,10.0,budget,MX,1011,96,29,354,24.28,27.63,23.99
hoodie,premium,10.0,standard,MX,616,38,12,213,26.3,29.93,26.52
hoodie,premium,10.0,standard,CN,956,164,37,85,27.71,32.03,26.17
hoodie,basic,7.0,budget,CN,1203,143,34,68,10.33,12.84,10.13
hoodie,mid,8.5,premium,CN,1396,157,13,170,21.75,22.16,20.35
hoodie,basic,7.0,standard,MX,838,188,32,194,12.58,13.24,12.43
hoodie,mid,8.5,budget,CN,311,66,18,111,16.75,19.71,15.67
hoodie,basic,7.0,standard,US,1983,200,14,177,13.3,13.25,12.59
hoodie,basic,7.0,standard,MX,1488,200,28,277,12.2,13.27,11.94
hoodie,mid,8.5,premium,CN,1482,200,32,179,19.9,23.19,20.72
hoodie,basic,7.0,premium,US,488,41,19,77,13.99,15.5,13.13
hoodie,basic,7.0,budget,US,350,51,15,362,10.67,11.81,10.43
hoodie,mid,8.5,standard,CN,702,160,41,91,18.45,21.01,18.94
hoodie,basic,7.0,premium,US,435,74,24,99,14.72,16.25,14.46
hoodie,basic,7.0,standard,CN,1799,111,31,24,11.95,13.45,11.78
hoodie,basic,7.0,budget,MX,286,46,20,337,10.38,12.87,10.88
hoodie,mid,8.5,budget,CN,684,55,45,105,15.86,17.37,15.21
hoodie,mid,8.5,budget,CN,368,44,11,198,15.82,17.4,16.14
hoodie,mid,8.5,budget,CN,856,81,35,289,16.12,19.91,16.1
hoodie,mid,8.5,budget,US,1282,200,41,98,18.75,21.94,18.27
hoodie,premium,10.0,standard,CN,176,29,35,69,26.54,30.37,27.74
hoodie,mid,8.5,standard,CN,540,35,42,318,18.6,21.91,18.14
hoodie,mid,8.5,standard,MX,1369,200,36,176,18.83,19.84,18.13
hoodie,mid,8.5,premium,CN,1841,200,22,357,20.38,21.02,19.47
hoodie,mid,8.5,standard,CN,1032,101,16,17,17.12,21.61,17.78
hoodie,mid,8.5,budget,MX,985,165,37,133,18.9,21.91,17.56
hoodie,mid,8.5,premium,CN,145,32,40,71,23.29,25.44,21.59
hoodie,mid,8.5,standard,CN,781,113,10,66,18.64,21.17,17.8
hoodie,mid,8.5,standard,CN,1190,158,17,343,17.13,21.9,17.63
hoodie,premium,10.0,standard,CN,1101,65,20,84,27.47,33.81,27.26
hoodie,basic,7.0,standard,CN,1923,200,33,236,10.47,13.57,10.72
hoodie,basic,7.0,budget,US,1650,151,44,363,11.52,13.76,11.43
hoodie,basic,7.0,budget,US,719,42,41,103,12.31,15.0,12.49
hoodie,mid,8.5,budget,CN,219,36,23,308,16.45,17.28,15.51
hoodie,mid,8.5,standard,CN,594,41,42,123,17.85,21.35,18.42
hoodie,premium,10.0,budget,CN,1346,200,13,152,23.27,26.47,23.77
hoodie,premium,10.0,standard,CN,1939,200,10,278,24.79,28.91,24.07
hoodie,basic,7.0,premium,CN,974,200,41,317,13.01,14.18,13.45
hoodie,basic,7.0,premium,CN,1009,99,24,136,12.48,13.84,12.5
hoodie,mid,8.5,standard,MX,399,98,10,83,18.91,19.56,18.46
hoodie,premium,10.0,standard,US,845,104,13,199,31.45,35.68,29.15
hoodie,basic,7.0,budget,CN,1426,194,33,158,10.81,13.08,10.62
hoodie,basic,7.0,standard,US,712,149,7,125,13.94,14.07,13.26
hoodie,premium,10.0,budget,US,1441,110,32,192,28.09,28.19,26.65
hoodie,basic,7.0,premium,CN,765,172,39,189,12.73,14.71,12.03
hoodie,mid,8.5,standard,CN,502,114,15,102,16.94,18.75,15.76
hoodie,premium,10.0,standard,CN,1441,200,31,134,26.45,31.61,25.74
hoodie,basic,7.0,budget,CN,476,118,34,74,12.08,12.99,11.27
hoodie,mid,8.5,standard,CN,1346,200,32,75,19.4,23.5,18.57
hoodie,mid,8.5,standard,CN,1668,200,33,210,17.8,21.0,16.52
hoodie,basic,7.0,budget,CN,700,154,28,209,10.91,12.54,10.14
hoodie,basic,7.0,premium,US,1356,187,39,165,14.29,17.34,14.15
hoodie,premium,10.0,budget,CN,924,200,32,170,23.69,25.08,22.58
hoodie,basic,7.0,budget,US,1115,183,21,206,11.91,14.81,11.79
hoodie,mid,8.5,budget,US,1050,160,37,20,19.0,23.57,18.65
hoodie,mid,8.5,premium,US,832,49,27,141,22.93,28.91,23.21
hoodie,premium,10.0,budget,US,27,12,9,51,29.76,34.07,28.83
hoodie,basic,7.0,premium,US,1816,200,19,248,15.67,17.82,14.63
hoodie,premium,10.0,premium,CN,1932,200,22,90,31.12,36.67,29.16
hoodie,basic,7.0,premium,US,373,59,27,97,14.35,15.44,14.57
hoodie,mid,8.5,budget,CN,217,31,26,284,18.07,20.56,17.03
hoodie,mid,8.5,budget,CN,953,179,45,26,17.64,19.45,16.4
hoodie,premium,10.0,budget,US,846,141,45,311,27.13,32.98,27.38
hoodie,mid,8.5,budget,US,1327,200,34,332,18.13,21.99,17.75
hoodie,mid,8.5,budget,CN,1529,200,20,309,15.4,17.9,15.54
hoodie,basic,7.0,standard,US,812,128,9,288,12.04,13.2,12.19
hoodie,basic,7.0,standard,US,704,169,21,74,13.55,16.2,12.91
hoodie,basic,7.0,standard,US,126,16,27,169,13.62,16.72,13.88
hoodie,mid,8.5,budget,CN,469,102,15,133,15.88,18.51,16.31
hoodie,basic,7.0,premium,CN,1595,200,42,48,12.81,15.31,12.68
hoodie,basic,7.0,standard,CN,561,97,28,88,11.31,13.77,11.47
hoodie,basic,7.0,budget,CN,1423,200,40,345,11.28,11.54,10.96
hoodie,mid,8.5,standard,CN,257,25,42,257,19.81,21.16,18.76
hoodie,mid,8.5,budget,CN,1869,157,15,18,17.79,20.9,16.72
hoodie,mid,8.5,standard,US,1165,200,44,198,17.64,20.83,18.56
hoodie,basic,7.0,budget,MX,415,73,21,279,11.77,11.61,10.92
hoodie,basic,7.0,budget,US,1228,64,12,70,11.65,14.12,11.98
hoodie,basic,7.0,standard,CN,1910,96,41,285,11.09,12.39,11.51
hoodie,basic,7.0,standard,US,1213,200,34,201,13.9,15.02,13.17
hoodie,mid,8.5,premium,MX,1242,150,30,202,21.23,22.17,20.89
hoodie,mid,8.5,standard,MX,674,123,17,103,18.94,20.32,18.54
hoodie,basic,7.0,standard,MX,986,61,30,285,11.63,12.98,11.71
hoodie,mid,8.5,budget,CN,568,124,25,214,15.75,17.8,16.02
hoodie,basic,7.0,budget,US,1284,70,13,163,12.59,14.83,11.68
hoodie,premium,10.0,standard,CN,149,25,8,234,26.67,31.19,28.03
hoodie,premium,10.0,premium,CN,1286,119,29,30,31.06,33.4,29.42
hoodie,mid,8.5,budget,CN,1611,193,25,52,18.15,18.18,16.86
hoodie,basic,7.0,premium,CN,1977,168,41,341,12.42,14.97,12.46
hoodie,basic,7.0,premium,US,1186,200,43,18,13.99,15.87,13.41
hoodie,basic,7.0,standard,CN,1858,200,38,90,11.68,13.57,11.53
hoodie,mid,8.5,budget,US,1574,110,15,298,19.89,20.29,18.74
hoodie,basic,7.0,budget,CN,267,44,36,357,11.46,13.01,11.01
hoodie,mid,8.5,budget,US,763,171,24,28,17.79,21.49,17.79
hoodie,basic,7.0,budget,CN,67,12,32,85,12.18,12.33,11.5
hoodie,basic,7.0,premium,MX,1613,177,37,228,12.7,15.35,12.35
hoodie,premium,10.0,standard,CN,1426,200,40,225,23.63,26.39,23.92
hoodie,mid,8.5,standard,CN,1943,200,45,280,18.25,22.69,18.4
hoodie,mid,8.5,standard,US,1368,177,17,196,20.24,21.06,18.74
hoodie,mid,8.5,premium,CN,1466,106,27,127,21.01,21.35,19.5
hoodie,basic,7.0,premium,CN,161,17,39,184,14.7,14.57,13.65
hoodie,basic,7.0,standard,CN,1963,123,18,336,11.68,14.0,11.59
hoodie,basic,7.0,budget,US,950,81,30,168,12.81,14.39,11.98
hoodie,mid,8.5,budget,MX,265,43,23,219,18.04,21.89,17.69
hoodie,mid,8.5,standard,CN,1881,154,26,341,19.29,20.57,18.0
hoodie,mid,8.5,premium,MX,1536,200,28,35,19.49,24.37,20.38
hoodie,mid,8.5,premium,CN,1791,200,7,219,19.49,22.73,19.59
hoodie,basic,7.0,standard,CN,1125,160,10,140,11.25,14.34,11.7
hoodie,basic,7.0,budget,US,1958,200,11,36,11.8,13.38,11.75
hoodie,basic,7.0,premium,CN,914,84,42,255,12.4,14.67,12.09
hoodie,mid,8.5,standard,MX,1539,95,43,339,19.61,21.9,18.26
hoodie,mid,8.5,standard,CN,245,28,24,106,17.33,20.65,18.17
hoodie,mid,8.5,standard,US,1849,200,32,145,19.99,21.75,20.42
hoodie,basic,7.0,budget,US,78,16,7,29,12.33,12.3,11.6
hoodie,mid,8.5,budget,CN,31,12,31,276,18.89,21.79,18.04
hoodie,mid,8.5,standard,CN,496,31,25,317,17.8,19.68,17.75
hoodie,mid,8.5,budget,MX,1372,200,16,71,16.64,18.35,15.8
hoodie,basic,7.0,budget,MX,320,56,38,291,10.71,11.21,10.67
hoodie,basic,7.0,budget,US,1500,200,43,25,13.47,14.28,12.67
hoodie,basic,7.0,standard,CN,1459,117,22,313,10.86,13.49,11.38
hoodie,premium,10.0,premium,US,200,17,23,359,33.48,43.32,34.52
hoodie,basic,7.0,standard,CN,678,90,22,105,10.65,13.35,10.96
hoodie,basic,7.0,premium,US,1498,200,28,170,13.67,15.46,14.02
hoodie,basic,7.0,standard,US,1612,200,33,307,12.55,14.35,12.54
hoodie,premium,10.0,standard,CN,1208,108,8,338,24.64,30.23,25.09
hoodie,basic,7.0,standard,MX,1674,200,35,210,11.43,12.94,11.82
hoodie,basic,7.0,premium,US,506,108,23,257,14.59,16.21,15.0
hoodie,mid,8.5,standard,US,1531,200,45,196,20.61,24.53,21.37
hoodie,basic,7.0,standard,US,187,14,23,89,14.55,15.72,13.73
hoodie,basic,7.0,standard,CN,1716,145,22,82,11.11,13.83,11.13
hoodie,mid,8.5,budget,CN,836,200,45,16,15.63,16.51,15.69
hoodie,mid,8.5,standard,US,447,31,20,150,21.42,22.34,20.04
hoodie,mid,8.5,premium,CN,1737,200,18,38,20.65,23.62,19.23
hoodie,mid,8.5,standard,CN,322,46,39,278,19.33,22.1,18.45
hoodie,basic,7.0,premium,CN,1182,142,45,40,12.92,15.3,12.86
hoodie,basic,7.0,budget,US,783,66,8,116,12.14,12.23,11.39
hoodie,basic,7.0,standard,US,1496,136,25,273,12.58,13.84,11.74
hoodie,basic,7.0,budget,US,920,193,26,302,12.24,12.53,11.6
hoodie,basic,7.0,standard,CN,1538,200,41,106,12.46,14.43,12.18
hoodie,basic,7.0,standard,CN,1633,200,18,100,12.08,12.97,11.6
hoodie,mid,8.5,standard,CN,63,12,16,73,19.95,23.55,19.84
hoodie,mid,8.5,premium,US,1448,200,10,194,23.18,23.62,22.08
hoodie,premium,10.0,standard,CN,1756,107,22,344,27.19,34.79,27.28
hoodie,mid,8.5,budget,CN,110,19,25,45,16.97,18.85,16.75
hoodie,basic,7.0,budget,CN,1212,62,44,116,11.71,12.7,10.86
hoodie,mid,8.5,premium,US,1392,200,27,308,22.16,25.74,22.57
hoodie,premium,10.0,standard,US,498,83,42,308,32.44,36.85,31.63
hoodie,basic,7.0,standard,CN,1311,107,13,279,11.01,14.07,11.17
hoodie,mid,8.5,standard,US,593,136,40,214,20.81,21.44,20.03
hoodie,mid,8.5,standard,CN,619,76,8,262,19.17,22.99,19.14
hoodie,mid,8.5,budget,CN,1028,153,43,41,15.0,19.37,15.67
hoodie,mid,8.5,standard,CN,1447,200,43,241,18.83,22.2,17.68
hoodie,basic,7.0,budget,CN,265,64,10,180,10.22,11.75,10.34
hoodie,basic,7.0,premium,CN,554,133,37,310,13.01,13.85,12.8
hoodie,mid,8.5,standard,CN,487,89,30,79,17.63,22.08,17.7
hoodie,basic,7.0,budget,US,1379,77,25,183,11.05,14.12,11.19
hoodie,basic,7.0,budget,US,1910,200,33,192,13.26,15.58,12.44
hoodie,mid,8.5,premium,MX,546,29,32,352,21.11,25.61,21.81
hoodie,basic,7.0,standard,US,1887,200,42,340,12.53,13.97,12.86
hoodie,basic,7.0,budget,US,1782,200,39,328,11.72,12.66,11.8
hoodie,mid,8.5,budget,US,1108,200,33,86,19.4,21.86,18.63
hoodie,mid,8.5,standard,US,1479,191,37,234,19.76,21.31,19.96
hoodie,basic,7.0,standard,US,1756,200,10,255,14.57,16.65,14.03
hoodie,mid,8.5,standard,US,1195,200,24,336,20.88,25.43,20.53
hoodie,mid,8.5,budget,CN,893,77,43,130,16.81,19.35,16.14
hoodie,basic,7.0,budget,US,1365,181,33,33,12.33,14.71,12.02
hoodie,premium,10.0,standard,CN,482,52,19,191,26.94,29.68,27.56
hoodie,basic,7.0,standard,CN,1844,200,38,215,11.05,12.97,10.58
hoodie,basic,7.0,standard,CN,408,24,40,171,11.84,14.01,11.07
hoodie,mid,8.5,standard,MX,239,28,26,233,19.45,23.69,18.73
hoodie,basic,7.0,budget,US,387,62,18,310,11.25,13.63,11.53
hoodie,premium,10.0,budget,US,135,30,23,270,26.07,30.31,26.83
hoodie,basic,7.0,budget,CN,1829,120,15,228,9.91,11.82,10.41
hoodie,basic,7.0,budget,MX,817,115,39,134,11.69,13.14,11.22
hoodie,basic,7.0,standard,US,1926,187,19,285,12.45,14.31,12.26
hoodie,mid,8.5,standard,US,1410,93,35,91,20.51,25.72,21.07
hoodie,basic,7.0,premium,US,221,19,45,324,15.39,19.32,15.16
hoodie,basic,7.0,budget,CN,1755,200,37,245,10.04,12.5,10.16
hoodie,mid,8.5,budget,US,446,69,39,138,19.65,22.72,19.09
hoodie,mid,8.5,standard,CN,108,13,27,149,17.6,21.51,18.34
hoodie,mid,8.5,budget,CN,918,196,7,293,16.86,18.8,15.66
hoodie,premium,10.0,premium,US,1490,109,39,71,32.88,35.98,32.18
hoodie,basic,7.0,standard,MX,209,24,25,28,13.06,14.99,12.22
hoodie,basic,7.0,premium,US,1279,200,44,42,14.63,15.57,14.77
hoodie,basic,7.0,budget,CN,1031,143,12,296,10.13,11.69,9.96
hoodie,basic,7.0,budget,CN,1037,139,32,41,10.9,12.88,10.23
hoodie,mid,8.5,standard,CN,987,167,32,330,19.31,21.57,18.9
hoodie,premium,10.0,budget,US,849,144,42,23,26.21,30.89,25.64
hoodie,premium,10.0,budget,CN,484,57,8,124,23.65,24.98,23.62
hoodie,mid,8.5,premium,CN,696,43,42,157,22.02,23.9,20.45
hoodie,mid,8.5,standard,US,1035,91,11,253,19.82,24.89,19.66
hoodie,premium,10.0,budget,CN,186,12,14,29,26.06,28.77,25.42
hoodie,basic,7.0,budget,US,364,18,38,128,11.84,13.18,11.6
hoodie,premium,10.0,standard,US,194,12,28,24,31.56,37.47,29.87
hoodie,mid,8.5,standard,US,960,200,18,235,20.85,23.76,20.27
hoodie,basic,7.0,budget,US,817,59,17,268,11.55,12.26,11.31
hoodie,basic,7.0,standard,US,338,26,7,274,13.34,16.89,13.35
hoodie,mid,8.5,budget,CN,374,36,12,223,16.54,17.48,16.64
hoodie,basic,7.0,premium,CN,1514,200,28,176,10.25,13.45,10.53
hoodie,mid,8.5,standard,CN,1441,200,10,282,16.29,20.33,16.36
hoodie,mid,8.5,budget,US,1211,182,45,295,20.45,21.75,19.42
hoodie,basic,7.0,premium,CN,1533,200,41,105,13.76,14.18,12.85
hoodie,mid,8.5,standard,US,1920,200,42,44,20.72,22.94,20.65
hoodie,mid,8.5,budget,US,1801,200,17,336,18.35,23.6,18.88
hoodie,mid,8.5,standard,US,1843,200,38,92,19.05,21.15,18.86
hoodie,premium,10.0,budget,CN,1194,200,21,345,22.46,26.19,23.23
hoodie,basic,7.0,budget,CN,790,143,36,351,9.91,11.93,10.3
hoodie,basic,7.0,premium,CN,242,26,12,176,13.12,14.62,13.56
hoodie,mid,8.5,standard,CN,34,12,41,317,19.51,20.93,19.46
hoodie,mid,8.5,premium,CN,1517,200,33,356,20.11,25.04,20.37
hoodie,basic,7.0,budget,US,152,12,33,270,11.8,14.3,11.47
hoodie,mid,8.5,standard,US,955,200,23,199,20.27,21.26,19.71
hoodie,mid,8.5,standard,US,742,158,16,157,20.4,24.94,21.46
hoodie,premium,10.0,standard,US,46,12,43,100,33.25,38.44,33.67
hoodie,mid,8.5,budget,CN,1498,200,42,128,16.57,19.11,15.73
hoodie,mid,8.5,standard,CN,908,83,40,205,17.76,20.56,18.57
hoodie,mid,8.5,standard,MX,1360,193,17,318,18.0,21.29,17.33
hoodie,premium,10.0,standard,MX,800,52,39,84,26.14,29.53,27.36
hoodie,mid,8.5,standard,US,1790,167,25,72,19.58,22.28,20.19
hoodie,premium,10.0,premium,CN,241,49,19,40,29.9,33.04,29.88
hoodie,mid,8.5,standard,CN,1079,118,33,232,17.42,19.04,17.37
hoodie,premium,10.0,standard,MX,280,62,22,306,29.72,29.79,27.87
hoodie,basic,7.0,budget,MX,1893,200,32,30,10.35,10.95,10.3
hoodie,mid,8.5,standard,CN,1853,200,23,145,19.39,20.53,18.5
hoodie,basic,7.0,budget,CN,180,12,35,21,10.48,12.88,10.15
hoodie,basic,7.0,premium,US,494,41,12,187,14.41,15.92,15.1
hoodie,mid,8.5,budget,CN,901,92,32,131,16.31,17.3,15.95
hoodie,mid,8.5,budget,CN,159,38,23,336,18.14,21.97,17.43
hoodie,basic,7.0,standard,US,1339,125,39,45,13.94,14.41,12.96
hoodie,basic,7.0,budget,US,1258,200,35,196,12.65,15.78,12.36
hoodie,premium,10.0,budget,MX,413,71,8,363,26.11,30.67,24.31
hoodie,mid,8.5,premium,MX,1015,195,25,271,20.78,24.47,19.78
hoodie,mid,8.5,standard,CN,1477,200,19,360,17.85,20.86,16.66
hoodie,premium,10.0,budget,CN,757,155,39,67,24.68,24.95,23.3
hoodie,basic,7.0,standard,US,607,64,27,250,11.79,13.64,12.3
hoodie,basic,7.0,premium,US,80,12,31,304,16.01,16.94,15.04
hoodie,basic,7.0,budget,MX,873,130,36,216,10.05,12.83,10.06
hoodie,basic,7.0,standard,CN,1298,96,15,257,11.37,12.34,10.81
hoodie,mid,8.5,standard,US,1822,200,41,50,20.35,22.09,20.46
hoodie,mid,8.5,budget,CN,1693,200,42,231,18.07,19.03,16.76
hoodie,mid,8.5,standard,CN,800,152,41,238,19.86,20.81,18.52
hoodie,mid,8.5,premium,CN,276,64,34,354,18.58,21.89,19.33
hoodie,basic,7.0,premium,CN,1891,200,26,85,14.02,15.72,13.23
hoodie,mid,8.5,standard,CN,1224,200,43,242,17.83,17.92,16.88
hoodie,mid,8.5,budget,US,1675,200,32,20,19.67,21.83,18.75
hoodie,premium,10.0,standard,MX,579,106,25,303,28.01,30.7,27.41
hoodie,basic,7.0,budget,CN,231,14,29,262,11.07,11.07,10.42
hoodie,mid,8.5,budget,CN,1432,200,39,170,16.21,18.64,16.5
hoodie,basic,7.0,premium,US,1296,139,21,91,15.4,18.31,14.36
hoodie,basic,7.0,premium,US,287,25,22,346,14.73,19.11,15.33
hoodie,mid,8.5,budget,CN,1883,189,17,334,15.21,19.55,15.85
hoodie,mid,8.5,premium,CN,1482,200,37,132,22.06,26.25,20.58
hoodie,basic,7.0,standard,US,912,56,34,223,12.32,14.25,12.81
hoodie,basic,7.0,standard,US,1339,200,42,126,12.65,15.36,12.72
hoodie,mid,8.5,standard,US,1737,101,27,274,21.14,24.92,21.04
hoodie,mid,8.5,standard,US,914,200,21,44,21.48,25.77,20.81
hoodie,basic,7.0,budget,MX,714,124,38,297,11.0,12.6,10.33
hoodie,basic,7.0,standard,US,1303,200,31,301,12.96,15.6,12.89
hoodie,mid,8.5,premium,US,811,96,27,348,23.71,29.48,23.31
hoodie,basic,7.0,standard,CN,1284,200,31,187,12.08,14.34,11.36
hoodie,basic,7.0,budget,CN,332,81,26,293,11.45,11.65,10.75
hoodie,mid,8.5,standard,CN,1256,81,19,272,18.74,22.88,18.28
hoodie,mid,8.5,premium,CN,1802,200,11,284,19.24,23.67,19.88
hoodie,mid,8.5,standard,US,1865,200,32,228,20.0,20.68,19.66
hoodie,mid,8.5,standard,US,240,56,35,40,20.83,23.85,21.69
hoodie,basic,7.0,budget,CN,42,12,19,198,10.42,12.12,10.52
hoodie,premium,10.0,premium,CN,1239,197,29,209,27.65,30.5,28.42
hoodie,basic,7.0,standard,CN,1982,200,27,120,11.32,12.17,11.5
hoodie,mid,8.5,premium,CN,537,46,36,133,20.26,21.37,19.0
hoodie,mid,8.5,budget,US,512,34,23,345,17.5,18.91,17.88
hoodie,basic,7.0,standard,CN,117,12,30,164,11.92,13.98,11.77
hoodie,mid,8.5,premium,MX,731,119,11,342,24.16,27.64,22.85
hoodie,mid,8.5,standard,US,993,200,16,245,21.15,21.35,19.68
hoodie,basic,7.0,standard,CN,1263,200,38,289,11.04,13.07,11.53
hoodie,premium,10.0,standard,US,1670,200,32,49,28.43,34.67,28.59
hoodie,basic,7.0,premium,CN,1891,143,35,331,12.77,13.03,12.32
hoodie,mid,8.5,standard,CN,1153,137,28,48,17.7,19.03,17.11
hoodie,mid,8.5,standard,CN,531,50,14,61,16.94,17.97,16.99
hoodie,basic,7.0,standard,US,837,173,8,211,12.38,13.95,12.45
hoodie,basic,7.0,budget,CN,1268,66,39,295,10.52,12.78,10.97
hoodie,basic,7.0,premium,MX,31,12,34,140,14.0,15.14,13.95
hoodie,mid,8.5,budget,US,1597,131,7,190,16.02,18.23,16.65
hoodie,mid,8.5,standard,US,568,45,10,306,21.61,23.73,21.23
hoodie,premium,10.0,standard,MX,345,84,9,151,28.75,32.89,27.5
hoodie,mid,8.5,budget,MX,418,85,22,356,18.79,21.71,17.51
hoodie,basic,7.0,standard,CN,93,14,17,354,12.27,13.36,12.15
hoodie,premium,10.0,standard,US,1346,190,18,325,29.96,35.8,28.0
hoodie,mid,8.5,standard,CN,275,65,27,201,19.63,21.59,18.76
hoodie,basic,7.0,standard,CN,307,63,36,351,12.02,13.69,11.3
hoodie,mid,8.5,standard,US,1996,200,45,264,21.08,24.87,20.34
hoodie,mid,8.5,standard,CN,1840,142,12,62,17.35,21.24,17.47
hoodie,basic,7.0,premium,CN,1380,200,20,216,12.28,15.72,12.81
hoodie,mid,8.5,budget,CN,1356,200,29,349,15.5,19.3,15.53
hoodie,basic,7.0,premium,MX,1895,191,43,362,13.17,14.52,13.31
hoodie,basic,7.0,budget,MX,418,58,17,52,10.54,13.35,11.08
hoodie,basic,7.0,budget,US,87,12,42,161,12.52,14.29,12.8
hoodie,basic,7.0,premium,CN,1705,142,45,82,13.02,14.91,12.84
hoodie,basic,7.0,budget,US,562,80,17,363,12.54,13.44,12.04
hoodie,premium,10.0,standard,CN,810,187,16,340,24.02,29.87,24.77
hoodie,mid,8.5,standard,US,1166,125,17,268,19.89,22.39,19.47
hoodie,premium,10.0,standard,MX,1948,200,43,142,29.84,35.11,27.75
hoodie,basic,7.0,premium,US,1418,200,35,61,15.24,15.92,14.81
hoodie,mid,8.5,standard,CN,1059,91,23,155,19.38,21.95,18.22
hoodie,mid,8.5,premium,CN,842,190,31,357,18.52,23.42,19.47
hoodie,mid,8.5,standard,MX,597,125,27,54,19.4,21.04,19.78
hoodie,basic,7.0,premium,CN,313,44,21,163,14.14,16.45,13.41
hoodie,basic,7.0,standard,US,178,36,25,166,12.41,13.93,12.51
hoodie,mid,8.5,budget,US,1938,112,37,193,18.21,20.06,18.03
hoodie,basic,7.0,standard,US,379,29,45,182,14.18,15.78,13.89
hoodie,premium,10.0,standard,CN,1945,200,12,52,26.8,29.39,25.12
hoodie,basic,7.0,standard,CN,1757,200,34,323,11.95,13.1,11.32
hoodie,mid,8.5,premium,MX,147,16,39,357,22.92,28.84,23.98
hoodie,premium,10.0,budget,US,1702,200,39,87,26.2,31.16,25.57
hoodie,mid,8.5,premium,MX,660,50,38,151,20.45,22.07,20.26
hoodie,mid,8.5,budget,CN,716,46,32,109,16.27,19.6,16.45
hoodie,mid,8.5,budget,US,1256,142,15,31,18.47,23.22,18.7
hoodie,premium,10.0,standard,CN,1037,128,45,341,26.9,32.41,26.57
hoodie,premium,10.0,premium,CN,651,83,40,199,33.2,35.06,30.88
hoodie,mid,8.5,premium,CN,684,98,45,308,21.02,24.58,20.16
hoodie,premium,10.0,premium,CN,1407,200,41,284,31.77,32.65,30.82
hoodie,basic,7.0,premium,CN,539,71,29,102,12.12,15.68,12.62
hoodie,mid,8.5,budget,US,1094,66,41,115,18.49,18.71,17.81
hoodie,basic,7.0,premium,US,841,46,24,155,14.46,17.38,14.97
hoodie,basic,7.0,premium,US,601,103,16,244,14.59,17.7,14.27
hoodie,basic,7.0,standard,US,931,50,22,168,11.79,13.63,12.12
hoodie,basic,7.0,budget,CN,652,161,8,204,10.39,11.82,9.83
hoodie,basic,7.0,budget,US,1834,200,16,15,9.87,10.88,10.25
hoodie,basic,7.0,premium,CN,1069,200,39,224,12.0,15.13,12.63
hoodie,basic,7.0,standard,CN,1970,200,14,67,11.83,13.13,11.65
hoodie,basic,7.0,standard,US,1082,200,15,264,12.09,14.75,12.5
hoodie,mid,8.5,standard,US,1844,200,7,142,17.97,20.9,17.82
hoodie,mid,8.5,budget,CN,53,12,7,39,19.51,19.97,18.43
hoodie,premium,10.0,budget,CN,42,12,20,200,25.64,30.09,23.82
hoodie,mid,8.5,standard,CN,1068,190,20,155,15.71,17.81,15.92
hoodie,mid,8.5,standard,CN,954,166,31,355,18.55,19.21,17.97
hoodie,mid,8.5,standard,CN,187,24,23,213,18.22,19.93,18.1
hoodie,mid,8.5,budget,CN,1136,87,35,271,16.68,18.16,15.71
hoodie,mid,8.5,premium,CN,624,77,26,273,20.3,26.68,20.85
hoodie,basic,7.0,standard,US,687,75,39,164,13.33,16.72,13.48
hoodie,premium,10.0,standard,US,870,200,19,116,30.62,32.9,29.35
hoodie,basic,7.0,budget,CN,1085,61,19,94,11.03,11.6,10.3
hoodie,basic,7.0,budget,US,1961,200,12,102,11.97,12.76,11.33
hoodie,mid,8.5,budget,US,1497,200,7,344,17.3,22.56,17.84
hoodie,premium,10.0,standard,CN,1414,200,31,346,28.47,30.26,26.7
hoodie,premium,10.0,standard,US,1982,157,27,276,30.29,31.2,29.11
hoodie,basic,7.0,budget,CN,1544,200,37,323,10.39,11.06,9.84
hoodie,basic,7.0,standard,US,1000,200,42,22,14.1,17.35,13.89
hoodie,basic,7.0,standard,CN,459,78,22,41,11.7,14.24,11.53
hoodie,basic,7.0,budget,CN,1183,103,10,253,9.55,10.29,9.8
hoodie,basic,7.0,standard,US,297,35,7,80,13.54,14.98,13.62
hoodie,mid,8.5,standard,CN,1793,200,19,274,18.71,18.94,17.69
hoodie,basic,7.0,budget,CN,1235,200,24,60,11.28,12.22,10.52
hoodie,mid,8.5,budget,CN,1972,200,21,56,15.37,16.29,15.28
hoodie,basic,7.0,budget,CN,261,18,44,208,11.57,13.64,10.84
hoodie,mid,8.5,standard,US,963,154,41,297,19.41,22.26,19.52
hoodie,basic,7.0,standard,MX,911,79,21,70,12.19,13.51,11.71
hoodie,mid,8.5,premium,MX,135,26,30,250,22.66,27.68,22.98
hoodie,mid,8.5,premium,CN,902,48,22,257,19.58,21.4,19.71
hoodie,mid,8.5,premium,CN,1000,177,15,266,19.89,21.39,19.63
hoodie,premium,10.0,standard,CN,1514,200,36,355,25.93,29.16,24.83
hoodie,mid,8.5,premium,MX,1596,200,7,38,18.52,23.15,18.96
hoodie,premium,10.0,standard,CN,605,92,21,236,25.76,29.89,25.41
hoodie,basic,7.0,budget,US,466,78,19,16,12.25,14.55,12.32
hoodie,basic,7.0,budget,US,1643,200,21,68,10.82,11.92,11.27
hoodie,mid,8.5,standard,CN,711,41,37,304,16.5,19.93,17.08
hoodie,basic,7.0,standard,US,1210,87,39,241,11.83,15.6,12.37
hoodie,basic,7.0,standard,US,1315,200,13,127,12.03,14.4,12.61
hoodie,mid,8.5,budget,MX,489,72,43,219,18.96,20.7,17.94
hoodie,mid,8.5,standard,CN,1919,200,22,160,18.35,20.02,17.43
hoodie,basic,7.0,budget,US,1210,87,17,124,12.04,13.78,11.52
hoodie,mid,8.5,standard,US,1696,105,24,220,19.44,22.66,19.17
hoodie,basic,7.0,standard,CN,542,90,20,183,11.03,14.18,11.34
hoodie,premium,10.0,standard,CN,136,28,43,304,28.4,30.12,26.76
hoodie,mid,8.5,budget,US,1916,200,21,15,18.85,19.8,18.74
hoodie,basic,7.0,budget,US,1429,92,37,174,11.19,12.76,11.28
hoodie,mid,8.5,budget,CN,1829,152,22,232,15.93,18.77,16.01
hoodie,mid,8.5,budget,US,1150,98,26,107,18.66,23.88,19.42
hoodie,basic,7.0,standard,US,259,39,25,221,13.98,17.07,13.38
hoodie,mid,8.5,premium,MX,1944,200,7,56,18.73,21.17,19.4
hoodie,mid,8.5,standard,MX,635,54,15,277,20.28,22.06,19.13
hoodie,basic,7.0,standard,MX,284,68,16,74,11.74,13.56,12.17
hoodie,premium,10.0,premium,CN,453,110,12,175,31.44,37.39,30.06
hoodie,basic,7.0,premium,CN,1798,97,35,214,13.19,16.15,12.8
hoodie,basic,7.0,standard,US,586,119,24,18,13.46,15.24,13.75
hoodie,premium,10.0,budget,CN,702,72,9,274,22.05,27.45,22.31
hoodie,mid,8.5,standard,CN,857,124,25,85,18.97,19.33,17.63
hoodie,basic,7.0,premium,US,199,45,36,154,15.07,17.11,14.16
hoodie,basic,7.0,standard,CN,231,31,15,323,11.28,12.68,11.76
hoodie,mid,8.5,standard,CN,1229,115,24,308,16.79,21.87,17.47
hoodie,basic,7.0,standard,US,1306,200,39,109,13.31,16.25,13.4
hoodie,basic,7.0,budget,CN,718,103,24,335,9.79,11.48,9.79
hoodie,basic,7.0,premium,US,1398,200,12,176,14.4,15.89,14.77
hoodie,premium,10.0,budget,US,1060,75,33,248,26.19,33.93,27.18
hoodie,basic,7.0,standard,CN,394,55,29,302,10.76,11.66,10.38
hoodie,basic,7.0,budget,CN,1659,200,12,231,10.06,12.85,10.24
hoodie,basic,7.0,standard,CN,1742,200,13,183,10.51,12.6,10.91
hoodie,basic,7.0,standard,US,1572,126,18,132,12.82,13.42,12.32
hoodie,mid,8.5,standard,CN,890,200,16,141,19.3,20.04,18.48
hoodie,basic,7.0,standard,CN,1480,200,41,266,11.05,12.42,10.67
hoodie,basic,7.0,standard,CN,1174,200,31,40,12.47,13.93,11.73
hoodie,mid,8.5,standard,US,1294,195,45,139,17.18,21.35,17.51
hoodie,basic,7.0,premium,US,228,38,7,330,14.5,16.35,15.21
hoodie,basic,7.0,standard,MX,1700,200,23,303,11.77,13.48,11.87
hoodie,mid,8.5,premium,US,283,66,34,357,25.51,26.46,24.0
hoodie,basic,7.0,standard,CN,806,121,27,305,10.89,13.39,10.85
hoodie,mid,8.5,budget,CN,1798,200,16,161,15.05,16.91,15.17
hoodie,basic,7.0,standard,CN,1069,200,43,313,12.47,12.75,12.13
hoodie,basic,7.0,budget,US,26,12,33,227,14.02,15.05,13.28
hoodie,basic,7.0,standard,CN,865,170,15,167,10.21,13.11,10.47
hoodie,basic,7.0,budget,CN,573,109,43,46,11.2,14.18,11.1
hoodie,basic,7.0,standard,US,493,55,39,325,14.19,17.12,13.71
hoodie,mid,8.5,budget,US,275,28,8,315,18.11,22.72,18.07
hoodie,mid,8.5,budget,CN,1435,200,36,14,16.58,20.79,16.78
hoodie,basic,7.0,standard,US,1980,192,37,254,12.43,13.13,12.11
hoodie,mid,8.5,premium,CN,1519,200,15,176,21.58,23.87,20.31
hoodie,mid,8.5,premium,MX,395,51,22,238,21.34,24.07,20.29
hoodie,mid,8.5,budget,CN,647,49,36,60,15.41,19.01,14.98
hoodie,basic,7.0,standard,CN,1481,200,28,305,11.35,14.68,11.6
hoodie,basic,7.0,standard,CN,1362,200,9,180,12.43,13.27,11.7
hoodie,mid,8.5,premium,US,1689,200,43,325,21.44,23.66,22.21
hoodie,basic,7.0,premium,CN,186,12,41,251,12.65,15.38,13.02
hoodie,basic,7.0,premium,CN,1633,182,13,116,12.21,13.14,11.55
hoodie,premium,10.0,standard,CN,1987,200,39,50,24.1,28.61,24.69
hoodie,basic,7.0,standard,CN,1039,200,13,108,10.91,12.31,10.58
hoodie,mid,8.5,budget,CN,1182,200,38,228,14.64,19.38,15.28
hoodie,mid,8.5,standard,US,1522,105,8,246,21.65,22.56,21.27
hoodie,basic,7.0,premium,CN,1113,180,28,199,13.35,14.52,13.29
hoodie,mid,8.5,premium,US,1577,200,10,280,24.07,24.24,22.43
hoodie,mid,8.5,budget,CN,1995,114,26,269,14.45,17.69,15.11
hoodie,basic,7.0,premium,US,1197,79,33,354,14.87,16.35,14.09
hoodie,premium,10.0,standard,CN,1042,174,19,87,23.18,24.59,23.26
hoodie,basic,7.0,standard,US,1645,200,20,213,13.51,14.3,12.68
hoodie,mid,8.5,standard,US,564,108,18,102,21.66,21.46,20.4
hoodie,premium,10.0,standard,US,537,47,26,241,30.26,31.73,29.21
hoodie,basic,7.0,standard,MX,1200,200,30,307,10.81,13.9,11.26
hoodie,mid,8.5,premium,CN,1097,133,24,292,20.69,24.44,20.56
hoodie,mid,8.5,standard,US,54,12,44,142,22.0,28.34,22.59
hoodie,mid,8.5,budget,US,442,41,19,168,17.34,21.91,18.24
hoodie,premium,10.0,budget,CN,1062,174,25,140,22.67,25.77,22.52
hoodie,mid,8.5,standard,CN,1402,81,26,365,17.94,19.73,17.91
hoodie,mid,8.5,standard,CN,1745,200,34,319,17.5,19.48,16.82
hoodie,basic,7.0,standard,CN,84,18,39,259,13.0,13.96,12.45
hoodie,basic,7.0,standard,CN,716,63,30,51,12.17,15.04,12.04
hoodie,mid,8.5,budget,US,183,43,14,241,17.86,22.92,18.48
hoodie,mid,8.5,standard,CN,1729,99,9,67,17.98,22.2,17.47
hoodie,premium,10.0,standard,CN,1440,200,23,331,25.96,29.23,25.76
hoodie,premium,10.0,budget,MX,1397,144,25,44,24.18,29.52,24.83
hoodie,basic,7.0,premium,CN,1549,78,24,274,13.02,14.61,12.4
hoodie,basic,7.0,standard,CN,1661,155,39,290,10.64,12.63,10.91
hoodie,basic,7.0,budget,MX,1072,97,11,298,10.49,12.44,10.36
hoodie,basic,7.0,premium,CN,1340,195,8,146,13.27,15.46,12.55
hoodie,mid,8.5,budget,US,329,19,24,50,18.14,19.85,18.74
hoodie,basic,7.0,premium,US,1163,200,22,105,14.29,14.89,13.43
hoodie,mid,8.5,budget,CN,1378,200,42,342,16.4,19.25,16.35
hoodie,mid,8.5,standard,CN,590,117,12,63,17.62,20.11,17.54
hoodie,basic,7.0,budget,CN,303,61,41,64,10.63,12.28,10.77
hoodie,mid,8.5,premium,CN,1163,69,41,289,19.54,21.7,20.43
hoodie,mid,8.5,budget,US,1208,196,22,330,18.0,22.22,18.58
hoodie,premium,10.0,budget,US,1789,200,16,114,27.47,29.1,25.98
hoodie,basic,7.0,standard,US,248,40,15,97,14.09,16.02,13.71
hoodie,basic,7.0,standard,US,1241,200,38,129,12.72,13.69,13.0
hoodie,mid,8.5,premium,US,1725,186,40,246,25.3,28.68,23.6
hoodie,mid,8.5,standard,CN,1328,200,33,354,21.38,23.99,19.9
hoodie,basic,7.0,budget,MX,1464,134,13,326,9.61,12.01,9.86
hoodie,mid,8.5,standard,US,1620,200,9,35,17.95,23.08,18.82
hoodie,basic,7.0,standard,CN,794,144,20,210,11.45,13.62,11.05
hoodie,basic,7.0,standard,CN,1838,200,45,265,11.68,14.31,11.87
hoodie,mid,8.5,premium,US,763,39,30,266,22.31,25.89,22.86
hoodie,basic,7.0,standard,CN,1240,171,15,118,10.78,11.26,10.51
hoodie,basic,7.0,budget,CN,1356,200,23,186,10.63,11.75,10.23
hoodie,basic,7.0,standard,US,1858,200,9,333,12.11,15.55,12.4
hoodie,mid,8.5,budget,CN,825,162,45,89,15.46,19.13,15.51
hoodie,mid,8.5,premium,CN,325,74,40,85,21.97,26.09,22.21
hoodie,mid,8.5,standard,CN,1908,118,27,249,17.07,18.37,16.79
hoodie,premium,10.0,budget,CN,234,47,41,320,23.46,27.45,23.73
hoodie,mid,8.5,premium,MX,685,128,12,287,20.72,25.11,20.16
hoodie,basic,7.0,budget,US,369,33,40,201,12.2,15.44,12.35
hoodie,basic,7.0,standard,CN,143,34,30,191,11.71,12.27,11.23
hoodie,premium,10.0,standard,US,1640,172,22,88,29.57,37.1,29.46
hoodie,mid,8.5,standard,US,1259,200,31,176,19.6,24.04,19.88
hoodie,basic,7.0,budget,CN,740,96,14,332,10.68,12.43,10.42
hoodie,mid,8.5,budget,CN,1005,200,32,350,14.95,18.14,15.73
hoodie,premium,10.0,budget,US,222,18,10,111,27.63,31.12,25.93
hoodie,basic,7.0,standard,CN,386,25,43,279,10.15,13.17,10.47
hoodie,basic,7.0,standard,CN,249,58,37,125,10.99,13.02,11.24
hoodie,mid,8.5,budget,MX,74,15,17,338,17.64,22.87,18.03
hoodie,basic,7.0,standard,US,106,12,38,335,13.96,16.19,13.9
hoodie,mid,8.5,standard,US,636,52,41,218,22.77,25.71,21.3
hoodie,mid,8.5,budget,CN,1343,143,24,344,17.88,20.83,16.68
hoodie,mid,8.5,budget,US,1254,123,19,338,18.98,20.83,18.61
hoodie,mid,8.5,standard,US,255,31,7,120,20.15,23.15,20.38
hoodie,basic,7.0,standard,MX,1551,200,31,57,11.92,13.41,12.14
hoodie,basic,7.0,standard,MX,607,89,39,121,11.78,14.22,11.94
hoodie,basic,7.0,premium,MX,974,78,30,140,13.79,16.49,13.22
hoodie,basic,7.0,standard,US,1764,200,44,104,12.77,14.85,12.55
hoodie,basic,7.0,budget,CN,1876,200,14,130,10.17,12.67,9.97
hoodie,basic,7.0,premium,US,398,67,40,189,14.58,15.86,14.83
hoodie,premium,10.0,standard,US,1048,200,32,252,30.19,37.63,30.27
hoodie,mid,8.5,standard,US,812,70,38,33,21.11,25.63,20.88
hoodie,basic,7.0,standard,CN,1278,200,12,62,12.23,12.54,11.49
hoodie,mid,8.5,standard,CN,1139,200,10,202,16.65,19.08,16.4
hoodie,basic,7.0,standard,CN,1274,200,40,210,11.19,13.38,10.98
hoodie,mid,8.5,premium,CN,389,71,42,196,19.35,24.35,19.88
hoodie,basic,7.0,standard,US,1646,87,19,334,13.12,15.74,12.95
hoodie,basic,7.0,standard,MX,1549,200,27,246,11.52,11.59,10.87
hoodie,premium,10.0,standard,CN,386,74,29,117,24.86,27.18,25.1
hoodie,mid,8.5,budget,MX,558,123,10,153,14.82,17.95,15.57
hoodie,mid,8.5,budget,US,1555,200,33,127,19.82,22.25,19.2
hoodie,mid,8.5,standard,US,806,144,25,331,20.57,26.39,21.15
hoodie,mid,8.5,budget,MX,1387,200,26,97,16.47,20.74,17.13
hoodie,basic,7.0,standard,US,1174,185,33,303,12.92,17.19,13.53
hoodie,premium,10.0,budget,CN,1873,200,34,234,25.75,29.28,24.62
hoodie,mid,8.5,budget,US,580,97,22,281,19.41,21.85,18.39
hoodie,basic,7.0,standard,CN,185,26,27,202,11.33,12.76,11.87
hoodie,mid,8.5,budget,MX,491,27,12,34,16.15,19.43,16.26
hoodie,mid,8.5,standard,CN,245,54,23,144,18.64,19.32,17.86
hoodie,mid,8.5,budget,US,1948,200,31,77,19.27,21.67,19.33
hoodie,basic,7.0,budget,US,58,12,39,249,12.99,15.33,12.27
hoodie,basic,7.0,budget,CN,377,93,25,345,11.05,12.05,10.78
hoodie,basic,7.0,budget,US,306,74,26,364,13.6,14.52,12.84
hoodie,basic,7.0,standard,US,1404,198,22,297,12.32,14.02,12.52
hoodie,mid,8.5,standard,CN,871,75,36,196,19.48,24.32,19.06
hoodie,basic,7.0,standard,MX,1804,200,31,245,11.33,13.36,11.6
hoodie,basic,7.0,premium,MX,1425,200,35,100,14.43,16.81,13.68
hoodie,basic,7.0,premium,CN,156,18,37,361,14.07,15.52,13.48
hoodie,basic,7.0,premium,US,1858,200,10,109,13.83,17.08,14.39
hoodie,premium,10.0,premium,US,291,27,35,84,34.4,38.51,35.57
hoodie,premium,10.0,budget,US,1673,131,10,238,27.87,30.86,28.41
hoodie,basic,7.0,standard,US,1938,98,37,92,12.33,15.85,12.72
hoodie,mid,8.5,budget,US,1833,186,10,187,17.12,20.39,17.35
hoodie,basic,7.0,standard,US,547,114,40,20,12.91,13.94,12.77
hoodie,basic,7.0,budget,CN,1201,200,23,170,10.88,12.87,10.62
hoodie,mid,8.5,budget,US,1649,200,12,192,18.79,21.2,18.13
hoodie,premium,10.0,standard,CN,467,46,10,57,26.38,28.6,25.17
hoodie,basic,7.0,budget,CN,816,49,39,35,9.28,11.05,9.21
hoodie,premium,10.0,budget,CN,1649,200,26,262,24.66,25.4,23.33
hoodie,basic,7.0,standard,CN,43,12,10,131,11.58,14.87,11.92
hoodie,premium,10.0,premium,CN,1826,200,30,129,30.16,35.55,28.89
hoodie,mid,8.5,budget,CN,1967,115,21,298,16.18,18.75,16.28
hoodie,mid,8.5,standard,MX,1600,145,19,206,19.19,22.36,18.72
hoodie,mid,8.5,standard,US,922,163,7,83,19.3,23.15,20.04
hoodie,basic,7.0,premium,US,227,12,22,183,17.56,17.65,16.35
hoodie,mid,8.5,standard,CN,347,24,14,307,19.42,23.58,19.34
hoodie,mid,8.5,budget,US,492,51,40,69,19.85,23.34,19.87
hoodie,basic,7.0,budget,CN,799,68,20,227,10.16,11.62,10.59
hoodie,mid,8.5,premium,CN,1087,113,35,283,19.15,20.22,18.95
hoodie,premium,10.0,premium,CN,1418,200,19,348,29.19,38.11,30.06
hoodie,mid,8.5,standard,US,394,48,37,123,21.51,23.79,20.21
hoodie,mid,8.5,standard,CN,1871,200,11,197,16.34,17.8,16.85
hoodie,basic,7.0,premium,CN,507,106,34,235,13.07,13.82,12.66
hoodie,mid,8.5,budget,MX,957,161,35,364,18.79,21.62,17.61
hoodie,basic,7.0,standard,US,1842,200,19,221,12.74,14.66,12.53
hoodie,mid,8.5,standard,US,492,89,30,257,21.44,23.84,21.65
hoodie,mid,8.5,standard,CN,342,82,19,142,17.68,23.06,18.08
hoodie,mid,8.5,premium,MX,248,16,33,270,21.14,26.35,21.05
hoodie,basic,7.0,premium,CN,1027,126,34,158,12.46,14.83,12.47
hoodie,mid,8.5,budget,CN,1175,124,39,55,16.31,19.66,16.28
hoodie,mid,8.5,standard,MX,1214,200,10,52,21.02,24.74,19.68
hoodie,basic,7.0,budget,MX,1660,200,23,337,10.67,11.68,10.64
hoodie,basic,7.0,standard,CN,491,106,44,188,11.66,12.88,11.5
hoodie,premium,10.0,budget,US,1267,103,11,133,25.02,30.47,25.61
hoodie,mid,8.5,premium,CN,111,14,41,147,21.67,25.65,22.53
hoodie,mid,8.5,standard,CN,1699,165,7,133,16.93,20.2,17.1
hoodie,mid,8.5,standard,US,162,14,19,348,20.53,24.96,21.12
hoodie,basic,7.0,premium,US,1158,200,17,162,13.79,17.28,13.82
hoodie,basic,7.0,budget,CN,1201,128,42,164,10.43,12.16,9.94
hoodie,basic,7.0,standard,MX,1486,76,19,218,10.76,12.07,10.91
hoodie,mid,8.5,standard,CN,528,58,44,259,18.4,19.92,18.19
hoodie,mid,8.5,standard,US,1990,200,24,137,21.25,22.14,20.55
hoodie,basic,7.0,budget,CN,1627,200,7,152,9.44,12.02,9.48
hoodie,mid,8.5,budget,MX,1605,200,15,142,17.04,19.0,16.47
hoodie,mid,8.5,standard,CN,1947,200,17,261,16.44,17.02,15.82
hoodie,basic,7.0,budget,MX,1365,200,38,143,11.24,11.7,10.42
hoodie,basic,7.0,standard,MX,1685,200,39,170,12.48,12.83,11.99
hoodie,basic,7.0,standard,CN,1014,164,11,48,12.03,14.0,11.31
hoodie,basic,7.0,standard,CN,954,112,20,54,11.18,11.51,10.86
hoodie,mid,8.5,premium,US,1286,200,30,193,22.46,22.71,21.35
hoodie,mid,8.5,budget,US,1294,103,34,90,18.95,21.81,17.67
hoodie,mid,8.5,premium,US,358,57,26,223,24.34,27.96,24.65
hoodie,basic,7.0,premium,US,1791,129,38,189,14.95,16.68,13.86
hoodie,mid,8.5,budget,CN,739,102,44,198,15.85,20.13,16.01
hoodie,mid,8.5,standard,CN,850,117,20,15,17.1,21.09,17.3
hoodie,mid,8.5,budget,MX,599,99,37,170,18.89,20.85,17.95
hoodie,basic,7.0,standard,CN,1851,200,34,290,11.91,13.96,11.48
hoodie,basic,7.0,standard,CN,903,150,14,201,12.65,14.57,11.93
hoodie,mid,8.5,premium,CN,1233,136,8,217,20.85,23.35,19.33
hoodie,mid,8.5,standard,CN,886,69,32,146,17.54,20.39,17.3
hoodie,mid,8.5,standard,CN,445,85,34,247,18.08,22.58,18.87
hoodie,basic,7.0,standard,US,1806,130,22,323,12.48,16.56,13.05
hoodie,mid,8.5,premium,US,672,37,34,83,21.34,27.71,22.46
hoodie,mid,8.5,budget,US,286,64,26,248,19.83,22.9,20.45
hoodie,basic,7.0,standard,CN,1226,163,8,177,11.03,12.02,11.3
hoodie,basic,7.0,standard,US,378,70,25,215,14.17,16.78,13.28
hoodie,basic,7.0,budget,CN,377,29,7,356,10.58,12.6,10.6
hoodie,mid,8.5,premium,US,1710,200,12,307,20.8,27.18,21.77
hoodie,basic,7.0,standard,US,1524,200,44,342,13.28,16.94,13.46
hoodie,mid,8.5,premium,CN,1062,200,11,108,19.14,23.98,19.99
hoodie,mid,8.5,premium,CN,360,41,39,76,20.94,21.66,20.46
hoodie,premium,10.0,standard,US,931,200,13,131,30.23,34.23,30.41
hoodie,basic,7.0,standard,CN,1306,99,32,224,11.26,12.89,11.78
hoodie,basic,7.0,premium,CN,800,129,42,242,14.1,15.77,13.41
hoodie,premium,10.0,premium,CN,966,53,44,172,32.59,36.09,30.42
hoodie,mid,8.5,standard,CN,1337,75,31,131,16.87,20.11,17.41
hoodie,basic,7.0,standard,US,1332,200,19,77,13.17,15.74,12.72
hoodie,premium,10.0,premium,US,1781,200,7,348,32.5,38.02,32.44
hoodie,mid,8.5,standard,US,606,44,40,202,19.58,25.35,20.41
hoodie,premium,10.0,budget,CN,1433,200,34,138,23.56,28.74,23.52
hoodie,mid,8.5,standard,CN,1141,200,27,365,18.04,19.65,17.15
hoodie,basic,7.0,standard,CN,199,16,9,178,12.4,14.23,11.81
hoodie,mid,8.5,budget,US,814,130,24,274,17.6,22.3,18.39
hoodie,premium,10.0,standard,US,119,26,20,181,31.31,34.77,30.14
hoodie,basic,7.0,standard,US,624,82,30,81,14.05,14.09,13.17
hoodie,premium,10.0,standard,US,845,94,21,123,33.4,38.49,30.94
hoodie,mid,8.5,standard,US,1229,200,24,20,18.79,21.47,18.07
hoodie,premium,10.0,premium,CN,1887,200,23,229,30.06,32.98,28.19
hoodie,mid,8.5,standard,CN,1532,200,15,92,17.65,22.01,17.86
hoodie,basic,7.0,budget,US,1815,150,39,343,12.44,13.64,12.11
hoodie,basic,7.0,budget,CN,1584,166,9,206,11.19,11.34,10.68
hoodie,mid,8.5,budget,CN,995,168,36,62,15.07,20.01,15.71
hoodie,basic,7.0,standard,CN,246,15,13,236,11.7,14.37,11.49
hoodie,basic,7.0,standard,CN,1538,197,14,318,11.21,13.0,10.83
hoodie,mid,8.5,standard,CN,1367,200,36,18,19.74,22.83,18.62
hoodie,premium,10.0,standard,US,380,26,28,225,28.91,35.34,29.77
hoodie,mid,8.5,standard,MX,1446,173,17,199,18.34,19.76,17.99
hoodie,mid,8.5,premium,US,1663,200,24,246,22.44,28.32,22.48
hoodie,mid,8.5,budget,CN,296,16,33,335,16.77,17.22,16.35
hoodie,basic,7.0,standard,CN,458,23,41,169,11.3,14.14,11.28
hoodie,basic,7.0,standard,CN,1755,168,31,63,12.84,13.32,12.15
hoodie,premium,10.0,budget,CN,1988,173,40,106,26.75,27.95,26.03
hoodie,basic,7.0,budget,US,1931,200,23,18,10.89,12.85,10.47
hoodie,mid,8.5,standard,US,1235,200,30,188,22.05,22.73,21.49
hoodie,mid,8.5,budget,MX,1248,200,34,321,16.15,21.15,16.56
hoodie,mid,8.5,standard,US,296,64,7,294,20.21,25.11,20.45
hoodie,basic,7.0,premium,US,120,13,32,160,14.62,16.13,15.2
hoodie,basic,7.0,budget,US,212,47,23,147,13.58,16.11,12.66
hoodie,mid,8.5,premium,CN,733,98,39,305,18.98,24.66,19.38
hoodie,mid,8.5,standard,MX,1780,200,34,107,19.02,21.84,18.45
hoodie,mid,8.5,standard,US,1104,200,15,44,20.19,23.27,19.93
hoodie,basic,7.0,budget,MX,508,126,17,111,10.88,12.57,10.59
hoodie,mid,8.5,premium,MX,1082,200,33,84,20.57,24.27,19.74
hoodie,premium,10.0,budget,CN,1039,104,42,313,21.19,26.43,21.79
hoodie,basic,7.0,budget,MX,416,27,44,248,10.09,11.09,10.42
hoodie,mid,8.5,standard,CN,1789,158,29,67,17.87,19.92,16.82
hoodie,mid,8.5,premium,US,1134,126,34,265,21.24,27.88,22.05
hoodie,basic,7.0,standard,CN,1827,200,12,351,10.78,12.87,10.73
hoodie,mid,8.5,budget,CN,34,12,43,142,16.95,19.5,17.69
hoodie,mid,8.5,budget,CN,227,24,20,162,16.84,18.74,16.74
hoodie,mid,8.5,standard,US,181,32,12,188,19.65,21.14,20.07
hoodie,basic,7.0,budget,US,157,19,26,211,11.93,14.48,12.47
hoodie,mid,8.5,premium,US,181,36,15,258,21.72,24.66,22.34
hoodie,basic,7.0,standard,CN,705,105,8,56,11.28,13.07,10.63
hoodie,basic,7.0,budget,CN,554,94,41,335,10.25,11.04,10.32
hoodie,mid,8.5,standard,CN,1437,200,12,163,18.47,20.31,19.1
hoodie,basic,7.0,premium,CN,242,35,20,107,14.29,15.46,13.29
hoodie,basic,7.0,standard,CN,517,125,7,228,10.99,13.85,11.49
hoodie,premium,10.0,standard,CN,197,17,18,72,27.89,34.75,27.42
hoodie,basic,7.0,standard,US,1086,105,13,208,12.79,15.24,12.24
hoodie,basic,7.0,premium,CN,1485,108,43,83,12.43,13.79,13.02
hoodie,basic,7.0,standard,US,1090,195,16,301,14.3,14.29,13.59
hoodie,mid,8.5,standard,CN,644,149,12,297,17.75,19.68,17.16
hoodie,premium,10.0,premium,CN,1414,200,42,364,27.59,34.97,28.72
hoodie,mid,8.5,standard,US,1159,196,15,46,20.29,25.84,21.32
hoodie,mid,8.5,budget,MX,904,192,19,349,16.71,19.47,16.81
hoodie,basic,7.0,standard,CN,747,152,18,30,12.73,12.84,11.81
hoodie,mid,8.5,standard,MX,1868,200,25,229,18.85,22.45,17.89
hoodie,basic,7.0,budget,MX,880,180,45,333,10.59,12.65,10.08
hoodie,basic,7.0,premium,MX,172,22,29,281,14.72,16.28,13.73
hoodie,premium,10.0,budget,US,805,124,31,23,27.0,29.08,26.12
hoodie,mid,8.5,standard,CN,1618,190,20,34,18.38,19.59,18.1
hoodie,basic,7.0,standard,CN,1537,200,10,18,11.9,12.37,11.39
hoodie,basic,7.0,standard,CN,643,57,17,121,12.33,13.3,11.48
hoodie,premium,10.0,standard,US,614,134,29,110,28.04,36.02,29.03
hoodie,premium,10.0,standard,CN,1190,200,10,89,24.09,28.07,24.13
hoodie,mid,8.5,standard,US,961,168,41,44,20.0,22.27,19.92
hoodie,premium,10.0,budget,MX,247,30,44,327,26.47,28.54,26.13
hoodie,mid,8.5,budget,CN,176,33,36,94,17.85,21.85,17.59
hoodie,basic,7.0,standard,CN,1855,200,32,236,10.55,11.82,10.64
hoodie,mid,8.5,standard,CN,482,27,25,232,16.66,18.9,17.05
hoodie,premium,10.0,premium,CN,40,12,30,122,33.68,36.65,31.86
hoodie,basic,7.0,budget,CN,1650,142,39,265,11.77,14.27,11.21
hoodie,mid,8.5,budget,US,662,49,21,346,17.46,19.96,18.33
hoodie,mid,8.5,standard,CN,72,13,39,268,21.0,26.43,20.7
hoodie,basic,7.0,standard,CN,1767,183,25,224,11.83,11.98,10.99
hoodie,mid,8.5,premium,MX,743,107,34,93,22.7,26.55,22.83
hoodie,basic,7.0,standard,CN,803,92,16,285,10.58,11.76,11.07
hoodie,basic,7.0,standard,MX,845,140,31,215,11.01,13.04,11.4
hoodie,mid,8.5,premium,US,1323,200,30,307,22.82,27.34,21.66
hoodie,mid,8.5,standard,CN,809,102,42,38,19.84,19.51,18.5
hoodie,basic,7.0,standard,CN,1830,126,36,84,11.08,13.5,10.57
hoodie,premium,10.0,premium,CN,665,107,37,330,30.86,39.88,31.43
hoodie,basic,7.0,premium,US,198,14,10,219,14.71,15.86,13.81
hoodie,mid,8.5,standard,CN,1542,200,23,246,15.84,20.08,16.31
hoodie,mid,8.5,budget,CN,740,42,13,300,16.36,17.83,16.15
hoodie,mid,8.5,standard,CN,1938,200,13,325,17.12,20.63,16.91
hoodie,mid,8.5,standard,CN,1098,141,43,155,16.68,19.98,16.98
hoodie,mid,8.5,budget,US,428,71,36,292,17.73,19.41,17.8
hoodie,mid,8.5,standard,CN,1961,200,19,29,17.41,18.85,17.58
hoodie,mid,8.5,premium,MX,1675,200,45,66,21.04,23.74,20.84
hoodie,basic,7.0,premium,US,103,12,14,63,14.1,17.41,13.99
hoodie,basic,7.0,budget,US,1035,158,30,75,11.62,13.99,11.64
hoodie,basic,7.0,standard,MX,1121,101,41,242,11.91,14.14,11.79
hoodie,mid,8.5,budget,CN,735,183,31,257,15.04,18.14,15.78
hoodie,basic,7.0,standard,CN,720,136,43,307,10.64,13.45,10.95
hoodie,basic,7.0,premium,CN,1787,200,36,275,12.5,15.75,13.06
hoodie,basic,7.0,budget,CN,1119,153,14,77,10.1,11.22,9.72
hoodie,mid,8.5,standard,CN,1195,107,40,220,16.22,17.89,16.16
hoodie,basic,7.0,standard,CN,1144,159,33,287,11.06,13.88,11.11
hoodie,basic,7.0,budget,US,1321,200,20,54,12.6,12.74,11.91
hoodie,mid,8.5,budget,US,1739,153,32,341,18.29,20.24,17.06
hoodie,premium,10.0,standard,CN,1448,106,31,122,25.45,28.79,26.48
hoodie,mid,8.5,standard,CN,1179,200,19,16,18.4,20.5,17.26
hoodie,mid,8.5,standard,CN,1297,200,13,75,17.46,18.61,17.18
hoodie,basic,7.0,standard,CN,456,49,10,335,11.4,11.43,10.73
hoodie,premium,10.0,budget,US,507,85,42,327,28.8,33.12,27.92
hoodie,mid,8.5,standard,CN,1011,154,45,267,20.71,21.55,19.68
hoodie,mid,8.5,standard,CN,1333,200,20,236,18.7,20.3,17.89
hoodie,mid,8.5,budget,CN,981,68,39,362,17.2,17.56,16.05
hoodie,mid,8.5,standard,MX,1970,128,19,339,18.59,20.09,18.82
hoodie,basic,7.0,budget,CN,455,26,36,244,11.08,11.29,10.48
hoodie,mid,8.5,standard,US,426,46,38,276,21.91,24.37,21.04
hoodie,basic,7.0,standard,CN,275,58,15,110,11.89,14.45,12.09
hoodie,basic,7.0,premium,CN,1180,174,39,129,12.8,15.09,12.98
hoodie,basic,7.0,budget,CN,1812,200,10,128,10.29,10.94,9.95
hoodie,basic,7.0,budget,US,944,200,36,344,12.42,14.06,11.75
hoodie,basic,7.0,standard,MX,1918,200,18,349,11.48,12.91,11.84
hoodie,mid,8.5,standard,US,944,143,22,59,20.87,22.3,20.6
hoodie,basic,7.0,standard,US,864,138,23,128,12.11,15.09,12.42
hoodie,mid,8.5,standard,US,561,121,29,352,20.47,24.75,20.85
hoodie,basic,7.0,premium,US,1357,94,32,62,14.43,16.44,14.18
hoodie,mid,8.5,budget,CN,1540,200,17,330,15.51,19.25,16.05
hoodie,basic,7.0,budget,MX,573,82,13,189,10.99,11.97,10.53
hoodie,basic,7.0,premium,CN,1452,170,30,274,13.05,13.12,12.15
hoodie,basic,7.0,budget,US,616,38,20,270,11.12,14.04,11.67
hoodie,mid,8.5,budget,CN,1780,200,45,288,17.09,17.9,16.49
hoodie,premium,10.0,premium,CN,873,179,42,15,29.37,36.83,29.93
hoodie,mid,8.5,budget,CN,722,119,25,204,14.67,19.59,15.44
hoodie,mid,8.5,standard,MX,991,150,29,122,17.68,21.64,17.25
hoodie,mid,8.5,standard,US,561,109,28,268,20.58,22.66,20.94
hoodie,basic,7.0,standard,US,261,42,12,22,12.39,13.47,12.75
hoodie,basic,7.0,standard,CN,1548,200,8,241,10.82,12.88,10.83
hoodie,premium,10.0,budget,US,219,12,45,337,28.48,33.61,27.24
hoodie,basic,7.0,standard,CN,298,48,29,106,13.06,15.73,12.42
hoodie,basic,7.0,budget,CN,297,47,22,139,10.18,12.82,10.52
hoodie,basic,7.0,standard,CN,1354,200,42,229,10.71,14.16,11.19
hoodie,mid,8.5,standard,US,1088,200,32,14,19.72,23.11,20.74
hoodie,basic,7.0,standard,CN,760,185,26,62,11.48,14.95,11.83
hoodie,mid,8.5,premium,CN,1541,139,37,37,20.75,23.2,20.24
hoodie,basic,7.0,budget,CN,1091,200,10,220,9.4,10.89,9.44
hoodie,premium,10.0,budget,CN,336,63,24,14,24.85,30.44,25.65
hoodie,mid,8.5,standard,US,982,200,33,150,19.15,22.52,19.36
hoodie,mid,8.5,standard,CN,1684,200,26,246,18.08,18.42,16.93
hoodie,mid,8.5,budget,CN,310,36,40,26,16.21,17.06,15.8
hoodie,mid,8.5,standard,CN,792,162,21,344,18.42,19.93,18.39
hoodie,mid,8.5,budget,US,305,28,36,320,19.8,22.29,19.05
hoodie,basic,7.0,standard,CN,1302,198,28,276,11.2,13.59,11.1
hoodie,basic,7.0,budget,US,618,32,22,286,12.09,14.33,11.56
hoodie,basic,7.0,premium,CN,1553,200,11,55,12.19,12.83,11.78
hoodie,mid,8.5,budget,CN,1314,200,30,98,15.42,17.9,15.61
hoodie,basic,7.0,premium,CN,376,25,11,329,12.78,13.45,12.62
hoodie,mid,8.5,standard,CN,328,59,22,305,19.79,22.51,18.98
hoodie,basic,7.0,standard,CN,241,45,9,248,9.86,11.83,10.17
hoodie,mid,8.5,standard,MX,969,69,20,347,20.69,24.31,19.22
hoodie,premium,10.0,premium,CN,338,82,15,28,29.73,32.3,29.66
hoodie,basic,7.0,premium,US,1227,152,40,332,15.21,16.35,14.62
hoodie,premium,10.0,budget,US,281,35,22,28,27.89,33.29,27.79
hoodie,mid,8.5,premium,CN,1099,88,21,46,20.1,23.49,19.21
hoodie,mid,8.5,premium,CN,511,47,23,216,20.38,24.5,20.15
hoodie,mid,8.5,premium,CN,997,200,27,298,19.49,21.82,19.19
hoodie,mid,8.5,standard,MX,822,148,42,195,17.84,21.24,18.71
hoodie,premium,10.0,standard,US,1121,143,18,129,30.57,30.52,28.78
hoodie,premium,10.0,premium,MX,1194,200,41,16,29.98,38.2,30.42
hoodie,basic,7.0,standard,MX,133,12,34,106,12.28,13.89,12.35
hoodie,mid,8.5,standard,US,1013,170,32,112,20.84,21.81,20.25
hoodie,basic,7.0,standard,US,658,92,10,347,13.83,16.22,12.96
hoodie,premium,10.0,standard,US,108,26,18,156,32.85,36.31,31.76
hoodie,mid,8.5,standard,CN,1554,200,34,347,18.18,20.59,17.26
hoodie,mid,8.5,standard,US,1181,149,23,273,20.83,25.37,19.87
hoodie,mid,8.5,premium,CN,1708,107,13,293,18.07,21.73,18.94
hoodie,premium,10.0,standard,MX,1224,165,23,351,30.7,30.62,29.01
hoodie,mid,8.5,standard,US,1706,200,42,105,19.02,21.29,19.67
hoodie,mid,8.5,standard,CN,1662,151,8,334,16.91,20.63,16.22
hoodie,basic,7.0,premium,CN,383,71,19,360,13.03,12.95,12.17
hoodie,premium,10.0,standard,CN,1563,186,21,96,25.54,28.5,24.59
hoodie,basic,7.0,standard,US,127,29,20,252,12.89,14.83,12.49
hoodie,basic,7.0,premium,US,993,134,27,316,15.16,17.77,14.26
hoodie,basic,7.0,standard,US,1009,122,35,142,13.75,15.65,13.25
hoodie,basic,7.0,standard,US,539,62,33,83,14.06,15.35,13.29
hoodie,basic,7.0,standard,CN,1408,200,7,67,11.29,13.16,10.82
hoodie,basic,7.0,budget,CN,55,13,45,255,10.89,11.61,10.73
hoodie,mid,8.5,premium,US,1197,121,28,363,21.92,24.2,21.79
hoodie,basic,7.0,standard,CN,1927,200,13,245,10.94,11.87,10.79
hoodie,mid,8.5,standard,US,1422,110,33,314,22.09,22.54,21.04
hoodie,mid,8.5,standard,US,535,57,21,273,20.83,22.15,20.4
hoodie,basic,7.0,standard,CN,909,114,19,260,11.22,12.26,11.02
hoodie,premium,10.0,standard,CN,1336,200,24,115,23.51,27.17,23.94
hoodie,mid,8.5,premium,MX,1114,69,39,14,21.94,25.28,21.14
hoodie,premium,10.0,standard,US,1312,166,17,261,27.85,30.6,27.56
hoodie,mid,8.5,budget,US,1391,200,16,106,19.86,24.49,19.38
hoodie,basic,7.0,standard,MX,1990,200,19,221,11.35,12.56,11.53
hoodie,basic,7.0,standard,CN,1276,158,37,230,11.73,14.13,11.87
hoodie,mid,8.5,standard,MX,1993,200,14,100,17.73,21.11,17.29
hoodie,premium,10.0,budget,CN,550,96,45,325,26.62,28.34,25.94
hoodie,mid,8.5,standard,CN,1257,200,17,297,18.54,22.41,17.54
hoodie,basic,7.0,budget,CN,539,111,23,197,9.65,11.87,9.53
hoodie,basic,7.0,budget,CN,311,22,32,48,10.19,13.09,10.46
hoodie,mid,8.5,budget,US,52,12,18,253,21.13,21.6,20.51
hoodie,mid,8.5,budget,CN,1557,200,8,263,18.11,20.54,16.78
hoodie,basic,7.0,premium,CN,1478,113,15,143,12.58,15.31,12.4
hoodie,mid,8.5,standard,CN,900,173,28,36,19.21,19.38,18.14
hoodie,basic,7.0,standard,CN,1445,104,13,246,10.55,11.6,10.56
hoodie,basic,7.0,budget,US,1162,200,45,292,12.72,15.37,12.33
hoodie,premium,10.0,budget,CN,715,57,20,223,23.19,26.66,23.54
hoodie,premium,10.0,standard,CN,1542,161,23,111,27.36,31.72,25.74
hoodie,basic,7.0,budget,MX,1515,200,38,76,11.38,13.06,10.83
hoodie,basic,7.0,premium,CN,1895,116,34,67,13.27,15.09,13.36
hoodie,mid,8.5,standard,MX,1211,200,24,253,20.46,23.9,19.89
hoodie,basic,7.0,budget,US,1586,193,28,178,11.65,13.0,11.55
hoodie,basic,7.0,standard,CN,956,200,17,266,10.97,13.58,10.68
hoodie,basic,7.0,standard,MX,349,53,40,305,11.49,13.14,11.79
hoodie,mid,8.5,budget,US,228,40,9,276,18.09,22.96,18.18
hoodie,basic,7.0,premium,CN,1190,199,39,337,13.39,15.46,12.91
hoodie,mid,8.5,premium,MX,1094,200,42,292,20.2,24.64,20.92
hoodie,basic,7.0,standard,CN,1643,131,35,71,11.88,13.69,11.07
hoodie,mid,8.5,premium,MX,1468,98,34,141,21.25,21.92,20.81
hoodie,mid,8.5,standard,CN,916,83,44,106,18.42,18.74,17.23
hoodie,mid,8.5,budget,US,819,69,20,286,19.29,19.64,18.5
hoodie,mid,8.5,budget,US,1105,200,28,37,17.25,21.62,18.07
hoodie,premium,10.0,standard,US,713,128,38,187,30.76,37.24,31.8
hoodie,mid,8.5,budget,MX,1287,70,32,221,15.97,19.9,16.27
hoodie,basic,7.0,standard,MX,249,55,7,79,12.24,14.41,12.07
hoodie,basic,7.0,premium,CN,1961,200,23,315,13.55,14.05,13.01
hoodie,mid,8.5,standard,MX,1199,192,31,250,17.43,22.12,18.32
hoodie,basic,7.0,standard,MX,370,76,37,192,12.63,13.19,11.95
hoodie,mid,8.5,standard,MX,1406,200,21,91,16.65,21.18,17.14
hoodie,mid,8.5,budget,CN,1617,139,16,237,14.55,16.44,15.25
hoodie,mid,8.5,standard,CN,1611,160,27,182,18.5,23.41,18.39
hoodie,premium,10.0,premium,US,673,71,37,315,34.02,40.2,32.4
hoodie,premium,10.0,budget,CN,987,173,14,132,24.78,29.87,23.88
hoodie,basic,7.0,standard,CN,867,71,27,249,10.58,11.57,10.86
hoodie,premium,10.0,standard,US,612,65,32,180,29.78,32.06,30.52
hoodie,mid,8.5,premium,CN,441,108,13,309,19.21,24.58,20.11
hoodie,premium,10.0,budget,MX,1009,200,37,268,24.45,29.16,24.31
hoodie,basic,7.0,budget,CN,1546,200,15,71,10.18,11.4,9.89
hoodie,premium,10.0,standard,CN,1705,200,30,102,24.78,28.45,24.45
hoodie,basic,7.0,standard,CN,360,87,43,111,11.31,14.01,11.07
hoodie,mid,8.5,standard,US,1424,200,12,220,19.55,20.42,18.91
hoodie,premium,10.0,standard,MX,1273,134,18,23,25.68,32.97,26.52
hoodie,basic,7.0,standard,CN,408,46,26,169,11.56,12.71,11.84
hoodie,premium,10.0,standard,CN,295,71,12,193,27.2,30.86,25.5
hoodie,basic,7.0,premium,US,204,33,15,19,15.6,15.83,14.71
hoodie,basic,7.0,standard,CN,612,67,19,314,12.47,12.92,12.23
hoodie,mid,8.5,budget,CN,667,54,23,302,17.06,20.37,16.5
hoodie,mid,8.5,budget,CN,1232,200,13,309,16.76,19.59,15.62
hoodie,basic,7.0,premium,US,707,109,20,265,15.46,16.88,15.2
hoodie,basic,7.0,standard,CN,838,149,16,114,11.24,12.3,11.21
hoodie,basic,7.0,standard,US,637,124,18,26,12.91,15.41,13.34
hoodie,mid,8.5,standard,CN,269,15,32,249,18.45,19.34,17.53
hoodie,premium,10.0,premium,CN,91,12,28,78,31.9,34.59,30.46
hoodie,basic,7.0,budget,US,524,64,28,44,11.78,12.53,11.72
hoodie,basic,7.0,budget,US,668,78,24,17,11.83,12.44,11.68
hoodie,mid,8.5,standard,MX,1011,165,40,245,20.63,25.01,19.86
hoodie,mid,8.5,budget,CN,160,29,40,223,15.99,18.42,16.03
hoodie,mid,8.5,premium,MX,1995,200,10,26,21.18,22.98,20.43
hoodie,basic,7.0,premium,MX,96,12,20,109,15.45,17.6,14.82
hoodie,basic,7.0,premium,MX,83,17,7,80,14.14,15.98,13.17
hoodie,basic,7.0,premium,US,1872,125,26,305,15.32,17.59,14.39
hoodie,basic,7.0,budget,US,516,77,33,19,12.06,13.21,11.63
hoodie,mid,8.5,budget,CN,1387,158,24,303,15.72,17.78,15.52
hoodie,premium,10.0,standard,MX,1780,200,20,220,26.83,35.13,27.65
hoodie,mid,8.5,standard,CN,484,38,25,217,17.15,20.3,16.9
hoodie,mid,8.5,standard,US,282,59,30,258,19.98,22.22,20.81
hoodie,mid,8.5,premium,CN,1558,200,38,247,20.2,23.41,19.7
hoodie,premium,10.0,standard,CN,801,164,9,49,28.06,31.91,26.49
hoodie,basic,7.0,premium,CN,406,40,42,49,13.07,16.13,12.96
hoodie,premium,10.0,standard,CN,148,29,21,169,24.33,30.67,24.94
hoodie,premium,10.0,budget,CN,1079,186,18,140,23.02,24.97,21.76
hoodie,basic,7.0,standard,CN,900,154,35,296,10.96,12.32,11.48
hoodie,mid,8.5,budget,US,439,69,40,138,20.97,20.74,19.75
hoodie,mid,8.5,budget,US,182,23,24,140,18.27,22.2,18.35
hoodie,basic,7.0,standard,MX,1076,69,8,95,12.19,12.69,11.29
hoodie,basic,7.0,budget,CN,1424,200,26,160,10.08,12.17,9.84
hoodie,mid,8.5,premium,CN,1322,152,22,217,19.16,24.16,19.24
hoodie,basic,7.0,budget,CN,1110,200,7,294,10.07,12.02,10.16
hoodie,basic,7.0,budget,US,913,88,41,261,12.88,12.62,11.93
hoodie,mid,8.5,premium,CN,1464,104,10,328,20.28,25.81,20.48
hoodie,basic,7.0,premium,CN,1782,200,33,58,13.15,13.08,12.43
hoodie,basic,7.0,premium,US,1901,200,20,154,13.76,15.01,13.51
hoodie,premium,10.0,budget,US,689,133,23,276,29.75,34.74,28.22
hoodie,mid,8.5,budget,US,1425,184,39,115,16.69,18.22,16.73
hoodie,basic,7.0,standard,US,596,85,38,81,13.09,15.17,13.75
hoodie,basic,7.0,standard,CN,806,51,44,34,11.4,13.63,11.4
hoodie,basic,7.0,standard,US,995,200,37,238,13.56,14.53,13.38
hoodie,mid,8.5,premium,CN,1052,86,24,276,20.09,22.6,20.89
hoodie,basic,7.0,premium,US,1988,200,35,101,15.62,19.28,15.18
hoodie,mid,8.5,standard,US,871,153,45,190,21.29,28.41,22.39
hoodie,mid,8.5,standard,US,963,61,40,61,20.93,21.77,20.08
hoodie,mid,8.5,standard,CN,765,99,28,197,19.04,24.18,18.95
hoodie,basic,7.0,standard,CN,1851,200,10,327,10.23,12.37,10.47
hoodie,mid,8.5,standard,US,1769,200,39,61,19.64,25.08,20.37
hoodie,mid,8.5,budget,CN,1921,200,9,199,16.16,19.14,15.93
hoodie,basic,7.0,budget,US,89,12,41,302,13.24,14.33,12.42
hoodie,mid,8.5,budget,US,961,102,26,261,17.45,20.71,17.25
hoodie,basic,7.0,budget,CN,992,85,42,132,10.02,10.67,9.48
hoodie,mid,8.5,standard,US,1467,200,39,244,21.75,25.17,21.16
hoodie,mid,8.5,standard,CN,1001,80,31,67,18.22,21.78,17.31
hoodie,premium,10.0,standard,CN,175,33,40,242,29.23,35.08,27.79
hoodie,basic,7.0,standard,CN,1556,200,32,99,11.42,13.04,11.03
hoodie,basic,7.0,standard,CN,1275,87,14,261,11.59,12.81,11.13
hoodie,premium,10.0,premium,CN,528,121,7,316,27.77,35.39,28.79
hoodie,mid,8.5,standard,US,487,95,25,197,20.99,25.85,21.5
hoodie,mid,8.5,standard,CN,1958,200,25,223,17.99,19.35,17.01
hoodie,premium,10.0,standard,CN,150,34,41,218,29.2,31.8,27.63
hoodie,mid,8.5,budget,CN,1076,200,26,151,14.99,16.29,15.43
hoodie,mid,8.5,standard,CN,101,24,12,216,18.6,19.92,18.61
hoodie,basic,7.0,budget,US,685,104,15,165,11.42,13.21,11.22
hoodie,mid,8.5,standard,CN,1442,200,40,59,18.22,19.14,17.27
hoodie,basic,7.0,budget,CN,1866,108,11,360,11.05,11.16,10.5
hoodie,basic,7.0,premium,CN,1141,200,22,361,13.82,16.55,13.48
hoodie,mid,8.5,premium,MX,59,12,18,352,22.04,25.6,20.55
hoodie,basic,7.0,standard,CN,1197,147,17,336,10.43,12.28,10.82
hoodie,premium,10.0,standard,US,371,45,26,227,30.93,38.51,30.31
hoodie,mid,8.5,budget,US,1235,139,21,224,17.0,18.92,17.32
hoodie,basic,7.0,standard,CN,194,15,29,141,12.0,13.84,11.77
hoodie,premium,10.0,standard,US,1681,200,19,72,30.67,32.81,29.82
hoodie,mid,8.5,standard,US,144,29,38,258,21.05,23.74,19.98
hoodie,mid,8.5,budget,US,909,90,13,206,16.78,21.61,17.45
hoodie,premium,10.0,standard,CN,1959,200,10,114,24.01,28.75,25.06
hoodie,mid,8.5,budget,US,1122,82,11,284,16.92,21.71,17.22
hoodie,basic,7.0,standard,US,52,12,18,170,13.67,16.9,13.64
hoodie,premium,10.0,budget,MX,895,197,19,45,24.27,28.18,24.74
hoodie,mid,8.5,premium,US,1643,200,16,358,23.28,28.54,23.28
hoodie,basic,7.0,standard,US,499,107,34,231,12.72,13.24,12.01
hoodie,premium,10.0,standard,CN,1190,183,45,244,26.14,29.0,26.42
hoodie,basic,7.0,budget,US,589,87,30,208,12.05,14.26,12.31
hoodie,basic,7.0,budget,CN,654,152,11,330,9.82,10.83,10.19
hoodie,premium,10.0,standard,CN,1035,200,27,110,24.98,26.76,25.46
hoodie,mid,8.5,budget,CN,50,12,16,117,16.51,19.8,15.7
hoodie,mid,8.5,budget,CN,1247,159,38,207,16.23,17.81,15.89
hoodie,mid,8.5,premium,CN,993,153,39,362,22.0,25.94,21.12
hoodie,basic,7.0,budget,MX,344,56,31,202,10.85,12.55,10.47
hoodie,basic,7.0,standard,CN,1985,149,26,223,10.66,12.69,11.19
hoodie,mid,8.5,standard,US,204,27,26,18,22.3,25.25,20.85
hoodie,basic,7.0,budget,CN,1423,123,42,261,10.99,11.92,10.82
hoodie,basic,7.0,standard,US,1662,200,35,58,13.86,14.3,13.44
hoodie,basic,7.0,budget,CN,1071,141,45,57,10.38,10.68,9.91
hoodie,premium,10.0,standard,CN,1771,147,29,106,25.9,27.81,25.4
hoodie,mid,8.5,premium,MX,317,73,11,260,22.33,27.36,21.53
hoodie,basic,7.0,premium,CN,968,189,7,150,11.33,12.49,11.5
hoodie,basic,7.0,budget,US,1797,200,43,245,11.82,12.48,11.3
hoodie,basic,7.0,standard,US,1797,200,36,319,11.87,12.75,11.87
hoodie,basic,7.0,budget,US,1853,200,15,83,11.69,14.9,11.88
hoodie,mid,8.5,budget,CN,1534,200,29,80,14.86,19.3,15.59
hoodie,premium,10.0,standard,US,1293,200,27,159,31.26,33.79,29.86
hoodie,basic,7.0,standard,CN,1831,200,23,94,11.21,14.76,11.6
hoodie,mid,8.5,standard,US,184,25,36,263,18.93,23.27,19.75
hoodie,mid,8.5,standard,US,626,148,40,32,18.97,22.21,19.66
hoodie,basic,7.0,budget,US,1126,167,26,105,11.71,15.22,12.03
hoodie,premium,10.0,standard,MX,1882,137,40,77,28.91,28.76,27.08
hoodie,mid,8.5,premium,US,1516,128,32,275,21.72,26.4,22.21
hoodie,basic,7.0,standard,US,1407,199,13,356,12.57,14.52,12.01
hoodie,basic,7.0,budget,MX,1445,200,15,166,10.15,11.0,10.46
hoodie,basic,7.0,standard,CN,569,93,13,141,13.11,14.62,12.21
hoodie,basic,7.0,premium,MX,1983,200,36,363,14.31,17.08,13.49
hoodie,premium,10.0,standard,US,1845,117,35,144,33.32,38.84,31.02
hoodie,basic,7.0,standard,MX,256,56,13,14,12.15,15.21,12.68
hoodie,basic,7.0,budget,CN,440,45,9,244,10.54,12.88,10.16
hoodie,basic,7.0,premium,CN,668,109,23,276,13.03,14.43,13.06
hoodie,basic,7.0,standard,CN,1290,200,41,243,11.14,14.26,11.35
hoodie,mid,8.5,standard,CN,1783,196,43,247,16.66,18.38,16.93
hoodie,basic,7.0,standard,US,1795,200,35,193,14.81,17.12,14.15
hoodie,premium,10.0,premium,MX,980,119,33,84,31.87,32.93,30.42
hoodie,premium,10.0,budget,CN,711,113,11,44,22.71,28.68,22.98
hoodie,basic,7.0,premium,CN,1309,200,37,353,12.25,13.41,12.58
hoodie,mid,8.5,premium,MX,1572,192,27,31,20.45,21.44,19.81
hoodie,mid,8.5,standard,CN,1590,200,21,76,17.86,19.97,16.6
hoodie,basic,7.0,budget,CN,203,28,34,267,11.39,12.33,10.74
hoodie,basic,7.0,standard,CN,903,139,36,308,12.45,12.82,11.88
hoodie,mid,8.5,budget,CN,129,20,27,127,16.68,18.44,16.75
hoodie,basic,7.0,premium,US,936,176,7,151,14.94,15.24,14.07
hoodie,premium,10.0,budget,CN,1786,200,34,236,27.06,28.65,25.06
hoodie,basic,7.0,standard,CN,809,66,40,297,12.14,13.32,11.65
hoodie,mid,8.5,budget,CN,425,30,37,202,16.41,18.75,16.27
hoodie,mid,8.5,standard,CN,250,22,12,87,18.4,22.97,18.1
hoodie,basic,7.0,standard,CN,566,87,20,315,12.31,14.79,11.58
hoodie,premium,10.0,budget,US,444,74,27,153,24.36,28.28,25.44
hoodie,mid,8.5,budget,MX,1716,200,18,180,16.68,21.55,17.42
hoodie,premium,10.0,budget,CN,1576,200,39,219,23.61,28.12,23.33
hoodie,mid,8.5,standard,US,1962,200,21,235,20.93,22.82,20.17
hoodie,basic,7.0,standard,US,507,121,27,82,12.68,13.98,13.24
hoodie,mid,8.5,standard,CN,421,28,9,30,17.25,18.88,17.68
hoodie,basic,7.0,standard,CN,735,127,35,125,10.93,11.81,11.03
hoodie,premium,10.0,standard,CN,47,12,45,185,26.77,30.24,27.71
hoodie,basic,7.0,budget,US,276,67,42,330,11.67,12.89,11.83
hoodie,basic,7.0,budget,US,196,23,27,75,12.58,14.6,11.68
hoodie,basic,7.0,standard,US,751,130,35,61,14.79,17.33,13.74
hoodie,mid,8.5,standard,CN,1664,93,14,126,15.52,20.28,16.18
hoodie,basic,7.0,premium,US,1967,200,21,303,14.35,17.11,13.92
hoodie,basic,7.0,standard,MX,1409,98,44,359,12.09,14.34,12.25
hoodie,basic,7.0,budget,CN,240,41,14,231,10.04,11.15,10.16
hoodie,mid,8.5,budget,US,127,12,9,218,17.05,21.63,17.75
hoodie,mid,8.5,budget,CN,52,12,24,41,15.95,18.18,16.31
hoodie,mid,8.5,standard,US,65,12,13,221,20.79,24.41,19.92
hoodie,basic,7.0,standard,CN,458,104,40,332,13.26,14.22,12.29
hoodie,basic,7.0,budget,CN,1969,200,25,189,10.75,11.11,10.29
hoodie,basic,7.0,budget,US,1954,200,31,185,11.05,12.06,10.88
hoodie,premium,10.0,budget,US,486,40,33,107,25.97,28.37,25.86
hoodie,basic,7.0,standard,MX,1705,140,34,118,11.88,13.59,11.2
hoodie,premium,10.0,budget,CN,1650,123,17,248,21.72,26.11,22.75
hoodie,basic,7.0,standard,MX,120,28,43,222,13.99,14.88,13.15
hoodie,mid,8.5,premium,US,1198,99,27,150,21.88,24.92,21.69
hoodie,basic,7.0,budget,CN,1230,120,37,136,11.19,13.89,10.98
hoodie,mid,8.5,standard,US,38,12,27,332,22.61,24.59,21.22
hoodie,basic,7.0,standard,CN,1989,114,42,248,12.12,12.08,11.28
hoodie,mid,8.5,budget,CN,1069,127,10,91,17.21,19.47,16.1
hoodie,mid,8.5,budget,MX,1923,105,15,283,16.93,17.85,16.3
hoodie,mid,8.5,standard,CN,865,49,12,191,17.58,20.86,17.06
hoodie,mid,8.5,standard,MX,1152,200,12,348,18.28,21.5,18.17
hoodie,mid,8.5,premium,CN,635,69,24,337,19.31,21.04,19.83
hoodie,mid,8.5,standard,CN,1899,200,41,94,17.79,20.08,17.01
hoodie,basic,7.0,standard,MX,1875,200,39,356,11.43,14.01,11.54
hoodie,basic,7.0,budget,US,615,140,28,50,12.19,15.32,12.23
hoodie,basic,7.0,standard,US,660,112,39,233,14.06,16.11,14.22
hoodie,mid,8.5,standard,US,1087,187,29,193,20.01,23.24,19.79
hoodie,basic,7.0,standard,MX,1712,200,8,324,11.84,14.61,11.99
hoodie,mid,8.5,standard,CN,1374,127,9,100,16.95,21.32,17.02
hoodie,premium,10.0,standard,US,97,21,35,127,31.73,35.2,30.29
hoodie,mid,8.5,budget,CN,1546,200,22,34,14.86,18.71,14.95
hoodie,basic,7.0,budget,MX,225,29,44,324,11.84,13.79,11.33
hoodie,mid,8.5,budget,US,1865,137,30,57,17.51,20.05,18.1
hoodie,basic,7.0,budget,CN,1911,200,16,281,9.81,10.9,9.93
hoodie,mid,8.5,premium,CN,357,86,35,324,22.05,25.27,20.63
hoodie,basic,7.0,standard,CN,707,167,13,288,11.69,12.61,11.49
hoodie,mid,8.5,budget,US,1639,200,13,326,17.09,22.45,17.61
hoodie,basic,7.0,premium,CN,1896,200,40,239,12.67,15.45,12.57
hoodie,basic,7.0,premium,CN,146,31,7,360,13.85,14.12,12.84
hoodie,mid,8.5,standard,CN,1318,131,11,26,16.8,18.88,17.51
hoodie,basic,7.0,standard,CN,407,82,25,362,12.37,14.59,12.17
hoodie,mid,8.5,budget,CN,863,80,28,190,14.4,18.05,14.59
hoodie,mid,8.5,standard,US,960,102,22,190,21.31,23.36,19.94
hoodie,mid,8.5,standard,US,1006,200,31,129,21.4,24.12,20.92
hoodie,basic,7.0,standard,MX,194,31,29,243,11.74,12.52,11.76
hoodie,mid,8.5,budget,US,691,62,10,269,19.72,23.78,19.01
hoodie,basic,7.0,budget,CN,1734,200,44,224,10.21,10.31,9.64
hoodie,mid,8.5,standard,CN,1601,134,36,338,17.89,20.16,17.76
hoodie,basic,7.0,standard,CN,1507,93,43,341,11.51,13.78,11.08
hoodie,basic,7.0,budget,CN,655,149,8,63,9.34,12.4,9.7
hoodie,mid,8.5,standard,CN,1772,176,42,204,17.76,18.06,16.93
hoodie,mid,8.5,standard,CN,202,26,23,242,18.76,21.02,18.96
hoodie,basic,7.0,standard,CN,1744,200,12,25,11.26,13.09,10.63
hoodie,mid,8.5,premium,MX,1157,200,29,172,22.91,23.79,21.27
hoodie,mid,8.5,standard,CN,1173,200,21,307,19.0,22.38,18.36
hoodie,basic,7.0,standard,CN,600,88,14,275,11.22,14.37,11.26
hoodie,basic,7.0,standard,US,486,84,18,150,12.96,14.38,13.01
hoodie,basic,7.0,budget,US,972,101,36,66,11.25,14.85,11.64
hoodie,premium,10.0,premium,CN,1563,200,14,280,27.38,32.21,27.53
hoodie,basic,7.0,standard,MX,578,92,37,117,11.45,12.3,11.46
hoodie,mid,8.5,premium,US,1345,162,15,199,22.74,25.17,22.52
hoodie,mid,8.5,premium,US,599,121,28,245,22.55,24.47,21.25
hoodie,mid,8.5,premium,CN,162,19,36,287,20.75,25.7,21.32
hoodie,basic,7.0,budget,CN,1684,200,43,298,10.84,11.88,10.19
hoodie,mid,8.5,budget,CN,791,89,21,101,16.89,18.57,15.93
hoodie,premium,10.0,premium,US,1918,200,15,82,36.49,42.75,34.63
hoodie,mid,8.5,standard,CN,1908,200,34,70,16.6,19.95,16.61
hoodie,basic,7.0,standard,US,1061,97,8,258,12.38,14.33,12.82
hoodie,basic,7.0,standard,CN,290,22,39,312,12.09,13.72,12.37
hoodie,basic,7.0,budget,CN,895,62,35,75,11.04,11.31,10.33
hoodie,mid,8.5,budget,CN,915,124,16,80,17.31,20.57,16.51
hoodie,mid,8.5,budget,US,1901,200,32,257,17.16,20.72,17.06
hoodie,basic,7.0,budget,CN,1979,200,14,249,9.82,10.81,9.89
hoodie,mid,8.5,budget,US,482,98,21,140,18.42,20.67,18.19
hoodie,mid,8.5,standard,MX,1619,143,35,308,19.68,22.84,19.26
hoodie,mid,8.5,standard,MX,1056,117,20,276,18.81,20.57,18.09
hoodie,mid,8.5,standard,CN,235,21,15,99,17.48,21.23,17.98
hoodie,basic,7.0,premium,US,364,60,8,110,14.37,18.12,14.57
hoodie,mid,8.5,standard,US,1877,200,39,317,21.43,22.57,20.67
hoodie,mid,8.5,standard,CN,1832,172,25,45,18.06,19.11,17.98
hoodie,premium,10.0,premium,US,1368,200,22,277,32.26,34.91,31.66
hoodie,basic,7.0,standard,CN,1147,144,19,56,11.16,12.68,11.08
hoodie,basic,7.0,premium,US,370,78,9,112,14.88,15.23,14.31
hoodie,basic,7.0,premium,CN,1278,189,44,203,14.01,15.32,13.21
hoodie,basic,7.0,budget,CN,298,36,40,329,10.32,12.15,10.69
hoodie,mid,8.5,standard,MX,1173,200,42,53,18.33,22.3,19.12
hoodie,premium,10.0,standard,MX,837,151,16,73,26.51,32.92,26.47
hoodie,mid,8.5,standard,US,66,12,34,130,22.65,24.73,22.98
hoodie,basic,7.0,budget,CN,521,34,38,241,10.44,11.13,9.77
hoodie,basic,7.0,standard,MX,761,158,42,155,12.68,14.25,12.14
hoodie,basic,7.0,budget,MX,42,12,30,299,10.73,13.49,10.87
hoodie,basic,7.0,premium,MX,1967,200,30,176,12.71,15.36,12.69
hoodie,basic,7.0,premium,US,760,107,45,332,14.6,19.45,15.26
hoodie,mid,8.5,standard,US,597,71,11,250,20.3,24.17,19.94
hoodie,mid,8.5,standard,US,542,103,7,317,20.7,23.72,19.69
hoodie,premium,10.0,standard,US,1676,171,28,127,29.96,35.51,29.54
hoodie,basic,7.0,budget,MX,201,36,32,224,10.79,13.83,11.21
hoodie,mid,8.5,standard,US,905,200,12,352,20.73,25.14,20.02
hoodie,mid,8.5,premium,US,1332,200,38,208,21.71,28.32,22.26
hoodie,mid,8.5,premium,CN,324,46,15,239,20.82,21.62,19.95
hoodie,mid,8.5,standard,CN,926,142,34,284,18.19,20.54,18.15
hoodie,basic,7.0,standard,CN,390,22,31,235,11.56,12.07,11.47
hoodie,basic,7.0,standard,CN,1638,200,43,154,13.07,14.06,12.45
hoodie,premium,10.0,standard,US,154,23,8,284,29.59,32.2,29.56
hoodie,mid,8.5,standard,CN,1863,200,42,357,16.67,19.33,17.43
hoodie,basic,7.0,standard,MX,1783,200,45,314,12.73,15.19,12.13
hoodie,basic,7.0,budget,CN,1868,200,13,207,9.92,11.03,9.62
hoodie,basic,7.0,budget,CN,1333,187,39,60,10.3,13.24,10.42
hoodie,mid,8.5,standard,CN,1972,200,27,86,16.68,18.95,16.73
hoodie,premium,10.0,standard,CN,98,13,17,115,28.24,32.27,26.71
hoodie,mid,8.5,standard,US,1111,161,24,19,22.86,24.83,21.5
hoodie,basic,7.0,standard,CN,1097,200,36,189,12.0,13.36,11.97
hoodie,basic,7.0,budget,MX,1711,200,18,200,9.91,11.68,9.75
hoodie,basic,7.0,premium,MX,1160,90,12,228,12.7,15.08,13.22
hoodie,mid,8.5,premium,CN,1543,200,31,218,19.21,24.14,19.49
hoodie,mid,8.5,budget,MX,299,45,23,153,17.53,19.09,17.3
hoodie,basic,7.0,budget,CN,470,88,8,286,9.61,12.71,10.11
hoodie,mid,8.5,standard,CN,1205,200,27,47,17.56,19.3,17.21
hoodie,basic,7.0,budget,CN,586,111,38,253,10.97,13.6,10.66
hoodie,premium,10.0,standard,US,144,13,21,283,29.86,33.01,31.37
hoodie,mid,8.5,standard,CN,1189,200,31,319,18.92,20.26,18.23
hoodie,mid,8.5,standard,MX,383,89,45,299,18.46,20.94,18.61
hoodie,basic,7.0,standard,CN,377,49,23,116,11.7,13.99,11.24
hoodie,basic,7.0,standard,CN,958,181,41,315,12.04,13.17,11.36
hoodie,premium,10.0,budget,CN,278,39,40,99,23.68,30.74,24.24
hoodie,basic,7.0,premium,US,656,106,35,324,16.58,19.28,15.5
hoodie,basic,7.0,standard,CN,800,47,25,326,11.57,12.69,11.22
hoodie,basic,7.0,standard,CN,1106,64,44,31,9.91,12.24,10.21
hoodie,premium,10.0,budget,MX,656,154,25,240,24.39,25.49,23.52
hoodie,basic,7.0,premium,CN,1014,160,18,235,11.42,13.96,11.45
hoodie,basic,7.0,standard,US,298,45,22,18,13.77,16.72,13.93
hoodie,basic,7.0,budget,US,568,113,17,94,12.04,14.1,11.2
hoodie,basic,7.0,standard,US,234,42,41,205,12.82,15.19,13.06
hoodie,mid,8.5,premium,CN,895,159,27,346,21.35,22.09,20.2
hoodie,mid,8.5,standard,US,1955,200,18,59,18.81,22.87,18.9
hoodie,mid,8.5,standard,MX,1776,200,32,26,18.36,23.18,18.61
hoodie,basic,7.0,premium,CN,616,54,10,176,11.57,13.71,11.74
hoodie,premium,10.0,premium,CN,361,86,13,265,27.69,29.85,27.96
hoodie,basic,7.0,standard,MX,774,100,15,299,11.69,14.22,11.68
hoodie,basic,7.0,premium,CN,539,84,18,304,12.1,13.32,12.26
hoodie,mid,8.5,premium,CN,374,41,18,340,19.39,23.86,20.35
hoodie,mid,8.5,standard,CN,776,142,15,205,17.5,21.26,18.0
hoodie,basic,7.0,budget,US,940,102,12,359,13.52,16.07,12.67
hoodie,basic,7.0,standard,US,1928,141,32,256,13.12,14.66,12.76
hoodie,premium,10.0,premium,US,1353,113,18,62,36.3,38.68,34.53
hoodie,basic,7.0,standard,CN,504,125,24,363,10.74,11.17,10.63
hoodie,mid,8.5,standard,CN,1139,200,8,208,17.9,18.04,17.1
hoodie,mid,8.5,budget,US,714,50,42,333,19.52,25.12,20.14
hoodie,basic,7.0,standard,US,1367,200,13,142,12.33,14.15,12.3
hoodie,mid,8.5,budget,CN,1692,200,32,153,16.31,20.14,16.35
hoodie,mid,8.5,premium,CN,1245,200,14,68,21.02,24.31,20.5
hoodie,mid,8.5,budget,MX,322,43,24,72,17.78,18.78,17.11
hoodie,basic,7.0,standard,US,58,12,7,304,12.93,14.15,13.19
hoodie,basic,7.0,premium,CN,209,32,21,226,12.95,15.64,13.15
hoodie,basic,7.0,premium,CN,113,12,16,278,13.43,13.74,12.77
hoodie,mid,8.5,budget,US,665,85,31,255,18.74,21.26,17.48
hoodie,basic,7.0,premium,US,1466,141,9,66,14.1,15.38,13.95
hoodie,mid,8.5,standard,CN,755,115,11,26,18.94,21.28,17.93
hoodie,basic,7.0,standard,US,637,36,43,206,13.1,16.08,13.05
hoodie,basic,7.0,standard,US,1974,200,17,331,12.89,16.1,12.83
hoodie,mid,8.5,standard,US,255,33,31,235,22.16,22.55,21.22
hoodie,mid,8.5,standard,US,316,31,28,186,23.65,27.13,22.77
hoodie,basic,7.0,standard,CN,1063,130,27,295,11.12,13.07,10.43
hoodie,premium,10.0,premium,CN,1017,200,38,179,28.59,32.83,29.77
hoodie,premium,10.0,budget,CN,1595,200,25,192,22.56,27.56,21.97
hoodie,basic,7.0,budget,CN,1661,200,34,101,9.82,12.31,9.63
hoodie,basic,7.0,standard,CN,880,45,39,256,12.24,13.71,11.88
hoodie,basic,7.0,standard,MX,337,57,24,31,13.44,14.14,12.46
hoodie,mid,8.5,standard,CN,1367,78,24,185,19.24,22.64,18.24
hoodie,basic,7.0,budget,US,1118,200,38,341,12.06,13.1,11.22
hoodie,premium,10.0,budget,MX,1845,200,44,237,23.05,28.58,24.2
hoodie,mid,8.5,premium,MX,706,158,8,184,20.06,23.82,19.87
hoodie,basic,7.0,budget,CN,260,30,28,125,11.18,11.28,10.48
hoodie,premium,10.0,standard,CN,1078,112,10,81,26.38,32.65,26.83
hoodie,basic,7.0,standard,CN,119,20,45,356,12.51,13.75,11.6
hoodie,mid,8.5,premium,US,679,109,9,163,22.21,26.03,22.61
hoodie,premium,10.0,premium,US,809,45,7,274,31.96,34.63,31.72
hoodie,basic,7.0,standard,CN,849,173,28,220,11.75,11.93,11.22
hoodie,mid,8.5,standard,US,470,107,31,324,20.73,22.84,21.7
hoodie,premium,10.0,standard,CN,1251,200,33,299,23.38,27.95,24.4
hoodie,premium,10.0,standard,CN,262,17,19,332,25.26,30.53,25.88
hoodie,basic,7.0,standard,CN,123,27,39,219,12.08,12.73,11.99
hoodie,mid,8.5,standard,CN,1831,200,14,304,17.65,19.28,18.15
hoodie,basic,7.0,premium,CN,1880,200,25,202,11.82,13.77,12.25
hoodie,basic,7.0,standard,US,834,102,30,276,13.54,15.16,13.72
hoodie,basic,7.0,budget,US,340,78,13,139,11.42,12.74,11.58
hoodie,mid,8.5,budget,CN,1076,66,42,336,15.8,17.83,16.16
hoodie,mid,8.5,budget,CN,930,90,35,51,16.88,18.72,15.91
hoodie,mid,8.5,premium,US,1163,134,24,113,24.88,27.09,23.65
hoodie,basic,7.0,standard,CN,1972,125,28,110,11.92,14.26,11.76
hoodie,premium,10.0,standard,CN,1221,200,41,33,24.98,26.22,24.71
hoodie,mid,8.5,standard,CN,223,27,43,307,20.59,20.58,19.57
hoodie,basic,7.0,premium,CN,161,18,22,123,12.7,14.82,12.71
hoodie,mid,8.5,budget,CN,259,47,13,224,16.73,19.05,16.73
hoodie,mid,8.5,standard,CN,529,62,38,359,17.68,19.22,18.02
hoodie,basic,7.0,standard,US,1635,200,14,271,12.45,15.3,13.04
hoodie,basic,7.0,premium,MX,732,48,35,297,12.44,14.35,12.72
hoodie,mid,8.5,standard,CN,970,186,32,245,19.49,22.97,18.2
hoodie,mid,8.5,premium,US,1342,157,19,97,22.25,26.1,21.93
hoodie,mid,8.5,standard,CN,1143,200,41,262,16.61,18.31,16.78
hoodie,basic,7.0,standard,US,1630,190,40,327,12.85,14.96,12.32
hoodie,mid,8.5,budget,US,1869,142,24,29,17.3,20.92,17.93
hoodie,mid,8.5,standard,MX,690,115,16,282,20.46,23.65,19.58
hoodie,mid,8.5,standard,US,1604,200,23,308,20.72,24.05,19.31
hoodie,basic,7.0,standard,US,1201,193,27,65,12.56,14.06,13.1
hoodie,premium,10.0,budget,US,1403,111,18,231,26.8,30.42,26.02
hoodie,basic,7.0,standard,US,1317,190,44,197,12.78,16.71,13.26
hoodie,basic,7.0,budget,MX,1044,200,45,66,11.65,14.54,11.61
hoodie,basic,7.0,standard,MX,131,18,8,121,12.29,12.8,11.8
hoodie,mid,8.5,premium,CN,1774,200,35,92,20.86,21.74,20.25
hoodie,basic,7.0,standard,CN,747,92,26,284,11.21,14.36,11.72
hoodie,mid,8.5,premium,US,1467,173,45,162,25.71,25.68,24.08
hoodie,mid,8.5,standard,MX,1707,200,38,56,19.15,24.42,19.29
hoodie,premium,10.0,budget,CN,1410,78,14,339,21.33,23.97,21.62
hoodie,premium,10.0,budget,US,1796,200,37,32,25.59,31.91,26.21
hoodie,mid,8.5,budget,US,1691,167,45,52,18.99,18.95,17.88
hoodie,basic,7.0,budget,US,597,147,37,160,11.37,13.68,11.76
hoodie,mid,8.5,premium,CN,1713,159,16,168,20.46,20.29,19.24
hoodie,basic,7.0,premium,US,1170,180,35,170,15.53,16.46,15.3
hoodie,basic,7.0,standard,US,500,69,39,214,12.11,14.01,12.48
hoodie,mid,8.5,standard,US,1829,200,26,84,20.39,20.92,19.63
hoodie,basic,7.0,premium,CN,1949,200,43,315,12.03,15.57,12.24
hoodie,basic,7.0,budget,CN,1364,76,19,281,9.71,11.78,9.67
hoodie,mid,8.5,standard,US,1977,200,26,239,19.38,24.66,19.49
hoodie,basic,7.0,budget,CN,1576,138,27,153,10.02,13.01,10.51
hoodie,basic,7.0,budget,CN,714,177,18,196,12.17,13.24,11.43
hoodie,basic,7.0,standard,US,843,200,38,49,11.75,14.75,12.36
hoodie,mid,8.5,premium,MX,780,111,22,315,21.98,24.96,22.49
hoodie,basic,7.0,standard,CN,131,20,22,163,11.71,11.61,11.04
hoodie,basic,7.0,budget,CN,346,39,16,358,10.2,11.0,9.97
hoodie,premium,10.0,budget,US,633,40,35,364,30.28,29.89,28.41
hoodie,basic,7.0,standard,US,1871,200,35,293,12.19,15.0,12.2
hoodie,basic,7.0,budget,CN,1461,155,13,131,10.12,11.73,10.39
hoodie,basic,7.0,premium,CN,488,111,35,287,12.95,14.36,12.99
hoodie,basic,7.0,premium,CN,1731,200,18,35,13.1,14.6,12.97
hoodie,basic,7.0,budget,US,1332,200,26,169,11.75,13.36,10.92
hoodie,basic,7.0,standard,CN,1864,200,20,337,11.47,13.31,11.39
hoodie,premium,10.0,budget,US,300,70,37,41,25.81,32.86,26.48
hoodie,premium,10.0,premium,CN,1994,200,21,223,30.17,30.31,28.4
hoodie,basic,7.0,standard,US,1484,200,41,296,12.88,13.11,12.42
hoodie,basic,7.0,standard,US,1716,200,41,322,13.91,13.87,12.99
hoodie,basic,7.0,budget,CN,710,155,30,101,10.93,13.9,11.16
hoodie,mid,8.5,budget,MX,921,152,9,273,17.02,18.37,15.79
hoodie,mid,8.5,premium,CN,1172,200,26,186,20.86,22.68,19.68
hoodie,mid,8.5,standard,CN,149,12,20,33,19.01,22.04,19.4
hoodie,mid,8.5,standard,CN,341,27,35,153,18.65,23.28,18.25
hoodie,basic,7.0,standard,CN,1945,125,10,196,11.45,11.55,10.81
hoodie,mid,8.5,standard,US,371,44,27,60,20.63,22.38,21.09
hoodie,basic,7.0,standard,US,422,39,25,235,13.94,15.4,13.9
hoodie,basic,7.0,premium,CN,1575,200,37,156,13.04,15.97,12.54
hoodie,basic,7.0,budget,CN,480,108,20,218,9.95,11.96,10.42
hoodie,mid,8.5,standard,CN,61,12,45,362,18.59,23.79,19.21
hoodie,premium,10.0,standard,MX,1174,200,38,240,28.12,28.48,27.02
hoodie,basic,7.0,standard,MX,1039,167,41,225,11.03,14.52,11.42
hoodie,basic,7.0,standard,US,282,68,26,291,13.55,15.74,13.33
hoodie,premium,10.0,standard,US,1344,173,37,218,28.14,32.27,27.89
hoodie,mid,8.5,premium,CN,1325,123,42,105,21.16,25.63,20.54
hoodie,basic,7.0,standard,CN,536,86,10,243,12.35,14.68,11.49
hoodie,premium,10.0,premium,US,350,86,17,83,31.72,40.33,32.07
hoodie,mid,8.5,budget,MX,849,190,19,357,16.82,19.52,16.43
hoodie,basic,7.0,standard,CN,428,104,7,107,11.73,12.21,10.88
hoodie,mid,8.5,standard,CN,1696,176,34,248,18.61,20.4,17.68
hoodie,premium,10.0,premium,CN,1043,129,31,307,32.32,34.91,30.8
hoodie,basic,7.0,standard,CN,1173,117,8,318,10.56,11.63,10.34
hoodie,basic,7.0,standard,CN,626,38,19,124,12.0,13.59,11.33
hoodie,mid,8.5,standard,CN,1942,200,10,286,19.17,19.03,17.77
hoodie,mid,8.5,standard,US,956,74,17,301,21.24,24.02,19.7
hoodie,basic,7.0,premium,US,118,13,31,243,14.92,18.01,14.6
hoodie,basic,7.0,standard,US,957,187,21,76,12.65,14.61,13.15
hoodie,mid,8.5,premium,US,1235,153,34,34,25.11,27.05,23.7
hoodie,basic,7.0,standard,US,1861,144,8,106,12.38,14.87,11.93
hoodie,mid,8.5,standard,US,743,69,16,235,20.2,23.39,20.36
hoodie,basic,7.0,standard,CN,798,64,33,363,10.96,14.02,11.11
hoodie,mid,8.5,premium,US,136,12,13,259,23.65,26.28,24.47
hoodie,basic,7.0,standard,CN,584,57,44,317,11.5,13.0,11.48
hoodie,basic,7.0,standard,CN,765,41,11,103,11.29,13.0,11.06
hoodie,basic,7.0,budget,CN,1669,141,39,256,10.79,12.0,10.0
hoodie,premium,10.0,budget,CN,784,101,26,49,24.43,27.11,24.7
hoodie,basic,7.0,budget,MX,1131,102,11,255,10.92,12.66,10.27
hoodie,basic,7.0,standard,CN,688,127,37,293,10.95,12.78,11.38
hoodie,basic,7.0,budget,US,1204,123,20,89,12.4,14.31,11.52
hoodie,basic,7.0,premium,US,1124,89,18,261,13.06,16.53,13.29
hoodie,mid,8.5,premium,US,1945,109,37,121,20.74,25.63,20.91
hoodie,basic,7.0,standard,US,654,161,43,318,14.16,16.59,13.99
hoodie,basic,7.0,standard,CN,1655,200,38,43,11.55,12.66,11.57
hoodie,basic,7.0,standard,MX,1762,200,25,131,12.01,14.58,11.98
hoodie,premium,10.0,budget,CN,244,60,36,59,22.74,25.33,23.19
hoodie,basic,7.0,premium,US,1878,200,39,61,15.21,15.8,14.58
hoodie,mid,8.5,standard,MX,1008,118,18,223,18.08,20.4,18.25
hoodie,basic,7.0,standard,US,1630,200,15,305,12.99,14.59,12.82
hoodie,mid,8.5,budget,CN,637,76,10,294,16.17,16.74,15.68
hoodie,premium,10.0,budget,CN,1146,156,42,41,24.7,27.99,25.18
hoodie,mid,8.5,budget,US,235,26,39,317,19.14,22.52,20.11
hoodie,basic,7.0,budget,MX,1122,130,12,59,11.35,13.08,11.04
hoodie,basic,7.0,standard,MX,103,12,38,258,14.18,16.88,13.19
hoodie,mid,8.5,budget,CN,465,97,28,228,16.25,17.35,16.42
hoodie,premium,10.0,standard,US,1075,200,41,147,32.83,36.25,30.57
hoodie,mid,8.5,premium,US,1324,127,39,328,23.2,27.62,22.61
hoodie,basic,7.0,premium,US,1481,127,36,333,13.22,14.32,13.05
hoodie,premium,10.0,budget,CN,1322,88,31,324,22.17,26.44,22.63
hoodie,basic,7.0,standard,CN,1895,200,45,332,12.14,14.64,11.77
hoodie,basic,7.0,standard,CN,1343,159,16,85,10.52,11.89,10.74
hoodie,mid,8.5,standard,US,1174,189,10,48,19.51,25.47,20.09
hoodie,basic,7.0,standard,CN,1240,192,44,238,12.16,14.09,11.47
hoodie,basic,7.0,standard,US,1200,188,32,338,11.86,14.2,12.27
hoodie,basic,7.0,budget,MX,58,12,30,197,11.58,13.18,11.87
hoodie,mid,8.5,budget,CN,836,175,42,320,16.15,18.26,16.28
hoodie,basic,7.0,standard,US,281,43,45,260,14.23,16.75,14.19
hoodie,mid,8.5,budget,CN,1380,93,41,176,17.91,19.33,17.57
hoodie,basic,7.0,standard,CN,1441,200,17,318,10.72,13.0,10.72
hoodie,mid,8.5,premium,MX,1254,149,15,177,19.87,19.82,18.63
hoodie,mid,8.5,budget,US,97,12,42,70,19.23,22.93,19.94
hoodie,mid,8.5,budget,US,1291,87,21,51,16.94,21.33,17.72
hoodie,basic,7.0,standard,CN,1274,200,26,348,12.1,12.25,11.27
hoodie,basic,7.0,premium,CN,1296,165,9,269,12.84,13.69,12.01
hoodie,mid,8.5,standard,US,1801,171,28,200,19.87,20.94,19.79
hoodie,mid,8.5,budget,CN,661,33,14,100,16.93,19.73,16.63
hoodie,premium,10.0,standard,US,248,16,34,87,30.21,31.95,29.88
hoodie,basic,7.0,budget,CN,1829,176,22,69,10.19,11.83,10.43
hoodie,mid,8.5,standard,CN,1579,136,9,297,19.44,22.53,18.2
hoodie,basic,7.0,standard,MX,1242,81,45,40,12.94,15.19,12.37
hoodie,basic,7.0,budget,CN,1074,111,10,64,9.07,11.17,9.22
hoodie,basic,7.0,standard,CN,1317,200,43,346,12.04,13.49,11.47
hoodie,mid,8.5,standard,MX,1814,200,41,94,16.52,21.22,17.19
hoodie,basic,7.0,budget,CN,393,65,44,227,11.31,11.79,11.13
hoodie,basic,7.0,premium,MX,1988,127,42,346,12.68,13.2,12.26
hoodie,premium,10.0,standard,US,1932,200,36,243,29.89,36.23,29.64
hoodie,basic,7.0,standard,US,556,136,39,86,14.35,16.17,13.73
hoodie,mid,8.5,budget,CN,774,40,33,342,16.31,19.05,15.78
hoodie,mid,8.5,budget,CN,597,61,26,93,16.85,20.46,16.88
hoodie,basic,7.0,premium,CN,1206,105,25,83,12.87,15.44,12.23
hoodie,basic,7.0,budget,US,1328,158,25,133,11.88,14.5,11.38
hoodie,premium,10.0,budget,US,1037,79,24,142,28.25,32.13,26.23
hoodie,premium,10.0,budget,CN,975,149,25,178,23.59,28.17,23.43
hoodie,mid,8.5,standard,MX,1493,169,29,264,18.82,22.67,19.1
hoodie,mid,8.5,standard,CN,1057,152,23,24,19.23,20.81,18.77
hoodie,mid,8.5,budget,US,1643,200,24,354,17.99,22.31,18.35
hoodie,basic,7.0,standard,US,1352,146,28,201,14.3,17.01,13.32
hoodie,mid,8.5,standard,CN,1948,200,31,56,17.46,20.22,17.8
hoodie,premium,10.0,standard,US,1978,200,31,209,26.32,34.28,27.39
hoodie,premium,10.0,budget,US,361,34,17,205,25.89,27.94,25.43
hoodie,premium,10.0,budget,CN,1313,200,14,359,23.54,27.4,23.03
hoodie,mid,8.5,premium,US,534,97,15,132,21.05,26.88,21.27
hoodie,mid,8.5,budget,US,1621,200,38,32,19.73,21.4,18.43
hoodie,basic,7.0,budget,CN,1812,200,14,32,9.62,11.21,9.67
hoodie,basic,7.0,budget,CN,204,35,22,307,11.27,11.62,10.58
hoodie,premium,10.0,premium,CN,781,172,43,211,30.95,36.12,32.21
hoodie,premium,10.0,standard,MX,1444,200,7,241,28.45,33.83,26.96
hoodie,mid,8.5,standard,US,448,31,18,147,20.51,24.05,20.11
hoodie,basic,7.0,budget,MX,408,67,28,67,10.07,12.86,10.46
hoodie,basic,7.0,budget,CN,1010,113,32,27,10.65,12.04,10.61
hoodie,basic,7.0,premium,CN,277,62,21,341,13.22,15.64,13.48
hoodie,basic,7.0,standard,CN,1780,200,12,325,10.73,11.99,11.03
hoodie,basic,7.0,budget,CN,662,137,21,18,9.61,11.26,10.03
hoodie,premium,10.0,premium,US,1135,88,37,264,35.45,39.18,33.88
hoodie,premium,10.0,budget,CN,1323,141,27,88,21.62,25.93,21.83
hoodie,mid,8.5,premium,CN,717,139,12,332,20.09,25.16,19.92
hoodie,mid,8.5,standard,US,53,12,30,319,20.94,26.14,21.12
hoodie,basic,7.0,budget,MX,1663,199,31,216,10.83,12.16,10.63
hoodie,mid,8.5,standard,CN,1203,121,11,300,19.59,21.39,18.63
hoodie,mid,8.5,budget,US,830,131,45,165,16.62,20.56,17.29
hoodie,premium,10.0,budget,CN,1740,168,19,61,24.42,28.11,23.47
hoodie,premium,10.0,standard,CN,244,57,19,285,26.15,30.66,25.72
hoodie,basic,7.0,standard,CN,1940,200,32,262,11.11,13.38,10.58
hoodie,mid,8.5,standard,US,359,30,13,148,19.78,19.74,18.4
hoodie,mid,8.5,premium,US,1886,200,24,19,21.19,25.76,22.3
hoodie,basic,7.0,budget,US,174,38,14,103,12.57,15.47,12.58
hoodie,premium,10.0,premium,US,1787,200,29,224,32.83,34.95,32.97
hoodie,mid,8.5,standard,US,1902,200,20,310,20.68,24.96,20.41
hoodie,mid,8.5,standard,US,1561,200,38,211,18.86,20.21,18.78
hoodie,mid,8.5,standard,US,352,39,13,17,21.64,25.11,21.12
hoodie,basic,7.0,budget,CN,1073,200,22,225,10.99,11.12,10.39
hoodie,mid,8.5,standard,CN,190,12,35,153,19.88,23.41,19.16
hoodie,mid,8.5,premium,CN,1564,200,23,242,20.91,22.88,20.01
hoodie,basic,7.0,budget,CN,1112,129,37,128,10.37,11.3,10.36
hoodie,basic,7.0,standard,MX,262,43,11,127,12.59,13.97,12.18
hoodie,premium,10.0,standard,CN,1257,200,8,76,26.48,30.44,25.03
hoodie,mid,8.5,standard,CN,880,144,25,320,19.44,22.62,18.43
hoodie,basic,7.0,budget,US,1315,120,11,103,11.32,13.94,11.48
hoodie,mid,8.5,budget,US,1066,90,42,172,18.2,20.34,17.92
hoodie,mid,8.5,premium,CN,1293,189,23,149,19.34,23.4,20.28
hoodie,mid,8.5,budget,MX,965,188,26,184,16.62,18.3,17.34
hoodie,basic,7.0,budget,CN,430,88,29,341,10.77,13.55,10.71
hoodie,mid,8.5,premium,US,728,80,21,100,22.94,26.74,22.67
hoodie,premium,10.0,premium,CN,1747,200,20,322,29.04,31.99,28.19
hoodie,mid,8.5,standard,MX,1791,200,35,223,19.1,21.24,19.12
hoodie,basic,7.0,standard,CN,192,19,39,227,11.46,13.62,11.86
hoodie,premium,10.0,standard,CN,1558,200,24,89,25.05,31.34,26.23
hoodie,mid,8.5,premium,MX,1636,200,37,348,19.11,23.18,19.69
hoodie,basic,7.0,budget,CN,249,27,8,361,11.39,12.82,10.61
hoodie,mid,8.5,premium,US,861,74,28,213,23.5,25.5,23.62
hoodie,mid,8.5,budget,US,1248,117,34,249,18.85,21.2,18.13
hoodie,basic,7.0,premium,CN,1016,121,39,68,13.55,13.97,13.09
hoodie,basic,7.0,budget,MX,187,35,15,161,10.81,11.77,10.75
hoodie,basic,7.0,budget,CN,1084,78,35,197,9.45,11.3,9.58
hoodie,basic,7.0,standard,CN,1685,200,40,49,10.71,13.06,10.96
hoodie,mid,8.5,standard,US,847,80,30,109,18.98,24.2,19.37
hoodie,basic,7.0,standard,US,385,50,29,23,11.88,13.92,12.49
hoodie,basic,7.0,premium,US,1161,146,10,68,14.04,15.36,14.0
hoodie,mid,8.5,budget,CN,662,123,17,67,16.55,17.04,15.49
hoodie,mid,8.5,standard,US,106,15,19,71,20.21,24.53,20.12
hoodie,basic,7.0,budget,US,336,19,15,71,12.45,14.17,12.12
hoodie,mid,8.5,budget,MX,1359,147,15,68,17.48,17.79,16.53
hoodie,basic,7.0,budget,CN,428,31,41,347,10.29,13.05,10.32
hoodie,mid,8.5,standard,CN,794,96,29,305,20.56,21.7,19.16
hoodie,mid,8.5,premium,CN,1981,200,27,150,18.91,20.38,18.7
hoodie,mid,8.5,budget,US,1598,200,33,351,19.83,20.87,18.54
hoodie,mid,8.5,standard,US,1640,141,14,241,20.03,22.88,20.21
hoodie,basic,7.0,budget,US,1396,133,34,243,11.75,13.99,11.5
hoodie,mid,8.5,standard,CN,1436,200,34,59,16.91,21.42,17.36
hoodie,mid,8.5,standard,CN,1252,133,33,237,17.48,19.99,17.77
hoodie,basic,7.0,standard,MX,803,145,44,243,11.56,13.13,11.84
hoodie,mid,8.5,standard,CN,257,60,39,191,19.78,22.58,18.91
hoodie,basic,7.0,standard,MX,1522,200,19,298,11.91,13.01,11.51
hoodie,mid,8.5,standard,CN,975,200,31,188,18.1,22.7,18.62
hoodie,basic,7.0,budget,CN,1902,200,13,259,10.96,12.5,10.47
hoodie,mid,8.5,standard,MX,1532,200,24,272,16.65,21.83,17.39
hoodie,premium,10.0,standard,MX,357,82,25,35,30.01,32.75,28.72
hoodie,premium,10.0,standard,US,1375,144,29,231,31.57,36.82,29.51
hoodie,premium,10.0,standard,MX,154,23,20,92,28.45,33.77,28.66
hoodie,basic,7.0,premium,US,1506,200,29,335,12.88,16.3,13.53
hoodie,basic,7.0,standard,US,1965,200,19,91,13.31,15.8,13.63
hoodie,basic,7.0,budget,US,1159,173,28,343,12.14,12.97,11.75
hoodie,premium,10.0,standard,CN,1583,200,40,124,28.98,30.51,27.63
hoodie,mid,8.5,standard,CN,127,19,38,335,19.05,22.4,18.27
hoodie,basic,7.0,premium,CN,928,92,10,55,12.86,14.43,12.09
hoodie,mid,8.5,standard,CN,1756,117,22,195,16.74,18.64,16.81
hoodie,basic,7.0,budget,CN,311,35,8,20,11.35,13.16,10.99
hoodie,basic,7.0,standard,CN,572,63,43,48,11.33,14.02,11.36
hoodie,premium,10.0,budget,CN,1888,200,25,328,22.85,29.7,23.24
hoodie,basic,7.0,premium,CN,482,93,27,280,14.12,16.12,13.3
hoodie,basic,7.0,standard,US,1896,163,33,353,13.2,16.24,13.52
hoodie,basic,7.0,standard,CN,1649,200,32,291,11.38,13.0,11.37
hoodie,mid,8.5,budget,US,892,124,40,262,19.83,23.26,19.42
hoodie,basic,7.0,standard,CN,1587,200,42,165,12.19,15.2,12.09
hoodie,basic,7.0,standard,US,1105,119,42,315,12.64,14.34,12.88
hoodie,mid,8.5,budget,US,405,85,44,322,18.65,21.65,19.12
hoodie,premium,10.0,standard,CN,925,54,37,69,28.99,33.1,27.63
hoodie,basic,7.0,standard,CN,770,44,32,56,11.39,12.26,11.63
hoodie,mid,8.5,premium,MX,380,60,42,74,20.84,22.35,20.26
hoodie,mid,8.5,budget,CN,112,23,36,276,16.55,19.84,16.49
hoodie,mid,8.5,premium,MX,1416,132,23,67,19.76,25.86,20.65
hoodie,basic,7.0,standard,CN,1441,100,21,122,11.84,12.43,11.03
hoodie,mid,8.5,budget,CN,1336,96,30,203,16.02,19.79,16.62
hoodie,basic,7.0,budget,CN,1944,200,21,41,9.61,11.85,9.64
hoodie,basic,7.0,budget,CN,1520,97,24,170,10.43,11.65,10.01
hoodie,premium,10.0,standard,CN,1868,195,9,184,25.69,31.01,24.44
hoodie,basic,7.0,standard,US,1165,145,26,149,11.88,13.55,12.46
hoodie,mid,8.5,budget,CN,1394,139,24,69,16.8,17.61,16.23
hoodie,mid,8.5,budget,US,1126,105,38,186,19.96,24.33,19.01
hoodie,basic,7.0,budget,MX,352,73,15,133,10.67,11.79,10.89
hoodie,mid,8.5,premium,US,1240,200,8,18,23.45,25.49,22.12
hoodie,mid,8.5,standard,CN,1486,200,8,292,18.02,21.17,17.35
hoodie,premium,10.0,budget,CN,169,33,36,35,23.62,31.36,24.78
hoodie,premium,10.0,premium,US,1246,135,32,237,34.5,40.21,33.93
hoodie,mid,8.5,standard,US,412,49,24,112,22.46,22.79,21.41
hoodie,basic,7.0,budget,CN,189,32,8,192,10.29,11.3,10.61
hoodie,mid,8.5,budget,CN,1223,200,39,148,17.21,18.3,16.34
hoodie,mid,8.5,standard,US,898,108,19,157,19.21,22.1,19.41
hoodie,basic,7.0,standard,CN,1408,111,30,210,11.2,14.03,11.54
hoodie,mid,8.5,budget,CN,605,65,43,184,15.99,19.58,16.67
hoodie,premium,10.0,premium,US,260,21,8,282,35.04,37.38,32.66
hoodie,basic,7.0,standard,US,1827,134,32,200,12.92,15.29,12.69
hoodie,mid,8.5,budget,CN,1279,200,20,335,16.48,19.07,15.9
hoodie,premium,10.0,standard,US,470,24,26,342,29.36,32.35,30.51
hoodie,mid,8.5,budget,US,1866,200,43,329,19.15,22.61,17.94
hoodie,premium,10.0,standard,CN,866,88,45,44,27.51,32.26,27.49
hoodie,mid,8.5,budget,CN,405,72,12,227,15.72,18.58,16.27
hoodie,basic,7.0,budget,CN,1251,114,37,113,11.0,12.82,10.84
hoodie,basic,7.0,standard,CN,1214,200,39,117,11.56,13.25,11.74
hoodie,basic,7.0,budget,CN,1590,99,30,331,9.57,12.43,9.93
hoodie,basic,7.0,premium,US,1624,200,36,341,14.16,17.22,13.55
hoodie,basic,7.0,standard,US,589,135,44,54,13.85,16.14,13.67
hoodie,basic,7.0,premium,US,1762,146,32,85,13.98,16.26,14.06
hoodie,basic,7.0,standard,US,615,153,21,193,12.75,14.57,13.23
hoodie,basic,7.0,standard,CN,1310,69,13,210,11.5,12.75,10.8
hoodie,premium,10.0,standard,CN,1351,111,22,162,25.57,25.44,24.06
hoodie,basic,7.0,budget,CN,1198,83,10,97,9.89,11.76,9.39
hoodie,mid,8.5,standard,US,1727,94,32,304,19.17,23.71,19.1
hoodie,basic,7.0,budget,CN,552,57,36,325,10.82,12.14,10.13
hoodie,premium,10.0,premium,CN,672,92,9,222,28.61,29.11,27.62
hoodie,mid,8.5,budget,US,1412,200,8,87,20.15,24.16,19.08
hoodie,basic,7.0,standard,US,354,69,30,124,13.4,15.44,13.69
hoodie,premium,10.0,standard,US,611,85,18,301,28.13,34.94,28.13
hoodie,mid,8.5,standard,US,1454,200,37,46,21.81,26.85,21.03
hoodie,mid,8.5,standard,US,1565,200,30,244,19.03,23.02,19.59
hoodie,mid,8.5,budget,MX,1564,200,41,127,17.77,19.74,16.53
hoodie,basic,7.0,standard,MX,1378,200,16,98,12.18,14.14,11.94
hoodie,basic,7.0,premium,US,1080,200,39,241,14.3,17.77,14.25
hoodie,premium,10.0,premium,CN,1464,200,33,290,30.23,32.31,29.01
hoodie,basic,7.0,standard,US,1021,87,30,283,13.71,14.91,13.97
hoodie,basic,7.0,premium,CN,527,99,32,37,12.59,16.55,13.11
hoodie,basic,7.0,budget,CN,1107,66,31,152,10.2,13.42,10.66
hoodie,premium,10.0,standard,US,27,12,19,291,32.91,37.26,33.36
hoodie,mid,8.5,standard,US,205,50,14,92,20.24,23.8,20.27
hoodie,basic,7.0,standard,US,491,108,27,266,12.59,15.81,12.74
hoodie,basic,7.0,standard,CN,953,200,17,128,11.44,11.99,11.34
hoodie,premium,10.0,standard,US,598,146,20,22,28.89,37.0,29.3
hoodie,mid,8.5,premium,CN,1434,104,22,329,18.52,23.42,19.42
hoodie,mid,8.5,premium,CN,573,52,34,215,22.51,25.66,21.56
hoodie,basic,7.0,standard,MX,27,12,34,246,11.36,12.52,11.67
hoodie,basic,7.0,standard,CN,1976,200,28,242,11.08,12.63,11.16
hoodie,mid,8.5,budget,CN,1367,185,9,174,15.67,19.4,16.16
hoodie,basic,7.0,premium,CN,323,48,23,216,12.56,15.01,12.7
hoodie,mid,8.5,standard,CN,30,12,33,345,19.87,23.77,19.89
hoodie,premium,10.0,budget,CN,1818,200,15,99,23.54,25.84,21.9
hoodie,premium,10.0,standard,CN,1590,200,20,121,28.23,31.75,26.66
hoodie,mid,8.5,budget,US,1847,200,29,105,17.24,22.78,18.09
hoodie,basic,7.0,standard,CN,750,59,20,165,10.8,12.54,11.26
hoodie,basic,7.0,premium,CN,623,143,40,48,13.56,15.91,12.82
hoodie,premium,10.0,budget,MX,1841,172,14,164,24.62,26.11,24.79
hoodie,basic,7.0,budget,CN,586,79,29,307,10.28,13.14,10.67
hoodie,basic,7.0,premium,US,589,123,19,18,14.34,15.03,13.68
hoodie,premium,10.0,standard,CN,1239,137,36,160,26.18,30.56,26.46
hoodie,basic,7.0,budget,CN,1238,143,11,196,9.76,11.38,9.91
hoodie,basic,7.0,premium,US,1841,200,41,111,14.95,15.82,14.44
hoodie,basic,7.0,standard,CN,340,67,18,314,13.34,14.12,12.53
hoodie,basic,7.0,standard,US,1975,166,21,64,11.77,12.94,11.41
hoodie,premium,10.0,standard,CN,1061,108,14,110,25.76,31.32,24.69
hoodie,mid,8.5,standard,CN,712,90,44,327,20.54,23.6,19.22
hoodie,mid,8.5,standard,CN,1817,200,10,92,17.2,18.23,16.65
hoodie,basic,7.0,standard,CN,797,169,37,182,10.79,13.39,11.2
hoodie,mid,8.5,budget,CN,979,68,24,251,16.16,19.05,16.17
hoodie,basic,7.0,premium,CN,1482,200,36,217,13.15,16.94,13.58
hoodie,basic,7.0,budget,CN,1064,100,32,283,10.97,13.8,10.9
hoodie,mid,8.5,standard,CN,1563,200,12,76,16.73,19.64,16.42
hoodie,mid,8.5,premium,CN,1369,200,7,25,21.17,25.33,20.6
hoodie,basic,7.0,budget,US,144,12,25,176,11.82,13.09,11.79
hoodie,mid,8.5,standard,CN,1131,80,29,314,18.09,21.76,18.19
hoodie,mid,8.5,budget,CN,609,36,12,327,16.37,17.95,16.31
hoodie,basic,7.0,premium,US,371,35,39,230,16.18,17.13,15.1
hoodie,premium,10.0,budget,CN,454,73,33,259,23.81,27.64,24.68
hoodie,basic,7.0,standard,US,1635,200,22,301,13.75,15.26,13.04
hoodie,basic,7.0,standard,CN,905,192,17,156,11.62,13.84,11.03
hoodie,mid,8.5,standard,CN,470,91,9,347,21.07,22.28,19.97
hoodie,mid,8.5,budget,US,1505,200,27,278,19.0,22.19,18.4
hoodie,mid,8.5,standard,CN,474,113,36,320,16.98,20.41,17.81
hoodie,basic,7.0,standard,US,92,12,44,32,15.13,17.65,14.27
hoodie,basic,7.0,budget,MX,1846,200,28,344,11.67,13.6,11.1
hoodie,basic,7.0,standard,US,449,82,37,354,14.73,16.27,13.81
hoodie,premium,10.0,budget,US,692,70,24,35,25.02,30.11,25.82
hoodie,mid,8.5,budget,CN,624,49,15,196,16.36,18.9,15.35
hoodie,basic,7.0,premium,US,557,57,30,90,15.21,15.99,14.83
hoodie,mid,8.5,standard,CN,1842,200,41,39,18.51,22.66,17.74
hoodie,basic,7.0,premium,CN,1053,131,27,84,12.84,14.11,12.53
hoodie,basic,7.0,budget,US,1856,200,35,90,11.66,13.0,11.7
hoodie,premium,10.0,standard,CN,593,105,40,34,27.67,32.1,26.03
hoodie,mid,8.5,standard,US,1075,62,22,162,22.61,25.19,21.01
hoodie,premium,10.0,premium,CN,1584,200,9,69,30.56,34.76,28.38
hoodie,mid,8.5,standard,US,1937,141,27,331,19.48,22.59,19.29
hoodie,basic,7.0,premium,US,1441,95,43,163,13.61,16.2,14.19
hoodie,mid,8.5,standard,CN,871,87,44,157,18.14,17.91,16.9
hoodie,basic,7.0,standard,US,802,91,30,330,13.29,15.04,12.54
hoodie,premium,10.0,budget,CN,521,64,12,183,22.74,28.89,23.49
hoodie,premium,10.0,standard,CN,1978,200,44,268,28.77,28.73,27.21
hoodie,basic,7.0,budget,US,258,36,15,321,12.42,12.65,11.75
hoodie,mid,8.5,premium,US,1001,154,45,72,22.58,23.72,22.06
hoodie,basic,7.0,standard,CN,973,143,20,192,10.69,10.95,10.27
hoodie,premium,10.0,standard,CN,1356,159,28,222,25.84,32.87,26.91
hoodie,basic,7.0,budget,CN,1134,124,8,115,10.22,12.11,10.25
hoodie,basic,7.0,budget,CN,671,164,31,242,10.85,11.66,10.3
hoodie,basic,7.0,standard,US,928,138,15,304,12.69,13.77,12.59
hoodie,mid,8.5,premium,CN,1662,84,16,300,20.74,22.5,20.79
hoodie,mid,8.5,premium,CN,1071,57,15,144,19.29,22.52,19.96
hoodie,mid,8.5,budget,CN,1389,200,23,304,15.39,16.76,15.95
hoodie,basic,7.0,standard,CN,1022,200,15,279,11.95,12.64,11.15
hoodie,mid,8.5,standard,CN,1112,170,20,103,18.9,20.76,18.89
hoodie,basic,7.0,standard,MX,1786,200,18,143,11.74,13.3,11.55
hoodie,mid,8.5,budget,MX,196,21,28,36,19.04,21.82,18.35
hoodie,mid,8.5,standard,CN,1509,200,36,357,17.52,18.71,17.61
hoodie,mid,8.5,standard,US,699,164,40,179,22.06,27.43,21.91
hoodie,premium,10.0,standard,CN,378,78,42,254,24.92,28.1,25.34
hoodie,mid,8.5,budget,US,1164,170,33,135,19.14,21.42,18.82
hoodie,basic,7.0,premium,MX,1110,113,12,110,13.92,14.12,13.07
hoodie,mid,8.5,standard,CN,82,12,20,355,17.7,22.1,18.57
hoodie,basic,7.0,budget,MX,1685,94,29,268,10.66,13.31,10.41
hoodie,mid,8.5,premium,CN,153,12,34,156,20.67,23.65,20.55
hoodie,basic,7.0,premium,CN,984,125,8,235,12.0,15.14,12.41
hoodie,mid,8.5,standard,MX,731,151,40,202,19.8,24.5,19.2
hoodie,basic,7.0,standard,CN,611,99,35,308,10.79,13.33,11.31
hoodie,mid,8.5,standard,MX,259,61,8,49,21.05,20.74,19.73
hoodie,basic,7.0,standard,US,563,95,23,322,14.15,15.92,13.27
hoodie,mid,8.5,standard,US,942,200,36,120,21.03,22.63,20.36
hoodie,premium,10.0,budget,US,1650,200,16,253,27.07,30.59,25.9
hoodie,basic,7.0,standard,US,1062,200,42,261,13.17,14.27,12.72
hoodie,basic,7.0,premium,US,573,86,45,315,14.88,17.48,15.5
hoodie,premium,10.0,standard,CN,1548,135,40,121,27.62,32.75,26.24
hoodie,premium,10.0,premium,CN,331,78,29,207,31.96,38.63,30.57
hoodie,basic,7.0,budget,CN,1342,155,24,62,9.91,11.16,9.86
hoodie,basic,7.0,premium,US,1112,200,24,208,13.9,16.66,14.07
hoodie,premium,10.0,budget,US,1592,200,42,14,28.33,30.42,27.9
hoodie,mid,8.5,budget,US,761,45,22,167,17.7,19.23,17.96
hoodie,mid,8.5,budget,US,1126,183,9,274,19.18,20.25,18.09
hoodie,mid,8.5,standard,CN,633,61,22,41,17.6,22.12,17.7
hoodie,mid,8.5,budget,US,1498,200,43,82,18.88,22.71,18.52
hoodie,basic,7.0,premium,US,48,12,41,45,14.87,18.12,14.79
hoodie,premium,10.0,premium,CN,1651,200,21,257,28.5,31.35,27.96
hoodie,basic,7.0,standard,CN,1666,200,39,73,11.91,14.35,11.7
hoodie,basic,7.0,budget,CN,909,124,43,116,11.04,12.06,10.31
hoodie,mid,8.5,budget,CN,358,26,16,96,15.81,17.76,16.42
hoodie,mid,8.5,standard,US,936,91,20,319,19.42,24.43,19.93
hoodie,basic,7.0,premium,MX,1272,107,37,351,14.46,17.17,13.81
hoodie,mid,8.5,premium,CN,485,35,27,117,19.16,23.26,19.85
hoodie,premium,10.0,standard,US,67,15,22,350,29.66,32.19,29.25
hoodie,basic,7.0,budget,US,940,185,23,139,11.76,14.07,11.79
hoodie,basic,7.0,standard,CN,1431,144,25,187,10.51,11.52,10.79
hoodie,mid,8.5,standard,CN,489,27,29,255,18.22,20.12,17.28
hoodie,premium,10.0,standard,CN,803,190,45,362,25.16,28.7,25.12
hoodie,mid,8.5,standard,US,41,12,21,18,21.39,26.87,21.13
hoodie,premium,10.0,budget,US,1771,148,32,190,26.83,29.78,27.39
hoodie,premium,10.0,budget,CN,1138,200,42,223,21.68,23.75,21.96
hoodie,premium,10.0,standard,US,502,42,23,252,29.61,33.75,30.12
hoodie,basic,7.0,standard,CN,785,120,37,263,12.9,14.78,12.23
hoodie,mid,8.5,standard,CN,1010,166,8,300,19.18,20.79,18.33
hoodie,mid,8.5,standard,US,893,200,45,122,22.6,25.27,21.13
hoodie,basic,7.0,standard,US,291,60,22,352,14.8,16.13,14.04
hoodie,basic,7.0,standard,MX,405,23,14,195,11.47,14.77,11.87
hoodie,basic,7.0,standard,CN,1698,148,29,324,10.03,12.7,10.52
hoodie,basic,7.0,budget,CN,1083,200,20,275,10.18,12.83,10.66
hoodie,basic,7.0,standard,CN,1191,200,15,98,11.45,12.75,10.83
hoodie,mid,8.5,budget,US,853,96,31,167,18.1,23.25,18.26
hoodie,mid,8.5,standard,US,352,78,43,218,22.49,25.65,21.4
hoodie,basic,7.0,budget,US,922,89,32,224,11.64,14.64,11.94
hoodie,mid,8.5,budget,CN,365,89,25,328,16.18,19.32,15.5
hoodie,basic,7.0,budget,CN,212,25,30,251,9.71,11.99,9.91
hoodie,mid,8.5,standard,CN,772,131,15,294,18.75,21.61,17.47
hoodie,mid,8.5,premium,MX,991,200,22,209,18.96,22.98,19.45
hoodie,basic,7.0,standard,MX,319,58,22,177,11.25,14.12,11.82
hoodie,mid,8.5,standard,US,230,54,20,82,21.72,24.15,21.05
hoodie,mid,8.5,premium,CN,125,12,14,163,19.79,25.67,20.17
hoodie,premium,10.0,standard,CN,1066,200,16,358,25.94,29.05,26.81
hoodie,mid,8.5,standard,CN,1916,200,13,299,18.14,21.72,17.13
hoodie,basic,7.0,standard,CN,1253,200,11,86,11.07,12.24,10.99
hoodie,basic,7.0,standard,CN,551,116,9,80,10.71,12.41,11.13
hoodie,mid,8.5,standard,US,214,22,35,66,21.4,23.86,22.28
hoodie,premium,10.0,standard,CN,136,12,16,153,25.8,29.75,26.53
hoodie,mid,8.5,standard,US,1500,200,20,355,19.92,23.32,19.19
hoodie,basic,7.0,budget,US,971,200,8,249,11.6,12.25,11.38
hoodie,basic,7.0,budget,CN,1778,200,12,57,10.78,11.62,10.28
hoodie,basic,7.0,premium,CN,1755,200,35,195,12.91,14.37,12.54
hoodie,basic,7.0,standard,US,835,169,23,246,12.14,14.06,12.72
hoodie,basic,7.0,premium,US,1100,112,32,62,14.97,17.95,14.69
hoodie,premium,10.0,budget,US,1599,200,10,276,26.08,25.89,24.29
hoodie,basic,7.0,premium,CN,39,12,15,26,13.53,17.15,13.9
hoodie,basic,7.0,standard,US,1143,118,21,361,12.93,15.75,12.5
hoodie,basic,7.0,standard,US,1584,200,41,292,12.27,14.81,11.85
hoodie,mid,8.5,budget,CN,1914,200,26,184,16.56,18.56,15.38
hoodie,basic,7.0,budget,US,1642,132,24,127,11.41,12.48,11.58
hoodie,mid,8.5,standard,MX,1950,190,18,317,17.06,18.77,17.23
hoodie,mid,8.5,standard,US,45,12,31,242,22.04,27.61,22.21
hoodie,mid,8.5,premium,CN,398,89,20,136,21.11,24.12,20.11
hoodie,basic,7.0,standard,MX,1014,93,15,75,10.81,12.64,10.71
hoodie,mid,8.5,premium,CN,1993,200,45,329,21.43,23.51,20.73
hoodie,mid,8.5,budget,CN,697,114,37,320,16.22,19.45,15.64
hoodie,basic,7.0,budget,CN,999,194,7,191,9.09,10.0,9.06
hoodie,mid,8.5,premium,US,1061,200,40,130,22.0,24.19,22.17
hoodie,basic,7.0,standard,CN,1825,200,43,295,11.33,11.96,11.3
hoodie,mid,8.5,standard,CN,1345,188,38,84,19.79,21.44,18.67
hoodie,basic,7.0,premium,US,731,139,45,125,15.01,18.46,15.67
hoodie,premium,10.0,standard,US,1697,200,41,19,27.62,34.36,26.87
hoodie,basic,7.0,premium,US,1138,200,40,202,14.28,15.4,14.35
hoodie,basic,7.0,premium,CN,1382,200,11,223,12.44,15.72,12.83
hoodie,basic,7.0,standard,US,567,42,22,193,13.62,14.64,13.39
hoodie,basic,7.0,standard,CN,1636,200,39,311,11.27,14.79,11.84
hoodie,mid,8.5,budget,MX,520,116,35,163,18.4,19.85,18.64
hoodie,basic,7.0,premium,CN,1820,200,28,362,13.74,14.05,13.18
hoodie,basic,7.0,standard,CN,1710,200,33,193,10.37,12.71,10.8
hoodie,mid,8.5,budget,CN,1471,200,23,118,16.18,18.29,15.2
hoodie,basic,7.0,standard,CN,731,52,33,320,11.08,12.83,11.03
hoodie,mid,8.5,standard,US,1468,161,8,130,20.81,24.06,19.96
hoodie,premium,10.0,budget,CN,1942,200,7,273,22.84,24.92,22.44
hoodie,basic,7.0,premium,CN,313,42,33,212,13.72,16.59,12.99
hoodie,premium,10.0,budget,CN,1304,113,35,227,21.43,26.16,21.81
hoodie,mid,8.5,budget,US,454,90,16,223,17.69,21.87,18.59
hoodie,basic,7.0,standard,CN,121,12,21,61,11.56,13.89,11.66
hoodie,basic,7.0,premium,CN,1873,191,42,36,12.3,14.95,12.82
hoodie,premium,10.0,standard,US,70,17,30,56,30.99,32.37,30.05
hoodie,basic,7.0,premium,CN,239,38,22,159,13.04,14.43,13.05
hoodie,basic,7.0,premium,CN,242,19,34,268,13.96,15.87,13.78
hoodie,basic,7.0,budget,CN,288,65,18,146,10.79,12.18,10.39
hoodie,premium,10.0,premium,MX,1889,200,10,151,29.17,37.63,30.37
hoodie,basic,7.0,standard,CN,598,142,39,18,12.43,13.28,12.06
hoodie,basic,7.0,standard,MX,1756,200,37,211,11.36,13.02,11.84
hoodie,basic,7.0,budget,CN,218,20,12,28,12.02,12.45,11.17
hoodie,basic,7.0,standard,CN,263,54,15,167,12.43,14.35,11.58
hoodie,mid,8.5,standard,CN,562,37,25,303,19.08,20.87,19.26
hoodie,premium,10.0,standard,CN,33,12,34,282,27.19,29.7,27.0
hoodie,basic,7.0,standard,CN,1883,200,39,231,10.59,10.97,10.3
hoodie,mid,8.5,budget,CN,994,200,36,192,16.17,18.02,16.84
hoodie,mid,8.5,budget,US,1639,166,40,123,18.41,22.43,18.34
hoodie,basic,7.0,budget,CN,1035,148,33,202,9.5,11.27,9.44
hoodie,basic,7.0,premium,MX,1512,158,37,121,14.13,14.88,13.62
hoodie,basic,7.0,standard,CN,893,116,24,198,11.4,12.44,10.75
hoodie,mid,8.5,premium,US,1848,200,10,223,23.31,24.28,21.8
hoodie,basic,7.0,standard,CN,1382,200,31,208,10.8,12.08,11.33
hoodie,premium,10.0,standard,CN,646,91,27,351,26.19,30.18,25.99
hoodie,basic,7.0,premium,US,912,168,39,188,13.07,16.05,13.25
hoodie,basic,7.0,standard,CN,31,12,21,255,11.23,12.59,11.77
hoodie,basic,7.0,premium,US,605,63,45,105,14.83,17.8,15.08
hoodie,mid,8.5,standard,US,762,50,26,220,21.54,25.74,21.66
hoodie,mid,8.5,premium,CN,405,94,22,48,19.29,21.18,19.69
hoodie,mid,8.5,standard,US,574,121,30,210,19.33,24.33,19.76
hoodie,basic,7.0,standard,US,1052,200,40,226,13.82,16.57,13.74
hoodie,mid,8.5,budget,MX,764,85,37,173,14.74,19.76,15.45
hoodie,mid,8.5,budget,US,1701,200,13,146,17.27,18.74,16.82
hoodie,basic,7.0,budget,US,1177,125,11,291,11.68,14.95,11.82
hoodie,premium,10.0,premium,US,1954,200,26,336,32.25,38.97,32.59
hoodie,mid,8.5,standard,CN,1226,200,32,149,19.61,22.21,19.48
hoodie,mid,8.5,standard,CN,172,17,7,99,17.49,20.47,16.99
hoodie,mid,8.5,standard,CN,546,91,40,353,18.05,22.89,18.57
hoodie,mid,8.5,standard,CN,1518,200,14,144,17.48,21.41,17.56
hoodie,premium,10.0,budget,CN,1303,200,18,142,22.62,25.36,23.36
hoodie,mid,8.5,standard,CN,758,146,40,76,17.56,20.93,18.05
hoodie,premium,10.0,standard,US,169,30,43,119,29.86,34.48,31.12
hoodie,mid,8.5,standard,CN,894,188,16,226,19.15,20.26,18.07
hoodie,basic,7.0,budget,MX,1766,200,19,46,10.03,11.82,10.04
hoodie,premium,10.0,budget,CN,1761,200,22,321,22.3,25.38,21.24
hoodie,mid,8.5,standard,CN,29,12,39,213,21.0,23.97,19.49
hoodie,basic,7.0,budget,CN,619,126,7,105,10.03,10.8,10.09
hoodie,mid,8.5,standard,MX,189,31,20,325,21.45,23.17,20.68
hoodie,basic,7.0,premium,CN,1677,200,33,303,12.38,12.94,12.06
hoodie,mid,8.5,budget,MX,1915,200,43,192,17.93,18.25,17.35
hoodie,basic,7.0,standard,CN,811,200,13,309,11.25,12.15,10.98
hoodie,mid,8.5,standard,CN,146,19,17,150,20.86,23.68,19.6
hoodie,mid,8.5,standard,US,1850,161,40,260,21.36,23.68,21.07
hoodie,premium,10.0,premium,CN,1538,169,17,35,29.44,30.48,28.3
hoodie,basic,7.0,standard,CN,361,45,38,220,11.87,13.03,11.02
hoodie,mid,8.5,standard,CN,173,12,22,143,20.97,22.65,19.42
hoodie,mid,8.5,standard,MX,1262,108,12,259,19.55,21.26,18.67
hoodie,mid,8.5,standard,US,567,78,40,277,22.82,26.6,21.56
hoodie,basic,7.0,budget,US,630,137,34,327,11.36,12.27,11.41
hoodie,basic,7.0,budget,CN,201,19,25,277,10.84,11.66,10.36
hoodie,premium,10.0,budget,CN,393,39,8,73,24.72,29.8,23.44
hoodie,mid,8.5,premium,US,257,55,45,112,24.39,27.76,22.84
hoodie,mid,8.5,budget,US,936,200,25,171,19.16,22.36,18.43
hoodie,basic,7.0,standard,US,1684,170,34,305,12.86,15.65,12.8
hoodie,basic,7.0,standard,CN,282,46,36,52,12.52,13.53,12.22
hoodie,mid,8.5,standard,US,1362,200,22,184,20.82,23.15,19.96
hoodie,basic,7.0,standard,US,1726,200,12,169,11.48,13.5,11.98
hoodie,basic,7.0,standard,US,253,59,16,168,13.7,16.57,13.76
hoodie,mid,8.5,budget,US,1912,200,19,364,17.47,21.56,18.18
hoodie,mid,8.5,premium,US,1197,200,41,318,23.2,27.58,22.51
hoodie,basic,7.0,standard,CN,59,12,40,266,11.59,14.44,12.16
hoodie,basic,7.0,standard,CN,1615,200,27,47,12.18,11.9,11.29
hoodie,premium,10.0,standard,CN,1745,200,22,239,25.39,30.52,25.97
hoodie,mid,8.5,standard,US,1082,95,23,136,21.09,25.19,20.8
hoodie,mid,8.5,premium,CN,978,161,20,173,18.64,21.73,19.49
hoodie,mid,8.5,budget,US,181,23,31,149,19.03,22.66,18.16
hoodie,premium,10.0,standard,CN,791,109,36,275,27.21,28.77,26.0
hoodie,basic,7.0,premium,CN,319,64,9,326,13.44,17.5,14.05
hoodie,mid,8.5,standard,CN,451,38,36,122,16.98,20.84,17.04
hoodie,mid,8.5,standard,MX,758,150,22,339,18.86,21.68,18.4
hoodie,basic,7.0,standard,CN,1499,200,23,241,11.87,13.24,11.01
hoodie,premium,10.0,standard,US,417,59,35,364,30.62,38.7,30.77
hoodie,basic,7.0,budget,CN,1181,200,10,321,11.13,12.33,10.44
hoodie,basic,7.0,standard,US,1422,180,39,181,13.26,14.2,13.08
hoodie,mid,8.5,standard,US,1293,91,39,290,19.14,22.32,19.93
hoodie,mid,8.5,standard,US,484,110,41,81,24.11,28.25,22.53
hoodie,mid,8.5,standard,US,1084,200,17,155,21.76,25.19,21.0
hoodie,premium,10.0,standard,US,162,35,9,288,32.17,33.61,30.4
hoodie,premium,10.0,premium,US,1989,200,25,99,32.74,40.56,32.67
hoodie,mid,8.5,standard,US,825,187,24,154,21.66,24.1,20.51
hoodie,premium,10.0,standard,CN,1016,102,44,79,27.87,27.97,25.82
hoodie,premium,10.0,standard,MX,447,23,15,117,27.54,32.28,27.63
hoodie,mid,8.5,standard,CN,182,27,43,323,19.45,23.02,18.82
hoodie,basic,7.0,premium,CN,1402,200,36,57,11.51,12.98,11.71
hoodie,premium,10.0,budget,US,271,64,14,48,27.18,31.7,26.27
hoodie,premium,10.0,budget,CN,1299,90,44,240,24.98,26.75,24.53
hoodie,mid,8.5,standard,MX,573,139,34,316,20.19,23.46,18.76
hoodie,basic,7.0,budget,CN,1872,200,28,142,9.58,10.88,9.91
hoodie,basic,7.0,budget,MX,1092,126,21,294,10.04,10.39,9.82
hoodie,premium,10.0,standard,US,1078,66,8,117,30.6,39.36,31.46
hoodie,basic,7.0,budget,MX,923,200,10,276,9.4,11.65,9.88
hoodie,premium,10.0,standard,US,1475,91,26,155,30.35,36.55,29.06
hoodie,basic,7.0,standard,US,1462,139,25,192,12.6,13.98,12.7
hoodie,mid,8.5,standard,US,674,128,39,361,19.89,22.6,20.81
hoodie,basic,7.0,standard,CN,865,180,31,202,10.81,11.92,11.34
hoodie,premium,10.0,premium,MX,455,25,36,172,29.64,37.85,31.07
hoodie,premium,10.0,standard,US,482,83,24,321,29.59,33.85,27.96
hoodie,basic,7.0,premium,CN,494,88,40,110,12.86,16.81,13.23
hoodie,basic,7.0,standard,CN,1713,196,35,335,10.78,12.17,10.81
hoodie,mid,8.5,standard,CN,1459,146,44,77,17.64,20.71,16.69
hoodie,basic,7.0,standard,US,1515,94,17,145,14.11,16.84,13.45
hoodie,basic,7.0,budget,CN,1339,144,30,91,9.94,11.05,9.99
hoodie,mid,8.5,premium,US,1321,200,34,143,23.69,28.63,22.79
hoodie,basic,7.0,standard,MX,1886,200,15,62,11.57,13.65,11.97
hoodie,premium,10.0,premium,US,28,12,37,15,35.77,41.69,34.11
hoodie,mid,8.5,standard,US,1024,134,20,167,19.89,24.84,20.36
hoodie,mid,8.5,budget,US,919,75,20,254,18.15,21.99,17.73
hoodie,mid,8.5,premium,US,1765,90,32,15,22.67,26.91,22.53
hoodie,mid,8.5,premium,CN,1359,200,10,47,19.21,23.1,19.66
hoodie,basic,7.0,standard,MX,705,47,41,343,11.77,12.92,11.07
hoodie,basic,7.0,standard,US,717,104,26,218,12.78,15.03,12.63
hoodie,basic,7.0,premium,CN,1624,200,17,334,12.94,13.93,13.03
hoodie,mid,8.5,standard,CN,460,71,20,100,17.72,20.07,17.51
hoodie,mid,8.5,budget,CN,251,60,22,62,15.87,18.77,15.94
hoodie,premium,10.0,premium,MX,1591,128,35,274,30.68,32.04,30.0
hoodie,premium,10.0,standard,US,489,70,34,70,27.33,31.4,28.42
hoodie,basic,7.0,budget,CN,1943,200,12,64,9.82,10.84,9.68
hoodie,basic,7.0,standard,US,775,85,10,313,12.64,15.8,12.45
hoodie,basic,7.0,budget,US,795,110,13,106,11.09,12.43,11.26
hoodie,mid,8.5,standard,CN,566,44,43,295,18.62,21.2,18.18
hoodie,mid,8.5,standard,CN,1099,179,43,108,17.57,21.74,18.11
hoodie,mid,8.5,budget,CN,302,54,33,95,17.43,17.74,16.35
hoodie,mid,8.5,standard,US,1131,200,38,117,19.08,24.4,19.48
hoodie,basic,7.0,premium,MX,553,55,44,189,15.69,16.0,14.63
hoodie,mid,8.5,standard,MX,1070,200,21,15,19.86,21.59,18.67
hoodie,basic,7.0,standard,US,1059,163,32,221,13.38,14.94,13.37
hoodie,mid,8.5,budget,MX,1657,200,22,163,15.6,18.31,15.83
hoodie,mid,8.5,premium,CN,1666,200,38,207,19.06,20.55,19.37
hoodie,mid,8.5,budget,CN,1492,131,7,236,16.13,18.5,15.04
hoodie,basic,7.0,premium,CN,799,82,11,211,12.9,13.81,12.82
hoodie,basic,7.0,budget,US,1281,198,20,352,11.83,12.73,12.09
hoodie,mid,8.5,standard,CN,1672,200,10,300,18.56,21.34,17.84
hoodie,basic,7.0,budget,CN,265,43,17,105,10.96,12.36,10.88
hoodie,basic,7.0,standard,CN,992,179,27,258,11.41,14.08,11.25
hoodie,mid,8.5,budget,US,1678,200,22,328,17.87,19.2,17.01
hoodie,mid,8.5,budget,CN,1854,200,23,246,15.76,18.29,15.43
hoodie,mid,8.5,premium,CN,98,20,42,202,21.88,27.07,22.24
hoodie,mid,8.5,premium,US,1284,200,23,84,24.16,26.94,23.06
hoodie,basic,7.0,standard,MX,1823,200,8,164,11.34,12.67,10.75
hoodie,basic,7.0,standard,CN,1338,200,7,93,11.18,12.45,11.64
hoodie,premium,10.0,budget,US,964,172,15,304,29.22,34.23,27.31
hoodie,basic,7.0,standard,US,33,12,38,357,15.06,17.49,14.15
hoodie,basic,7.0,standard,US,1711,154,39,242,13.25,14.79,12.47
hoodie,basic,7.0,standard,MX,613,60,18,103,13.05,13.57,12.17
hoodie,mid,8.5,budget,CN,1034,200,38,255,17.21,21.77,17.53
hoodie,mid,8.5,budget,CN,1596,200,33,215,15.42,18.75,16.18
hoodie,mid,8.5,premium,CN,490,79,21,159,18.44,20.08,18.83
hoodie,mid,8.5,standard,CN,251,58,26,30,19.32,21.47,18.63
hoodie,premium,10.0,standard,CN,628,37,24,262,26.08,32.38,25.72
hoodie,mid,8.5,premium,CN,1833,200,10,272,19.05,22.06,18.72
hoodie,mid,8.5,premium,US,1211,138,24,266,23.94,25.59,22.39
hoodie,mid,8.5,budget,US,1331,117,42,72,18.32,19.99,18.73
hoodie,basic,7.0,budget,US,1556,200,28,225,12.43,14.18,11.62
hoodie,basic,7.0,budget,CN,1688,177,45,98,10.84,11.84,10.54
hoodie,basic,7.0,budget,CN,157,32,28,23,10.44,10.89,10.3
hoodie,basic,7.0,standard,US,1521,200,14,149,14.38,15.49,13.47
hoodie,mid,8.5,premium,US,162,18,12,80,24.23,25.28,22.56
hoodie,basic,7.0,budget,MX,564,35,45,262,10.82,11.66,10.57
hoodie,mid,8.5,standard,US,1245,76,29,250,19.64,25.95,20.67
hoodie,mid,8.5,standard,US,875,78,11,136,19.48,21.97,20.25
hoodie,mid,8.5,standard,US,1000,126,31,187,21.35,26.59,21.55
hoodie,premium,10.0,standard,US,464,105,41,166,28.25,32.94,29.1
hoodie,mid,8.5,budget,US,163,12,9,244,19.18,23.72,19.2
hoodie,basic,7.0,premium,US,1028,89,11,218,13.58,16.04,13.8
hoodie,basic,7.0,premium,CN,453,54,22,142,12.88,14.25,11.98
hoodie,basic,7.0,standard,US,692,161,11,277,11.76,14.21,12.24
hoodie,premium,10.0,standard,CN,829,73,16,120,24.43,32.12,25.26
hoodie,basic,7.0,premium,CN,1619,131,21,178,12.62,14.34,12.85
hoodie,mid,8.5,standard,CN,305,46,13,236,17.16,21.33,17.69
hoodie,mid,8.5,premium,MX,1542,200,37,15,20.08,21.56,19.01
hoodie,basic,7.0,budget,CN,1524,200,34,38,10.84,10.71,10.1
hoodie,premium,10.0,premium,CN,185,36,37,152,30.83,39.01,31.23
hoodie,mid,8.5,standard,US,268,33,42,296,21.7,27.34,21.93
hoodie,basic,7.0,premium,US,397,78,8,163,14.8,15.88,14.01
hoodie,basic,7.0,standard,CN,1959,106,17,280,10.71,12.54,10.92
hoodie,basic,7.0,budget,CN,1819,200,27,142,9.47,10.62,9.7
hoodie,basic,7.0,premium,CN,886,57,43,294,12.2,15.41,12.21
hoodie,mid,8.5,premium,US,1340,200,34,82,21.2,24.76,21.74
hoodie,basic,7.0,standard,US,279,62,31,131,13.31,14.9,13.62
hoodie,premium,10.0,budget,MX,624,53,45,42,26.9,32.44,26.53
hoodie,premium,10.0,standard,CN,1981,200,17,235,25.82,31.29,25.3
hoodie,mid,8.5,premium,CN,109,25,43,37,20.47,22.88,20.92
hoodie,basic,7.0,standard,US,1320,174,12,199,13.53,14.75,12.98
hoodie,basic,7.0,premium,CN,1361,174,27,264,13.59,16.25,12.95
hoodie,basic,7.0,budget,US,1597,200,14,19,12.12,14.53,11.55
hoodie,premium,10.0,budget,CN,1870,200,20,202,24.69,26.55,23.04
hoodie,mid,8.5,budget,US,573,109,45,44,19.82,21.84,19.36
hoodie,basic,7.0,standard,US,823,180,30,253,13.59,16.95,14.01
hoodie,basic,7.0,premium,CN,1762,200,26,274,11.91,13.75,12.11
hoodie,basic,7.0,standard,CN,450,48,30,38,11.66,12.69,11.2
hoodie,premium,10.0,standard,US,630,138,33,102,26.72,32.28,27.59
hoodie,basic,7.0,standard,US,796,143,36,76,14.25,15.38,13.44
hoodie,premium,10.0,standard,MX,528,60,45,197,27.59,31.88,26.54
hoodie,mid,8.5,standard,US,978,200,45,170,18.79,21.94,18.61
hoodie,mid,8.5,standard,US,1388,170,38,114,17.87,22.78,18.67
hoodie,mid,8.5,standard,MX,1808,200,35,86,17.91,21.82,18.24
hoodie,mid,8.5,budget,CN,1020,193,11,100,15.49,17.83,15.82
hoodie,mid,8.5,budget,CN,521,38,23,28,14.56,17.58,15.31
hoodie,basic,7.0,budget,US,321,18,18,353,12.11,12.45,11.31
hoodie,mid,8.5,premium,CN,898,64,8,271,20.28,21.78,19.35
hoodie,mid,8.5,budget,CN,1449,200,19,209,15.65,17.19,15.69
hoodie,mid,8.5,budget,CN,556,36,41,235,14.28,17.62,14.19
hoodie,basic,7.0,standard,CN,811,120,10,330,12.11,13.76,11.26
hoodie,premium,10.0,premium,CN,1455,200,27,176,29.68,29.6,28.1
hoodie,mid,8.5,standard,CN,909,85,9,197,16.34,19.43,16.42
hoodie,premium,10.0,budget,US,424,52,10,156,26.27,29.96,26.0
hoodie,premium,10.0,standard,CN,528,26,8,222,28.6,33.33,29.67
hoodie,basic,7.0,budget,CN,1652,200,24,87,9.77,11.39,10.01
hoodie,premium,10.0,budget,US,1844,200,28,205,26.94,29.42,27.59
hoodie,mid,8.5,standard,MX,1135,98,24,122,19.75,19.93,18.59
hoodie,basic,7.0,premium,US,1714,97,28,171,14.83,17.16,14.36
hoodie,mid,8.5,standard,MX,1777,200,27,275,20.06,23.45,20.58
hoodie,basic,7.0,budget,CN,1687,200,42,145,10.88,12.22,10.55
hoodie,basic,7.0,standard,MX,1885,200,30,122,12.56,13.95,12.29
hoodie,premium,10.0,standard,CN,1937,200,45,115,26.2,30.13,26.91
hoodie,mid,8.5,premium,CN,35,12,10,130,23.9,25.91,22.23
hoodie,mid,8.5,budget,CN,1637,200,36,239,15.96,17.67,15.97
hoodie,basic,7.0,standard,CN,1097,60,28,314,10.99,13.74,11.43
hoodie,basic,7.0,premium,US,1372,200,45,244,15.97,16.84,15.35
hoodie,premium,10.0,budget,US,725,175,16,144,25.6,29.65,26.34
hoodie,mid,8.5,standard,US,1926,200,43,86,20.89,22.15,19.48
hoodie,premium,10.0,standard,MX,1559,200,22,350,24.05,31.09,24.42
hoodie,mid,8.5,budget,CN,1157,197,29,187,15.42,19.26,15.98
hoodie,basic,7.0,standard,CN,992,194,42,175,11.95,15.0,12.32
hoodie,basic,7.0,standard,CN,1642,192,34,153,10.57,12.58,11.11
hoodie,mid,8.5,premium,CN,206,43,9,150,21.49,23.66,20.96
hoodie,basic,7.0,budget,CN,1861,200,38,106,10.05,10.53,10.03
hoodie,basic,7.0,standard,CN,1412,93,34,244,10.97,14.02,11.36
hoodie,mid,8.5,standard,CN,458,66,35,108,18.3,23.05,19.23
hoodie,basic,7.0,standard,US,83,14,9,276,13.94,16.75,13.83
hoodie,mid,8.5,premium,CN,184,12,15,262,20.96,26.13,20.81
hoodie,mid,8.5,standard,US,520,48,44,235,20.57,22.68,21.4
hoodie,mid,8.5,budget,CN,1074,105,36,323,17.95,21.52,17.24
hoodie,mid,8.5,standard,CN,1386,200,30,305,16.77,18.72,17.4
hoodie,mid,8.5,standard,CN,629,60,45,254,17.18,20.9,17.96
hoodie,basic,7.0,premium,MX,525,91,35,108,13.12,16.2,13.49
hoodie,premium,10.0,standard,US,469,74,8,247,30.45,35.35,28.57
hoodie,mid,8.5,budget,CN,741,140,35,322,16.7,20.45,16.8
hoodie,mid,8.5,budget,US,899,195,23,103,18.17,22.81,18.73
hoodie,mid,8.5,budget,MX,546,135,34,64,16.35,19.23,15.63
hoodie,basic,7.0,budget,CN,289,39,35,269,11.3,13.79,10.89
hoodie,basic,7.0,standard,CN,1217,200,43,213,11.75,14.82,11.89
hoodie,mid,8.5,budget,CN,343,76,7,179,17.09,20.26,16.04
hoodie,basic,7.0,premium,US,1904,200,29,215,13.81,14.64,13.2
hoodie,mid,8.5,standard,CN,1277,200,11,74,18.31,18.96,17.31
hoodie,basic,7.0,budget,CN,1206,200,35,112,10.08,12.89,10.16
hoodie,mid,8.5,budget,CN,257,45,17,311,17.33,20.9,16.77
hoodie,mid,8.5,standard,US,1642,200,7,325,19.18,23.25,19.43
hoodie,mid,8.5,standard,US,1458,200,29,17,19.29,20.86,19.49
hoodie,mid,8.5,premium,CN,1988,149,22,342,21.95,23.06,20.95
hoodie,basic,7.0,standard,US,522,71,23,343,15.41,16.2,14.27
hoodie,basic,7.0,premium,MX,735,61,26,304,14.04,14.15,13.24
hoodie,mid,8.5,standard,CN,1976,114,36,87,17.45,18.32,17.34
hoodie,basic,7.0,standard,MX,1683,193,14,294,11.78,12.91,12.27
hoodie,mid,8.5,budget,US,1701,200,43,118,18.49,19.93,17.75
hoodie,basic,7.0,budget,CN,774,116,15,84,10.4,12.42,9.98
hoodie,basic,7.0,standard,CN,104,25,14,325,12.08,12.79,12.11
hoodie,premium,10.0,budget,US,1746,200,31,89,27.37,28.89,26.13
hoodie,basic,7.0,standard,US,1914,127,41,298,13.15,15.71,12.77
hoodie,mid,8.5,budget,MX,780,172,45,204,19.12,19.49,18.03
hoodie,premium,10.0,standard,US,1421,125,24,351,29.84,35.18,31.29
hoodie,basic,7.0,premium,US,562,130,38,247,13.78,15.57,14.28
hoodie,basic,7.0,premium,CN,322,45,7,210,13.88,14.77,12.92
hoodie,basic,7.0,standard,US,713,125,22,63,12.4,16.05,12.72
hoodie,mid,8.5,premium,CN,464,59,28,60,19.5,25.6,20.2
hoodie,basic,7.0,standard,CN,201,28,34,16,11.36,14.29,11.51
hoodie,basic,7.0,premium,CN,249,23,19,26,13.14,14.17,12.45
hoodie,premium,10.0,budget,US,413,95,7,218,29.06,35.52,28.06
hoodie,basic,7.0,standard,US,49,12,17,60,13.06,16.3,13.34
hoodie,mid,8.5,budget,MX,1678,200,13,321,17.03,18.12,15.97
hoodie,basic,7.0,budget,CN,912,200,20,308,9.92,11.46,9.97
hoodie,basic,7.0,budget,CN,719,104,14,80,9.84,12.86,10.31
hoodie,basic,7.0,standard,US,1210,200,7,353,13.55,14.78,13.63
hoodie,premium,10.0,standard,US,1729,200,22,261,29.33,34.39,29.22
hoodie,premium,10.0,standard,CN,293,53,16,21,24.93,30.98,25.93
hoodie,premium,10.0,budget,US,379,58,21,57,29.92,33.6,29.06
hoodie,mid,8.5,premium,CN,1668,200,45,204,20.52,24.77,19.58
hoodie,mid,8.5,premium,CN,631,93,11,140,19.65,21.39,20.29
hoodie,basic,7.0,budget,CN,1652,162,43,233,10.07,11.41,9.56
hoodie,mid,8.5,standard,US,591,143,42,123,20.25,26.75,21.1
hoodie,mid,8.5,premium,US,1104,200,12,358,22.46,25.34,23.23
hoodie,basic,7.0,standard,CN,1925,200,15,85,11.06,14.0,11.49
hoodie,basic,7.0,standard,US,582,38,28,275,12.66,16.53,13.21
hoodie,mid,8.5,standard,US,1172,200,19,131,18.42,20.69,18.23
hoodie,basic,7.0,budget,US,593,124,26,19,13.07,13.78,12.18
hoodie,premium,10.0,standard,US,1446,95,14,94,30.27,36.47,30.47
hoodie,mid,8.5,standard,MX,162,12,33,20,22.34,22.31,20.71
hoodie,basic,7.0,budget,US,814,121,44,71,11.66,14.05,11.38
hoodie,basic,7.0,budget,MX,224,29,35,204,12.27,13.93,11.7
hoodie,basic,7.0,budget,CN,1827,94,43,282,10.01,11.41,10.41
hoodie,premium,10.0,standard,CN,1966,200,30,271,25.45,29.83,24.34
hoodie,premium,10.0,premium,MX,1708,200,29,169,31.9,36.3,29.74
hoodie,premium,10.0,standard,CN,203,49,17,54,27.92,32.99,27.83
hoodie,basic,7.0,standard,US,1892,200,19,43,12.1,15.69,12.26
hoodie,basic,7.0,budget,US,991,196,24,327,11.46,12.45,10.94
hoodie,mid,8.5,premium,US,233,16,37,347,24.81,26.72,23.49
hoodie,basic,7.0,budget,CN,674,109,14,65,9.61,10.72,10.08
hoodie,mid,8.5,budget,CN,319,63,41,123,17.28,18.79,17.23
hoodie,basic,7.0,standard,US,1692,163,30,221,13.36,14.47,12.94
hoodie,mid,8.5,standard,US,734,44,28,154,21.62,25.78,21.23
hoodie,mid,8.5,budget,CN,749,45,15,89,16.72,18.24,15.71
hoodie,mid,8.5,budget,CN,1252,77,26,210,16.74,20.16,16.25
hoodie,basic,7.0,budget,MX,773,99,37,65,11.54,13.05,10.78
hoodie,premium,10.0,budget,US,1047,200,15,54,25.23,29.5,25.57
hoodie,basic,7.0,budget,CN,855,63,29,280,10.1,11.23,9.88
hoodie,mid,8.5,budget,CN,1820,200,38,219,16.35,18.02,15.32
hoodie,mid,8.5,standard,MX,1805,200,25,142,17.54,19.35,17.09
hoodie,mid,8.5,budget,CN,1163,157,17,221,14.95,17.62,14.77
hoodie,basic,7.0,budget,CN,1020,172,20,290,9.49,10.2,9.68
hoodie,basic,7.0,standard,CN,1058,134,33,122,10.63,12.08,10.94
hoodie,basic,7.0,budget,CN,1566,200,22,256,9.9,12.79,10.01
hoodie,basic,7.0,standard,CN,1686,191,34,167,10.24,11.56,10.7
hoodie,mid,8.5,budget,US,713,102,31,172,19.0,22.81,18.6
hoodie,basic,7.0,standard,US,354,29,32,157,12.03,15.37,12.39
hoodie,basic,7.0,standard,MX,1311,114,7,155,10.78,13.57,11.34
hoodie,premium,10.0,budget,MX,1283,130,40,226,24.87,28.48,25.15
hoodie,basic,7.0,budget,US,506,101,17,238,12.93,13.57,12.46
hoodie,basic,7.0,premium,CN,1995,200,11,129,12.79,15.37,12.53
hoodie,mid,8.5,premium,US,1442,125,41,56,22.24,27.83,23.4
hoodie,basic,7.0,budget,CN,786,176,33,78,9.29,11.36,9.66
hoodie,basic,7.0,premium,CN,90,17,45,64,14.47,15.4,13.51
hoodie,mid,8.5,budget,US,130,26,9,110,17.69,22.48,18.41
hoodie,mid,8.5,standard,CN,1024,200,16,92,17.91,19.84,17.61
hoodie,mid,8.5,standard,CN,1368,200,36,208,18.56,20.47,17.97
hoodie,basic,7.0,budget,US,41,12,25,166,12.08,14.25,12.28
hoodie,basic,7.0,budget,CN,264,15,31,76,11.36,12.34,11.0
hoodie,basic,7.0,budget,CN,327,18,22,290,11.34,12.14,10.52
hoodie,mid,8.5,standard,US,306,51,11,274,19.57,23.92,20.22
hoodie,premium,10.0,budget,CN,1545,189,13,160,24.12,28.98,23.05
hoodie,premium,10.0,standard,MX,505,55,17,331,27.89,28.93,26.3
hoodie,basic,7.0,standard,CN,1330,158,26,110,12.41,12.81,11.53
hoodie,basic,7.0,standard,US,937,176,23,83,11.99,13.55,12.61
hoodie,mid,8.5,standard,US,71,15,18,275,20.96,22.9,21.38
hoodie,basic,7.0,standard,MX,112,15,12,353,12.61,14.91,12.12
hoodie,premium,10.0,standard,CN,1732,143,39,52,28.75,32.14,27.51
hoodie,basic,7.0,budget,MX,1895,132,44,128,10.48,12.03,10.28
hoodie,basic,7.0,standard,CN,1186,157,24,343,11.8,13.89,12.03
hoodie,mid,8.5,premium,US,987,193,21,131,22.05,27.25,22.82
hoodie,basic,7.0,standard,MX,1867,200,13,157,11.88,14.33,11.86
hoodie,basic,7.0,budget,US,1225,125,39,136,11.37,14.32,11.74
hoodie,mid,8.5,budget,CN,942,105,21,348,14.24,17.44,14.43
hoodie,mid,8.5,standard,US,1946,149,22,336,20.59,22.78,19.32
hoodie,basic,7.0,standard,CN,1326,184,42,39,11.58,14.11,11.36
hoodie,mid,8.5,standard,US,641,41,38,119,21.0,26.54,21.14
hoodie,basic,7.0,standard,US,919,67,27,343,13.55,15.78,13.65
hoodie,mid,8.5,standard,CN,553,130,32,91,18.71,18.76,17.48
hoodie,premium,10.0,budget,US,1540,144,40,205,26.79,29.86,25.51
hoodie,basic,7.0,standard,US,1333,200,41,189,12.58,15.8,13.01
hoodie,mid,8.5,standard,CN,616,56,8,365,17.17,18.68,16.57
hoodie,basic,7.0,standard,US,418,48,27,111,12.62,15.71,13.02
hoodie,premium,10.0,standard,CN,1900,200,36,294,28.59,28.53,26.51
hoodie,mid,8.5,standard,MX,138,12,15,99,20.6,24.63,19.49
hoodie,basic,7.0,standard,CN,995,113,32,215,12.65,12.99,11.78
hoodie,basic,7.0,budget,US,1377,110,13,231,11.77,12.14,11.15
hoodie,basic,7.0,standard,US,808,51,35,235,14.96,14.63,13.91
hoodie,basic,7.0,standard,CN,1508,200,43,112,11.06,11.93,11.04
hoodie,premium,10.0,standard,MX,1282,200,28,295,29.23,30.22,27.58
hoodie,premium,10.0,premium,US,1816,107,28,336,33.09,38.95,32.6
hoodie,mid,8.5,budget,CN,268,38,7,143,17.74,21.06,16.57
hoodie,basic,7.0,budget,CN,1449,107,29,271,9.81,10.22,9.31
hoodie,mid,8.5,budget,CN,1134,60,23,229,16.68,19.04,15.98
hoodie,basic,7.0,standard,CN,1841,200,41,335,11.69,12.16,11.1
hoodie,basic,7.0,standard,CN,784,131,23,35,11.95,14.49,11.8
hoodie,mid,8.5,standard,US,630,87,34,319,19.35,20.99,19.96
hoodie,mid,8.5,standard,CN,1234,145,24,94,18.84,19.53,17.47
hoodie,mid,8.5,standard,US,264,23,36,208,20.27,22.99,21.03
hoodie,mid,8.5,budget,CN,620,60,14,287,15.83,17.53,16.04
hoodie,mid,8.5,budget,US,972,200,16,94,18.54,22.07,18.11
hoodie,basic,7.0,budget,MX,484,33,12,103,11.22,11.4,10.71
hoodie,mid,8.5,budget,CN,1687,90,35,328,15.77,19.36,16.2
hoodie,premium,10.0,standard,US,1474,136,32,215,30.72,31.99,29.55
hoodie,basic,7.0,premium,MX,64,15,12,154,14.24,17.18,13.92
hoodie,basic,7.0,standard,US,1996,125,29,84,12.2,13.04,12.01
hoodie,mid,8.5,standard,US,1732,200,19,51,20.21,24.42,19.84
hoodie,basic,7.0,standard,CN,445,32,8,90,12.06,15.12,12.27
hoodie,mid,8.5,standard,CN,1238,108,37,100,18.04,19.17,17.38
hoodie,basic,7.0,standard,US,1358,200,16,316,13.23,13.23,12.5
hoodie,mid,8.5,standard,US,449,43,12,51,20.47,26.16,20.76
hoodie,mid,8.5,standard,CN,1089,115,36,267,17.97,19.19,17.99
hoodie,basic,7.0,standard,US,467,76,41,224,14.68,15.91,13.6
hoodie,mid,8.5,standard,MX,1402,102,7,328,16.69,19.2,17.45
hoodie,basic,7.0,premium,US,1391,200,9,231,14.59,15.94,14.24
hoodie,basic,7.0,standard,US,1099,88,18,100,13.38,15.9,12.49
hoodie,basic,7.0,standard,US,97,16,36,337,14.27,17.25,13.97
hoodie,mid,8.5,budget,US,573,43,19,245,19.38,22.85,18.6
hoodie,basic,7.0,premium,CN,1717,200,19,314,12.51,13.55,12.51
hoodie,basic,7.0,standard,US,1011,178,23,83,13.36,16.41,13.04
hoodie,mid,8.5,budget,US,1300,75,28,92,16.41,18.93,16.15
hoodie,basic,7.0,budget,US,839,98,44,115,12.39,12.8,12.05
hoodie,basic,7.0,standard,MX,1525,91,25,234,11.04,13.33,11.14
hoodie,premium,10.0,standard,CN,1005,167,10,292,25.69,29.45,26.0
hoodie,basic,7.0,budget,CN,272,62,37,185,10.24,11.52,10.04
hoodie,mid,8.5,standard,CN,207,36,33,134,17.66,18.95,18.04
hoodie,basic,7.0,premium,CN,754,141,17,324,13.63,14.0,12.69
hoodie,mid,8.5,standard,MX,1395,200,39,100,18.05,23.11,18.81
hoodie,mid,8.5,standard,CN,1755,132,21,131,17.62,19.42,18.06
hoodie,basic,7.0,standard,CN,610,45,26,203,11.84,14.5,11.69
hoodie,mid,8.5,budget,US,1037,150,20,163,17.79,19.88,16.66
hoodie,mid,8.5,standard,CN,1803,200,27,199,17.0,20.24,17.83
hoodie,mid,8.5,standard,CN,1427,139,7,45,16.63,20.39,16.87
hoodie,mid,8.5,standard,US,1902,153,39,84,21.23,24.22,20.63
hoodie,basic,7.0,standard,CN,674,36,26,69,11.22,13.75,10.91
hoodie,mid,8.5,standard,CN,131,30,9,218,18.61,21.33,17.97
hoodie,mid,8.5,premium,US,1476,150,21,326,22.69,28.48,22.85
hoodie,basic,7.0,premium,CN,1141,200,25,36,12.97,15.44,12.77
hoodie,mid,8.5,standard,CN,1292,131,19,149,18.45,20.75,17.39
hoodie,mid,8.5,standard,US,1081,86,39,231,22.25,28.03,22.43
hoodie,basic,7.0,standard,US,96,15,35,70,13.46,17.26,13.73
hoodie,basic,7.0,standard,MX,1967,200,42,347,11.84,13.17,11.94
